TransactionID,CustomerID,TransactionDate,ProductCategory,Amount,PaymentMethod,CustomerAge,Churned
TXN-10000,CUST-833,2023-01-01 00:00:00,Home & Kitchen,130.26,UPI,34.0,0
TXN-10001,CUST-712,2023-01-01 01:00:00,Clothing,200.53,Credit Card,18.0,0
TXN-10002,CUST-879,2023-01-01 02:00:00,Electronics,98.88,Debit Card,52.0,0
TXN-10003,CUST-663,2023-01-01 03:00:00,Beauty,137.29,UPI,60.0,0
TXN-10004,CUST-939,2023-01-01 04:00:00,Books,110.89,Credit Card,25.0,0
TXN-10005,CUST-879,2023-01-01 05:00:00,Books,21.54,UPI,52.0,0
TXN-10006,CUST-798,2023-01-01 06:00:00,Home & Kitchen,112.26,Debit Card,18.0,1
TXN-10007,CUST-228,2023-01-01 07:00:00,Electronics,82.54,PayPal,60.0,0
TXN-10008,CUST-574,2023-01-01 08:00:00,Beauty,117.33,Credit Card,52.0,1
TXN-10009,CUST-747,2023-01-01 09:00:00,Electronics,118.94,Debit Card,25.0,0
TXN-10010,CUST-665,2023-01-01 10:00:00,Books,135.41,Credit Card,18.0,0
TXN-10011,CUST-602,2023-01-01 11:00:00,Electronics,98.79,Credit Card,34.0,0
TXN-10012,CUST-708,2023-01-01 12:00:00,Beauty,103.8,PayPal,34.0,1
TXN-10013,CUST-915,2023-01-01 13:00:00,Home & Kitchen,148.03,PayPal,45.0,0
TXN-10014,CUST-212,2023-01-01 14:00:00,Clothing,87.64,UPI,52.0,0
TXN-10015,CUST-663,2023-01-01 15:00:00,Electronics,46.46,Debit Card,25.0,0
TXN-10016,CUST-127,2023-01-01 16:00:00,Clothing,126.28,Debit Card,52.0,1
TXN-10017,CUST-152,2023-01-01 17:00:00,Books,162.83,PayPal,18.0,1
TXN-10018,CUST-266,2023-01-01 18:00:00,Home & Kitchen,147.57,Credit Card,45.0,0
TXN-10019,CUST-535,2023-01-01 19:00:00,Home & Kitchen,127.02,UPI,25.0,0
TXN-10020,CUST-609,2023-01-01 20:00:00,Electronics,170.03,PayPal,52.0,1
TXN-10021,CUST-872,2023-01-01 21:00:00,Home & Kitchen,163.28,UPI,25.0,1
TXN-10022,CUST-956,2023-01-01 22:00:00,Electronics,106.76,UPI,18.0,0
TXN-10023,CUST-646,2023-01-01 23:00:00,Electronics,129.9,Debit Card,45.0,1
TXN-10024,CUST-714,2023-01-02 00:00:00,Clothing,131.62,UPI,25.0,0
TXN-10025,CUST-748,2023-01-02 01:00:00,Home & Kitchen,116.53,Debit Card,18.0,0
TXN-10026,CUST-915,2023-01-02 02:00:00,Electronics,165.37,Credit Card,34.0,0
TXN-10027,CUST-939,2023-01-02 03:00:00,Clothing,113.91,Credit Card,25.0,0
TXN-10028,CUST-895,2023-01-02 04:00:00,Beauty,99.99,PayPal,45.0,0
TXN-10029,CUST-162,2023-01-02 05:00:00,Clothing,16.34,Credit Card,,0
TXN-10030,CUST-506,2023-01-02 06:00:00,Clothing,88.07,Debit Card,60.0,0
TXN-10031,CUST-230,2023-01-02 07:00:00,Electronics,67.38,UPI,60.0,0
TXN-10032,CUST-256,2023-01-02 08:00:00,Books,118.38,UPI,25.0,0
TXN-10033,CUST-838,2023-01-02 09:00:00,Books,69.85,Credit Card,25.0,0
TXN-10034,CUST-287,2023-01-02 10:00:00,Books,144.35,Debit Card,18.0,1
TXN-10035,CUST-527,2023-01-02 11:00:00,Clothing,164.34,UPI,52.0,0
TXN-10036,CUST-891,2023-01-02 12:00:00,Electronics,118.75,Credit Card,60.0,0
TXN-10037,CUST-351,2023-01-02 13:00:00,Home & Kitchen,80.64,Debit Card,52.0,0
TXN-10038,CUST-609,2023-01-02 14:00:00,Clothing,131.46,Debit Card,60.0,1
TXN-10039,CUST-844,2023-01-02 15:00:00,Clothing,195.74,UPI,25.0,0
TXN-10040,CUST-152,2023-01-02 16:00:00,Electronics,183.3,PayPal,45.0,0
TXN-10041,CUST-915,2023-01-02 17:00:00,Beauty,63.76,PayPal,45.0,1
TXN-10042,CUST-673,2023-01-02 18:00:00,Clothing,62.27,Debit Card,,0
TXN-10043,CUST-640,2023-01-02 19:00:00,Beauty,52.02,Debit Card,60.0,0
TXN-10044,CUST-561,2023-01-02 20:00:00,Beauty,74.52,Credit Card,60.0,0
TXN-10045,CUST-895,2023-01-02 21:00:00,Books,130.06,Debit Card,18.0,0
TXN-10046,CUST-866,2023-01-02 22:00:00,Electronics,97.73,Credit Card,25.0,0
TXN-10047,CUST-838,2023-01-02 23:00:00,Beauty,86.45,Credit Card,25.0,1
TXN-10048,CUST-445,2023-01-03 00:00:00,Electronics,161.56,Credit Card,,0
TXN-10049,CUST-393,2023-01-03 01:00:00,Books,141.2,Debit Card,52.0,1
TXN-10050,CUST-829,2023-01-03 02:00:00,Electronics,51.81,Debit Card,18.0,0
TXN-10051,CUST-491,2023-01-03 03:00:00,Clothing,159.27,Credit Card,34.0,0
TXN-10052,CUST-135,2023-01-03 04:00:00,Beauty,140.24,UPI,45.0,0
TXN-10053,CUST-228,2023-01-03 05:00:00,Electronics,141.13,Debit Card,45.0,0
TXN-10054,CUST-413,2023-01-03 06:00:00,Home & Kitchen,97.18,PayPal,25.0,0
TXN-10055,CUST-957,2023-01-03 07:00:00,Electronics,112.51,UPI,,1
TXN-10056,CUST-408,2023-01-03 08:00:00,Beauty,41.09,PayPal,18.0,0
TXN-10057,CUST-333,2023-01-03 09:00:00,Books,154.68,Debit Card,34.0,0
TXN-10058,CUST-971,2023-01-03 10:00:00,Books,80.04,UPI,45.0,0
TXN-10059,CUST-660,2023-01-03 11:00:00,Beauty,85.17,Debit Card,18.0,0
TXN-10060,CUST-809,2023-01-03 12:00:00,Clothing,84.63,Debit Card,34.0,1
TXN-10061,CUST-343,2023-01-03 13:00:00,Clothing,192.02,UPI,60.0,0
TXN-10062,CUST-101,2023-01-03 14:00:00,Books,93.25,Debit Card,25.0,0
TXN-10063,CUST-538,2023-01-03 15:00:00,Books,157.69,UPI,52.0,0
TXN-10064,CUST-905,2023-01-03 16:00:00,Beauty,119.04,Debit Card,45.0,0
TXN-10065,CUST-727,2023-01-03 17:00:00,Clothing,86.84,Credit Card,45.0,0
TXN-10066,CUST-829,2023-01-03 18:00:00,Books,79.58,PayPal,34.0,0
TXN-10067,CUST-222,2023-01-03 19:00:00,Clothing,94.85,Credit Card,52.0,1
TXN-10068,CUST-369,2023-01-03 20:00:00,Books,117.02,Debit Card,60.0,1
TXN-10069,CUST-302,2023-01-03 21:00:00,Electronics,144.07,Debit Card,18.0,0
TXN-10070,CUST-939,2023-01-03 22:00:00,Home & Kitchen,101.16,Debit Card,25.0,0
TXN-10071,CUST-370,2023-01-03 23:00:00,Electronics,99.66,Credit Card,18.0,0
TXN-10072,CUST-352,2023-01-04 00:00:00,Books,84.75,Debit Card,34.0,0
TXN-10073,CUST-754,2023-01-04 01:00:00,Home & Kitchen,72.24,UPI,45.0,1
TXN-10074,CUST-975,2023-01-04 02:00:00,Home & Kitchen,68.89,PayPal,60.0,1
TXN-10075,CUST-199,2023-01-04 03:00:00,Books,159.52,Debit Card,45.0,0
TXN-10076,CUST-894,2023-01-04 04:00:00,Books,98.85,Debit Card,18.0,0
TXN-10077,CUST-289,2023-01-04 05:00:00,Clothing,102.39,PayPal,60.0,0
TXN-10078,CUST-971,2023-01-04 06:00:00,Books,93.34,PayPal,,0
TXN-10079,CUST-289,2023-01-04 07:00:00,Beauty,107.33,PayPal,25.0,0
TXN-10080,CUST-171,2023-01-04 08:00:00,Books,134.84,Credit Card,34.0,1
TXN-10081,CUST-915,2023-01-04 09:00:00,Beauty,100.52,Credit Card,25.0,0
TXN-10082,CUST-748,2023-01-04 10:00:00,Books,127.23,Debit Card,34.0,0
TXN-10083,CUST-956,2023-01-04 11:00:00,Clothing,176.73,PayPal,25.0,0
TXN-10084,CUST-515,2023-01-04 12:00:00,Beauty,87.21,Debit Card,,0
TXN-10085,CUST-674,2023-01-04 13:00:00,Electronics,102.42,Debit Card,18.0,0
TXN-10086,CUST-261,2023-01-04 14:00:00,Beauty,145.64,Debit Card,52.0,1
TXN-10087,CUST-915,2023-01-04 15:00:00,Clothing,179.89,Credit Card,60.0,1
TXN-10088,CUST-584,2023-01-04 16:00:00,Beauty,70.31,PayPal,34.0,1
TXN-10089,CUST-287,2023-01-04 17:00:00,Books,51.97,Debit Card,18.0,0
TXN-10090,CUST-848,2023-01-04 18:00:00,Books,119.98,Credit Card,45.0,0
TXN-10091,CUST-367,2023-01-04 19:00:00,Clothing,115.84,UPI,45.0,1
TXN-10092,CUST-838,2023-01-04 20:00:00,Home & Kitchen,148.01,UPI,25.0,0
TXN-10093,CUST-485,2023-01-04 21:00:00,Books,141.9,Debit Card,45.0,1
TXN-10094,CUST-228,2023-01-04 22:00:00,Electronics,118.64,Debit Card,52.0,1
TXN-10095,CUST-971,2023-01-04 23:00:00,Clothing,161.97,PayPal,34.0,0
TXN-10096,CUST-346,2023-01-05 00:00:00,Beauty,92.76,PayPal,25.0,0
TXN-10097,CUST-476,2023-01-05 01:00:00,Beauty,128.46,Debit Card,34.0,0
TXN-10098,CUST-230,2023-01-05 02:00:00,Electronics,71.37,Credit Card,34.0,0
TXN-10099,CUST-120,2023-01-05 03:00:00,Books,118.31,Debit Card,,0
TXN-10100,CUST-306,2023-01-05 04:00:00,Clothing,61.55,PayPal,18.0,1
TXN-10101,CUST-515,2023-01-05 05:00:00,Electronics,75.37,PayPal,45.0,1
TXN-10102,CUST-316,2023-01-05 06:00:00,Books,188.38,Credit Card,60.0,0
TXN-10103,CUST-866,2023-01-05 07:00:00,Clothing,47.02,Debit Card,34.0,0
TXN-10104,CUST-602,2023-01-05 08:00:00,Beauty,111.33,PayPal,52.0,0
TXN-10105,CUST-443,2023-01-05 09:00:00,Clothing,153.09,Debit Card,,0
TXN-10106,CUST-904,2023-01-05 10:00:00,Home & Kitchen,208.85,PayPal,52.0,0
TXN-10107,CUST-737,2023-01-05 11:00:00,Clothing,127.08,UPI,60.0,0
TXN-10108,CUST-351,2023-01-05 12:00:00,Home & Kitchen,129.37,UPI,45.0,0
TXN-10109,CUST-300,2023-01-05 13:00:00,Clothing,121.59,UPI,45.0,0
TXN-10110,CUST-332,2023-01-05 14:00:00,Home & Kitchen,162.29,PayPal,25.0,0
TXN-10111,CUST-957,2023-01-05 15:00:00,Beauty,137.27,Credit Card,25.0,0
TXN-10112,CUST-574,2023-01-05 16:00:00,Books,97.0,UPI,25.0,0
TXN-10113,CUST-497,2023-01-05 17:00:00,Home & Kitchen,164.62,PayPal,45.0,0
TXN-10114,CUST-791,2023-01-05 18:00:00,Home & Kitchen,101.51,Debit Card,34.0,0
TXN-10115,CUST-513,2023-01-05 19:00:00,Beauty,56.06,UPI,18.0,1
TXN-10116,CUST-430,2023-01-05 20:00:00,Home & Kitchen,56.19,Credit Card,60.0,0
TXN-10117,CUST-847,2023-01-05 21:00:00,Electronics,111.96,Credit Card,,0
TXN-10118,CUST-492,2023-01-05 22:00:00,Beauty,124.12,Credit Card,60.0,0
TXN-10119,CUST-230,2023-01-05 23:00:00,Electronics,158.23,Debit Card,60.0,0
TXN-10120,CUST-101,2023-01-06 00:00:00,Beauty,145.63,Debit Card,25.0,0
TXN-10121,CUST-330,2023-01-06 01:00:00,Home & Kitchen,123.19,Credit Card,18.0,1
TXN-10122,CUST-140,2023-01-06 02:00:00,Electronics,160.46,Credit Card,52.0,0
TXN-10123,CUST-501,2023-01-06 03:00:00,Home & Kitchen,120.51,Credit Card,45.0,0
TXN-10124,CUST-866,2023-01-06 04:00:00,Beauty,68.38,Debit Card,52.0,0
TXN-10125,CUST-739,2023-01-06 05:00:00,Home & Kitchen,59.66,Debit Card,25.0,1
TXN-10126,CUST-343,2023-01-06 06:00:00,Electronics,171.15,PayPal,34.0,1
TXN-10127,CUST-673,2023-01-06 07:00:00,Electronics,30.19,UPI,,0
TXN-10128,CUST-195,2023-01-06 08:00:00,Home & Kitchen,111.97,Debit Card,,0
TXN-10129,CUST-700,2023-01-06 09:00:00,Clothing,239.27,Credit Card,25.0,0
TXN-10130,CUST-330,2023-01-06 10:00:00,Beauty,138.37,UPI,18.0,0
TXN-10131,CUST-938,2023-01-06 11:00:00,Beauty,111.66,Debit Card,,0
TXN-10132,CUST-147,2023-01-06 12:00:00,Home & Kitchen,52.62,UPI,25.0,0
TXN-10133,CUST-120,2023-01-06 13:00:00,Clothing,184.69,PayPal,60.0,0
TXN-10134,CUST-790,2023-01-06 14:00:00,Electronics,168.55,Debit Card,34.0,1
TXN-10135,CUST-497,2023-01-06 15:00:00,Books,147.39,Credit Card,34.0,1
TXN-10136,CUST-484,2023-01-06 16:00:00,Books,119.98,Credit Card,45.0,0
TXN-10137,CUST-230,2023-01-06 17:00:00,Home & Kitchen,142.88,PayPal,45.0,0
TXN-10138,CUST-555,2023-01-06 18:00:00,Clothing,114.06,PayPal,60.0,0
TXN-10139,CUST-101,2023-01-06 19:00:00,Clothing,81.07,PayPal,34.0,0
TXN-10140,CUST-604,2023-01-06 20:00:00,Beauty,158.25,PayPal,60.0,1
TXN-10141,CUST-266,2023-01-06 21:00:00,Electronics,117.97,PayPal,34.0,0
TXN-10142,CUST-819,2023-01-06 22:00:00,Clothing,140.88,Debit Card,18.0,0
TXN-10143,CUST-206,2023-01-06 23:00:00,Books,115.16,Debit Card,25.0,0
TXN-10144,CUST-826,2023-01-07 00:00:00,Electronics,138.47,UPI,45.0,0
TXN-10145,CUST-624,2023-01-07 01:00:00,Electronics,119.42,PayPal,18.0,0
TXN-10146,CUST-798,2023-01-07 02:00:00,Home & Kitchen,116.3,Credit Card,,1
TXN-10147,CUST-786,2023-01-07 03:00:00,Clothing,121.2,Credit Card,25.0,1
TXN-10148,CUST-127,2023-01-07 04:00:00,Home & Kitchen,238.43,PayPal,45.0,0
TXN-10149,CUST-835,2023-01-07 05:00:00,Clothing,152.1,PayPal,,1
TXN-10150,CUST-956,2023-01-07 06:00:00,Beauty,223.44,PayPal,60.0,1
TXN-10151,CUST-395,2023-01-07 07:00:00,Home & Kitchen,119.68,PayPal,,0
TXN-10152,CUST-971,2023-01-07 08:00:00,Home & Kitchen,107.64,PayPal,18.0,0
TXN-10153,CUST-939,2023-01-07 09:00:00,Books,77.03,Credit Card,52.0,0
TXN-10154,CUST-234,2023-01-07 10:00:00,Home & Kitchen,184.13,UPI,,0
TXN-10155,CUST-256,2023-01-07 11:00:00,Clothing,83.79,PayPal,52.0,0
TXN-10156,CUST-152,2023-01-07 12:00:00,Books,192.38,PayPal,45.0,0
TXN-10157,CUST-501,2023-01-07 13:00:00,Home & Kitchen,79.35,PayPal,18.0,0
TXN-10158,CUST-120,2023-01-07 14:00:00,Home & Kitchen,155.47,Debit Card,,0
TXN-10159,CUST-458,2023-01-07 15:00:00,Beauty,56.36,Credit Card,25.0,0
TXN-10160,CUST-479,2023-01-07 16:00:00,Home & Kitchen,102.32,Credit Card,,0
TXN-10161,CUST-809,2023-01-07 17:00:00,Electronics,120.88,UPI,25.0,0
TXN-10162,CUST-443,2023-01-07 18:00:00,Books,96.1,Debit Card,18.0,0
TXN-10163,CUST-747,2023-01-07 19:00:00,Electronics,113.23,Debit Card,52.0,0
TXN-10164,CUST-120,2023-01-07 20:00:00,Books,113.42,Debit Card,18.0,0
TXN-10165,CUST-912,2023-01-07 21:00:00,Beauty,152.28,UPI,52.0,1
TXN-10166,CUST-202,2023-01-07 22:00:00,Home & Kitchen,36.53,UPI,52.0,0
TXN-10167,CUST-783,2023-01-07 23:00:00,Home & Kitchen,97.48,UPI,60.0,0
TXN-10168,CUST-379,2023-01-08 00:00:00,Home & Kitchen,170.19,Debit Card,60.0,0
TXN-10169,CUST-301,2023-01-08 01:00:00,Books,142.5,Credit Card,25.0,0
TXN-10170,CUST-620,2023-01-08 02:00:00,Home & Kitchen,170.85,Debit Card,45.0,0
TXN-10171,CUST-592,2023-01-08 03:00:00,Electronics,150.35,UPI,34.0,0
TXN-10172,CUST-662,2023-01-08 04:00:00,Home & Kitchen,76.66,Debit Card,18.0,1
TXN-10173,CUST-921,2023-01-08 05:00:00,Beauty,146.44,PayPal,52.0,0
TXN-10174,CUST-918,2023-01-08 06:00:00,Electronics,124.01,Debit Card,18.0,0
TXN-10175,CUST-502,2023-01-08 07:00:00,Home & Kitchen,210.72,Debit Card,45.0,0
TXN-10176,CUST-506,2023-01-08 08:00:00,Home & Kitchen,152.09,Credit Card,45.0,0
TXN-10177,CUST-754,2023-01-08 09:00:00,Clothing,140.93,Credit Card,34.0,0
TXN-10178,CUST-664,2023-01-08 10:00:00,Books,146.78,Credit Card,,0
TXN-10179,CUST-771,2023-01-08 11:00:00,Electronics,138.75,PayPal,34.0,1
TXN-10180,CUST-791,2023-01-08 12:00:00,Clothing,137.67,Credit Card,52.0,1
TXN-10181,CUST-608,2023-01-08 13:00:00,Beauty,109.35,PayPal,60.0,0
TXN-10182,CUST-827,2023-01-08 14:00:00,Books,141.42,UPI,,0
TXN-10183,CUST-127,2023-01-08 15:00:00,Electronics,157.94,Credit Card,34.0,1
TXN-10184,CUST-665,2023-01-08 16:00:00,Home & Kitchen,162.41,Debit Card,60.0,0
TXN-10185,CUST-663,2023-01-08 17:00:00,Electronics,157.56,Debit Card,,1
TXN-10186,CUST-283,2023-01-08 18:00:00,Home & Kitchen,180.32,PayPal,60.0,0
TXN-10187,CUST-289,2023-01-08 19:00:00,Books,164.92,Credit Card,52.0,1
TXN-10188,CUST-664,2023-01-08 20:00:00,Home & Kitchen,145.14,Debit Card,25.0,1
TXN-10189,CUST-786,2023-01-08 21:00:00,Beauty,74.25,UPI,60.0,0
TXN-10190,CUST-655,2023-01-08 22:00:00,Home & Kitchen,74.27,Credit Card,52.0,0
TXN-10191,CUST-333,2023-01-08 23:00:00,Beauty,110.07,UPI,34.0,0
TXN-10192,CUST-781,2023-01-09 00:00:00,Books,121.87,Debit Card,18.0,0
TXN-10193,CUST-572,2023-01-09 01:00:00,Books,175.92,Credit Card,34.0,0
TXN-10194,CUST-574,2023-01-09 02:00:00,Electronics,8.81,PayPal,45.0,0
TXN-10195,CUST-370,2023-01-09 03:00:00,Beauty,78.67,Debit Card,34.0,0
TXN-10196,CUST-393,2023-01-09 04:00:00,Beauty,112.23,UPI,25.0,0
TXN-10197,CUST-609,2023-01-09 05:00:00,Clothing,80.13,Credit Card,52.0,0
TXN-10198,CUST-484,2023-01-09 06:00:00,Clothing,88.08,UPI,60.0,0
TXN-10199,CUST-869,2023-01-09 07:00:00,Clothing,100.03,UPI,45.0,1
TXN-10200,CUST-596,2023-01-09 08:00:00,Home & Kitchen,82.17,PayPal,52.0,0
TXN-10201,CUST-221,2023-01-09 09:00:00,Clothing,89.1,PayPal,52.0,0
TXN-10202,CUST-332,2023-01-09 10:00:00,Beauty,174.53,Debit Card,60.0,0
TXN-10203,CUST-370,2023-01-09 11:00:00,Home & Kitchen,144.57,PayPal,,0
TXN-10204,CUST-379,2023-01-09 12:00:00,Books,150.56,PayPal,34.0,0
TXN-10205,CUST-790,2023-01-09 13:00:00,Electronics,118.64,Debit Card,18.0,0
TXN-10206,CUST-476,2023-01-09 14:00:00,Clothing,160.44,Debit Card,,1
TXN-10207,CUST-596,2023-01-09 15:00:00,Books,153.91,Debit Card,45.0,0
TXN-10208,CUST-939,2023-01-09 16:00:00,Beauty,143.94,Debit Card,60.0,1
TXN-10209,CUST-301,2023-01-09 17:00:00,Electronics,93.83,UPI,25.0,0
TXN-10210,CUST-486,2023-01-09 18:00:00,Books,102.32,UPI,25.0,0
TXN-10211,CUST-370,2023-01-09 19:00:00,Electronics,162.33,Debit Card,18.0,0
TXN-10212,CUST-472,2023-01-09 20:00:00,Clothing,99.33,Debit Card,18.0,1
TXN-10213,CUST-515,2023-01-09 21:00:00,Beauty,68.46,Credit Card,34.0,0
TXN-10214,CUST-791,2023-01-09 22:00:00,Electronics,98.56,Credit Card,25.0,1
TXN-10215,CUST-212,2023-01-09 23:00:00,Books,182.38,Credit Card,45.0,0
TXN-10216,CUST-646,2023-01-10 00:00:00,Clothing,98.6,PayPal,60.0,0
TXN-10217,CUST-506,2023-01-10 01:00:00,Clothing,133.11,UPI,18.0,0
TXN-10218,CUST-991,2023-01-10 02:00:00,Books,95.37,UPI,18.0,0
TXN-10219,CUST-561,2023-01-10 03:00:00,Books,150.54,Credit Card,18.0,0
TXN-10220,CUST-413,2023-01-10 04:00:00,Electronics,141.47,Credit Card,60.0,0
TXN-10221,CUST-560,2023-01-10 05:00:00,Home & Kitchen,60.35,UPI,45.0,0
TXN-10222,CUST-555,2023-01-10 06:00:00,Clothing,130.72,PayPal,25.0,0
TXN-10223,CUST-954,2023-01-10 07:00:00,Electronics,52.7,Credit Card,,0
TXN-10224,CUST-113,2023-01-10 08:00:00,Books,97.84,Debit Card,45.0,0
TXN-10225,CUST-602,2023-01-10 09:00:00,Electronics,119.54,Credit Card,60.0,0
TXN-10226,CUST-575,2023-01-10 10:00:00,Books,193.87,UPI,45.0,0
TXN-10227,CUST-799,2023-01-10 11:00:00,Beauty,132.72,UPI,34.0,1
TXN-10228,CUST-283,2023-01-10 12:00:00,Books,89.32,Credit Card,,1
TXN-10229,CUST-314,2023-01-10 13:00:00,Books,107.31,Credit Card,60.0,0
TXN-10230,CUST-261,2023-01-10 14:00:00,Books,156.97,Debit Card,,0
TXN-10231,CUST-367,2023-01-10 15:00:00,Home & Kitchen,89.86,Debit Card,,0
TXN-10232,CUST-473,2023-01-10 16:00:00,Books,163.88,PayPal,18.0,1
TXN-10233,CUST-352,2023-01-10 17:00:00,Clothing,99.08,PayPal,25.0,1
TXN-10234,CUST-739,2023-01-10 18:00:00,Clothing,83.39,Debit Card,,0
TXN-10235,CUST-576,2023-01-10 19:00:00,Electronics,100.36,PayPal,34.0,1
TXN-10236,CUST-101,2023-01-10 20:00:00,Home & Kitchen,55.35,PayPal,34.0,0
TXN-10237,CUST-829,2023-01-10 21:00:00,Electronics,33.1,Credit Card,60.0,0
TXN-10238,CUST-576,2023-01-10 22:00:00,Clothing,116.7,Debit Card,52.0,1
TXN-10239,CUST-863,2023-01-10 23:00:00,Clothing,117.31,Credit Card,18.0,1
TXN-10240,CUST-801,2023-01-11 00:00:00,Beauty,130.26,Credit Card,25.0,1
TXN-10241,CUST-624,2023-01-11 01:00:00,Books,116.5,PayPal,25.0,0
TXN-10242,CUST-316,2023-01-11 02:00:00,Clothing,213.17,Credit Card,25.0,0
TXN-10243,CUST-527,2023-01-11 03:00:00,Electronics,126.74,UPI,60.0,1
TXN-10244,CUST-447,2023-01-11 04:00:00,Electronics,64.94,PayPal,18.0,0
TXN-10245,CUST-829,2023-01-11 05:00:00,Books,75.2,UPI,,0
TXN-10246,CUST-929,2023-01-11 06:00:00,Books,120.01,PayPal,,0
TXN-10247,CUST-742,2023-01-11 07:00:00,Beauty,102.58,Credit Card,60.0,1
TXN-10248,CUST-754,2023-01-11 08:00:00,Home & Kitchen,70.86,PayPal,25.0,1
TXN-10249,CUST-844,2023-01-11 09:00:00,Electronics,117.65,UPI,,0
TXN-10250,CUST-653,2023-01-11 10:00:00,Books,118.23,PayPal,45.0,0
TXN-10251,CUST-915,2023-01-11 11:00:00,Electronics,183.83,UPI,45.0,0
TXN-10252,CUST-847,2023-01-11 12:00:00,Books,83.36,Debit Card,18.0,0
TXN-10253,CUST-301,2023-01-11 13:00:00,Clothing,103.29,Credit Card,25.0,0
TXN-10254,CUST-506,2023-01-11 14:00:00,Electronics,183.7,UPI,60.0,0
TXN-10255,CUST-602,2023-01-11 15:00:00,Clothing,133.14,Debit Card,52.0,1
TXN-10256,CUST-330,2023-01-11 16:00:00,Electronics,83.12,Credit Card,52.0,1
TXN-10257,CUST-382,2023-01-11 17:00:00,Home & Kitchen,91.41,Debit Card,52.0,0
TXN-10258,CUST-956,2023-01-11 18:00:00,Beauty,71.43,UPI,45.0,1
TXN-10259,CUST-954,2023-01-11 19:00:00,Clothing,123.09,Credit Card,60.0,0
TXN-10260,CUST-842,2023-01-11 20:00:00,Books,161.25,Debit Card,52.0,0
TXN-10261,CUST-430,2023-01-11 21:00:00,Home & Kitchen,185.24,UPI,25.0,1
TXN-10262,CUST-809,2023-01-11 22:00:00,Electronics,60.55,Debit Card,25.0,0
TXN-10263,CUST-447,2023-01-11 23:00:00,Clothing,154.76,Credit Card,52.0,1
TXN-10264,CUST-222,2023-01-12 00:00:00,Electronics,126.57,Credit Card,34.0,0
TXN-10265,CUST-737,2023-01-12 01:00:00,Electronics,109.52,Credit Card,52.0,1
TXN-10266,CUST-487,2023-01-12 02:00:00,Electronics,103.31,UPI,34.0,0
TXN-10267,CUST-101,2023-01-12 03:00:00,Beauty,43.16,Debit Card,18.0,0
TXN-10268,CUST-447,2023-01-12 04:00:00,Beauty,145.52,Debit Card,18.0,0
TXN-10269,CUST-833,2023-01-12 05:00:00,Books,67.25,UPI,25.0,0
TXN-10270,CUST-763,2023-01-12 06:00:00,Clothing,90.07,Credit Card,60.0,0
TXN-10271,CUST-653,2023-01-12 07:00:00,Home & Kitchen,136.72,PayPal,45.0,0
TXN-10272,CUST-370,2023-01-12 08:00:00,Home & Kitchen,47.33,Credit Card,60.0,1
TXN-10273,CUST-748,2023-01-12 09:00:00,Home & Kitchen,67.17,PayPal,25.0,1
TXN-10274,CUST-608,2023-01-12 10:00:00,Electronics,168.75,Credit Card,25.0,1
TXN-10275,CUST-741,2023-01-12 11:00:00,Beauty,124.88,UPI,60.0,1
TXN-10276,CUST-302,2023-01-12 12:00:00,Clothing,93.51,PayPal,45.0,1
TXN-10277,CUST-673,2023-01-12 13:00:00,Electronics,125.04,UPI,25.0,0
TXN-10278,CUST-476,2023-01-12 14:00:00,Beauty,146.78,PayPal,,1
TXN-10279,CUST-931,2023-01-12 15:00:00,Beauty,164.99,Debit Card,,1
TXN-10280,CUST-127,2023-01-12 16:00:00,Clothing,75.5,PayPal,45.0,0
TXN-10281,CUST-664,2023-01-12 17:00:00,Clothing,79.01,PayPal,25.0,0
TXN-10282,CUST-915,2023-01-12 18:00:00,Clothing,144.33,PayPal,,0
TXN-10283,CUST-591,2023-01-12 19:00:00,Electronics,145.62,Debit Card,18.0,1
TXN-10284,CUST-604,2023-01-12 20:00:00,Books,66.24,UPI,34.0,0
TXN-10285,CUST-602,2023-01-12 21:00:00,Clothing,80.51,Debit Card,25.0,1
TXN-10286,CUST-127,2023-01-12 22:00:00,Books,112.25,PayPal,34.0,0
TXN-10287,CUST-746,2023-01-12 23:00:00,Electronics,120.94,Credit Card,52.0,0
TXN-10288,CUST-574,2023-01-13 00:00:00,Books,122.08,Debit Card,,1
TXN-10289,CUST-848,2023-01-13 01:00:00,Home & Kitchen,65.63,Credit Card,25.0,0
TXN-10290,CUST-674,2023-01-13 02:00:00,Books,121.67,Debit Card,18.0,0
TXN-10291,CUST-781,2023-01-13 03:00:00,Clothing,91.31,Debit Card,45.0,0
TXN-10292,CUST-195,2023-01-13 04:00:00,Electronics,73.35,PayPal,18.0,1
TXN-10293,CUST-476,2023-01-13 05:00:00,Clothing,119.56,UPI,34.0,0
TXN-10294,CUST-912,2023-01-13 06:00:00,Home & Kitchen,115.48,UPI,45.0,0
TXN-10295,CUST-598,2023-01-13 07:00:00,Clothing,152.07,PayPal,18.0,0
TXN-10296,CUST-561,2023-01-13 08:00:00,Clothing,85.56,Debit Card,18.0,0
TXN-10297,CUST-739,2023-01-13 09:00:00,Clothing,129.41,UPI,18.0,0
TXN-10298,CUST-324,2023-01-13 10:00:00,Beauty,57.25,UPI,60.0,1
TXN-10299,CUST-776,2023-01-13 11:00:00,Home & Kitchen,109.01,UPI,45.0,0
TXN-10300,CUST-300,2023-01-13 12:00:00,Clothing,138.55,PayPal,18.0,1
TXN-10301,CUST-783,2023-01-13 13:00:00,Clothing,141.92,Credit Card,,0
TXN-10302,CUST-608,2023-01-13 14:00:00,Clothing,142.19,Credit Card,,0
TXN-10303,CUST-714,2023-01-13 15:00:00,Electronics,152.18,Credit Card,18.0,1
TXN-10304,CUST-554,2023-01-13 16:00:00,Beauty,102.17,Credit Card,34.0,0
TXN-10305,CUST-367,2023-01-13 17:00:00,Electronics,139.83,Credit Card,18.0,0
TXN-10306,CUST-809,2023-01-13 18:00:00,Beauty,194.75,UPI,,1
TXN-10307,CUST-800,2023-01-13 19:00:00,Clothing,101.31,UPI,18.0,0
TXN-10308,CUST-306,2023-01-13 20:00:00,Home & Kitchen,175.21,Debit Card,52.0,1
TXN-10309,CUST-589,2023-01-13 21:00:00,Books,155.06,UPI,45.0,0
TXN-10310,CUST-602,2023-01-13 22:00:00,Books,109.35,PayPal,52.0,0
TXN-10311,CUST-497,2023-01-13 23:00:00,Clothing,112.68,Debit Card,60.0,1
TXN-10312,CUST-538,2023-01-14 00:00:00,Electronics,124.74,UPI,34.0,0
TXN-10313,CUST-912,2023-01-14 01:00:00,Home & Kitchen,152.81,Debit Card,52.0,0
TXN-10314,CUST-640,2023-01-14 02:00:00,Beauty,136.11,Debit Card,60.0,0
TXN-10315,CUST-206,2023-01-14 03:00:00,Clothing,101.0,Credit Card,25.0,0
TXN-10316,CUST-291,2023-01-14 04:00:00,Home & Kitchen,36.72,Debit Card,45.0,0
TXN-10317,CUST-868,2023-01-14 05:00:00,Home & Kitchen,146.89,UPI,18.0,0
TXN-10318,CUST-774,2023-01-14 06:00:00,Beauty,42.7,Credit Card,52.0,0
TXN-10319,CUST-234,2023-01-14 07:00:00,Home & Kitchen,65.36,UPI,52.0,0
TXN-10320,CUST-447,2023-01-14 08:00:00,Electronics,103.9,Credit Card,18.0,0
TXN-10321,CUST-238,2023-01-14 09:00:00,Electronics,71.44,UPI,18.0,0
TXN-10322,CUST-983,2023-01-14 10:00:00,Electronics,132.7,Credit Card,34.0,0
TXN-10323,CUST-997,2023-01-14 11:00:00,Home & Kitchen,108.15,Credit Card,52.0,0
TXN-10324,CUST-663,2023-01-14 12:00:00,Electronics,151.41,PayPal,52.0,1
TXN-10325,CUST-152,2023-01-14 13:00:00,Beauty,55.69,UPI,,0
TXN-10326,CUST-963,2023-01-14 14:00:00,Home & Kitchen,93.52,Debit Card,25.0,0
TXN-10327,CUST-317,2023-01-14 15:00:00,Books,120.17,Credit Card,,0
TXN-10328,CUST-802,2023-01-14 16:00:00,Home & Kitchen,121.71,UPI,60.0,0
TXN-10329,CUST-895,2023-01-14 17:00:00,Beauty,147.76,Credit Card,25.0,0
TXN-10330,CUST-763,2023-01-14 18:00:00,Books,83.42,PayPal,,1
TXN-10331,CUST-574,2023-01-14 19:00:00,Home & Kitchen,101.28,PayPal,52.0,0
TXN-10332,CUST-620,2023-01-14 20:00:00,Electronics,140.29,PayPal,25.0,0
TXN-10333,CUST-492,2023-01-14 21:00:00,Clothing,32.06,PayPal,52.0,0
TXN-10334,CUST-589,2023-01-14 22:00:00,Clothing,135.4,Debit Card,45.0,0
TXN-10335,CUST-473,2023-01-14 23:00:00,Electronics,150.56,Debit Card,34.0,0
TXN-10336,CUST-289,2023-01-15 00:00:00,Clothing,66.65,Credit Card,25.0,0
TXN-10337,CUST-620,2023-01-15 01:00:00,Clothing,107.4,UPI,52.0,1
TXN-10338,CUST-120,2023-01-15 02:00:00,Electronics,179.71,PayPal,25.0,0
TXN-10339,CUST-879,2023-01-15 03:00:00,Electronics,146.39,PayPal,60.0,0
TXN-10340,CUST-202,2023-01-15 04:00:00,Home & Kitchen,137.88,Debit Card,34.0,0
TXN-10341,CUST-330,2023-01-15 05:00:00,Home & Kitchen,159.64,Debit Card,45.0,0
TXN-10342,CUST-848,2023-01-15 06:00:00,Electronics,192.18,PayPal,18.0,0
TXN-10343,CUST-479,2023-01-15 07:00:00,Beauty,120.74,UPI,18.0,1
TXN-10344,CUST-692,2023-01-15 08:00:00,Clothing,103.71,Credit Card,25.0,0
TXN-10345,CUST-120,2023-01-15 09:00:00,Home & Kitchen,159.54,Credit Card,52.0,0
TXN-10346,CUST-799,2023-01-15 10:00:00,Clothing,112.5,Credit Card,60.0,0
TXN-10347,CUST-492,2023-01-15 11:00:00,Books,82.88,Credit Card,34.0,0
TXN-10348,CUST-646,2023-01-15 12:00:00,Electronics,98.4,UPI,45.0,0
TXN-10349,CUST-492,2023-01-15 13:00:00,Beauty,132.49,UPI,45.0,1
TXN-10350,CUST-132,2023-01-15 14:00:00,Books,102.02,UPI,,0
TXN-10351,CUST-180,2023-01-15 15:00:00,Books,105.0,Debit Card,45.0,0
TXN-10352,CUST-897,2023-01-15 16:00:00,Books,78.91,PayPal,18.0,0
TXN-10353,CUST-677,2023-01-15 17:00:00,Electronics,177.41,UPI,34.0,0
TXN-10354,CUST-663,2023-01-15 18:00:00,Home & Kitchen,106.29,Credit Card,,0
TXN-10355,CUST-458,2023-01-15 19:00:00,Electronics,91.54,UPI,18.0,0
TXN-10356,CUST-742,2023-01-15 20:00:00,Home & Kitchen,95.8,PayPal,25.0,0
TXN-10357,CUST-844,2023-01-15 21:00:00,Books,152.1,Debit Card,45.0,0
TXN-10358,CUST-939,2023-01-15 22:00:00,Books,142.93,Credit Card,34.0,0
TXN-10359,CUST-230,2023-01-15 23:00:00,Beauty,99.93,Debit Card,45.0,0
TXN-10360,CUST-786,2023-01-16 00:00:00,Home & Kitchen,121.29,UPI,18.0,0
TXN-10361,CUST-748,2023-01-16 01:00:00,Books,131.07,Credit Card,18.0,0
TXN-10362,CUST-558,2023-01-16 02:00:00,Clothing,91.84,Credit Card,18.0,0
TXN-10363,CUST-140,2023-01-16 03:00:00,Beauty,58.38,UPI,45.0,0
TXN-10364,CUST-202,2023-01-16 04:00:00,Electronics,140.6,UPI,34.0,1
TXN-10365,CUST-230,2023-01-16 05:00:00,Beauty,94.05,PayPal,34.0,0
TXN-10366,CUST-712,2023-01-16 06:00:00,Clothing,137.61,UPI,25.0,0
TXN-10367,CUST-127,2023-01-16 07:00:00,Home & Kitchen,132.84,UPI,45.0,0
TXN-10368,CUST-314,2023-01-16 08:00:00,Electronics,122.23,UPI,25.0,0
TXN-10369,CUST-382,2023-01-16 09:00:00,Electronics,102.95,Credit Card,60.0,1
TXN-10370,CUST-502,2023-01-16 10:00:00,Home & Kitchen,94.64,PayPal,25.0,0
TXN-10371,CUST-198,2023-01-16 11:00:00,Beauty,74.46,Credit Card,25.0,1
TXN-10372,CUST-120,2023-01-16 12:00:00,Books,95.41,UPI,25.0,0
TXN-10373,CUST-912,2023-01-16 13:00:00,Beauty,142.75,PayPal,18.0,0
TXN-10374,CUST-742,2023-01-16 14:00:00,Clothing,175.91,UPI,60.0,0
TXN-10375,CUST-576,2023-01-16 15:00:00,Books,170.04,Credit Card,,0
TXN-10376,CUST-774,2023-01-16 16:00:00,Beauty,125.82,Credit Card,25.0,1
TXN-10377,CUST-195,2023-01-16 17:00:00,Home & Kitchen,175.89,UPI,34.0,0
TXN-10378,CUST-991,2023-01-16 18:00:00,Clothing,107.73,PayPal,25.0,1
TXN-10379,CUST-485,2023-01-16 19:00:00,Clothing,68.36,Credit Card,18.0,0
TXN-10380,CUST-289,2023-01-16 20:00:00,Clothing,196.83,UPI,52.0,0
TXN-10381,CUST-610,2023-01-16 21:00:00,Books,141.31,Debit Card,,1
TXN-10382,CUST-358,2023-01-16 22:00:00,Electronics,58.61,UPI,60.0,0
TXN-10383,CUST-754,2023-01-16 23:00:00,Books,182.36,UPI,52.0,0
TXN-10384,CUST-234,2023-01-17 00:00:00,Beauty,90.26,PayPal,52.0,1
TXN-10385,CUST-185,2023-01-17 01:00:00,Electronics,98.96,UPI,60.0,0
TXN-10386,CUST-439,2023-01-17 02:00:00,Beauty,160.86,Debit Card,45.0,0
TXN-10387,CUST-289,2023-01-17 03:00:00,Electronics,174.47,UPI,,1
TXN-10388,CUST-763,2023-01-17 04:00:00,Books,79.97,Debit Card,,0
TXN-10389,CUST-289,2023-01-17 05:00:00,Clothing,178.84,Credit Card,34.0,0
TXN-10390,CUST-352,2023-01-17 06:00:00,Home & Kitchen,154.97,UPI,18.0,0
TXN-10391,CUST-367,2023-01-17 07:00:00,Clothing,88.01,PayPal,60.0,0
TXN-10392,CUST-971,2023-01-17 08:00:00,Books,110.16,UPI,52.0,0
TXN-10393,CUST-485,2023-01-17 09:00:00,Electronics,180.65,Debit Card,18.0,0
TXN-10394,CUST-259,2023-01-17 10:00:00,Clothing,57.58,Debit Card,18.0,1
TXN-10395,CUST-221,2023-01-17 11:00:00,Books,175.23,PayPal,45.0,0
TXN-10396,CUST-222,2023-01-17 12:00:00,Beauty,153.86,Debit Card,52.0,1
TXN-10397,CUST-473,2023-01-17 13:00:00,Home & Kitchen,140.37,UPI,25.0,1
TXN-10398,CUST-541,2023-01-17 14:00:00,Clothing,125.27,Debit Card,18.0,1
TXN-10399,CUST-206,2023-01-17 15:00:00,Electronics,198.81,UPI,52.0,0
TXN-10400,CUST-140,2023-01-17 16:00:00,Beauty,204.72,UPI,,0
TXN-10401,CUST-393,2023-01-17 17:00:00,Books,95.39,Debit Card,18.0,0
TXN-10402,CUST-113,2023-01-17 18:00:00,Home & Kitchen,144.49,PayPal,45.0,0
TXN-10403,CUST-300,2023-01-17 19:00:00,Electronics,194.98,Credit Card,45.0,0
TXN-10404,CUST-382,2023-01-17 20:00:00,Books,88.6,PayPal,25.0,1
TXN-10405,CUST-783,2023-01-17 21:00:00,Books,129.73,Credit Card,45.0,0
TXN-10406,CUST-653,2023-01-17 22:00:00,Clothing,160.16,PayPal,52.0,0
TXN-10407,CUST-665,2023-01-17 23:00:00,Clothing,39.4,UPI,60.0,0
TXN-10408,CUST-935,2023-01-18 00:00:00,Electronics,153.14,UPI,45.0,1
TXN-10409,CUST-700,2023-01-18 01:00:00,Books,76.46,Debit Card,60.0,1
TXN-10410,CUST-447,2023-01-18 02:00:00,Clothing,127.69,Credit Card,25.0,0
TXN-10411,CUST-538,2023-01-18 03:00:00,Home & Kitchen,165.77,Credit Card,,0
TXN-10412,CUST-653,2023-01-18 04:00:00,Home & Kitchen,24.43,Debit Card,34.0,1
TXN-10413,CUST-962,2023-01-18 05:00:00,Books,151.43,PayPal,18.0,0
TXN-10414,CUST-801,2023-01-18 06:00:00,Clothing,201.53,Debit Card,18.0,0
TXN-10415,CUST-915,2023-01-18 07:00:00,Electronics,98.67,PayPal,52.0,0
TXN-10416,CUST-171,2023-01-18 08:00:00,Electronics,143.07,Debit Card,25.0,0
TXN-10417,CUST-259,2023-01-18 09:00:00,Electronics,173.41,Credit Card,25.0,0
TXN-10418,CUST-598,2023-01-18 10:00:00,Home & Kitchen,56.28,Credit Card,25.0,1
TXN-10419,CUST-712,2023-01-18 11:00:00,Clothing,150.29,PayPal,18.0,0
TXN-10420,CUST-869,2023-01-18 12:00:00,Clothing,160.95,Credit Card,45.0,0
TXN-10421,CUST-604,2023-01-18 13:00:00,Home & Kitchen,145.54,Credit Card,18.0,0
TXN-10422,CUST-868,2023-01-18 14:00:00,Electronics,123.46,Credit Card,18.0,0
TXN-10423,CUST-895,2023-01-18 15:00:00,Electronics,79.98,Credit Card,18.0,1
TXN-10424,CUST-487,2023-01-18 16:00:00,Books,175.66,UPI,,1
TXN-10425,CUST-234,2023-01-18 17:00:00,Beauty,121.38,Debit Card,,0
TXN-10426,CUST-489,2023-01-18 18:00:00,Clothing,83.84,Debit Card,45.0,1
TXN-10427,CUST-134,2023-01-18 19:00:00,Clothing,107.28,UPI,34.0,0
TXN-10428,CUST-202,2023-01-18 20:00:00,Clothing,134.74,Credit Card,52.0,0
TXN-10429,CUST-343,2023-01-18 21:00:00,Beauty,57.55,Debit Card,34.0,1
TXN-10430,CUST-492,2023-01-18 22:00:00,Books,120.72,Debit Card,34.0,0
TXN-10431,CUST-656,2023-01-18 23:00:00,Beauty,103.32,Debit Card,18.0,0
TXN-10432,CUST-724,2023-01-19 00:00:00,Electronics,173.44,PayPal,34.0,0
TXN-10433,CUST-866,2023-01-19 01:00:00,Electronics,45.0,UPI,18.0,0
TXN-10434,CUST-121,2023-01-19 02:00:00,Clothing,157.55,PayPal,18.0,0
TXN-10435,CUST-261,2023-01-19 03:00:00,Home & Kitchen,176.68,PayPal,52.0,0
TXN-10436,CUST-191,2023-01-19 04:00:00,Clothing,46.52,UPI,25.0,1
TXN-10437,CUST-574,2023-01-19 05:00:00,Home & Kitchen,51.31,Debit Card,18.0,1
TXN-10438,CUST-827,2023-01-19 06:00:00,Beauty,191.44,PayPal,,1
TXN-10439,CUST-596,2023-01-19 07:00:00,Electronics,83.83,Debit Card,34.0,0
TXN-10440,CUST-712,2023-01-19 08:00:00,Home & Kitchen,243.79,PayPal,52.0,0
TXN-10441,CUST-592,2023-01-19 09:00:00,Beauty,47.77,Debit Card,60.0,0
TXN-10442,CUST-712,2023-01-19 10:00:00,Electronics,126.8,Credit Card,60.0,0
TXN-10443,CUST-954,2023-01-19 11:00:00,Home & Kitchen,119.06,Credit Card,60.0,1
TXN-10444,CUST-230,2023-01-19 12:00:00,Clothing,111.67,Credit Card,34.0,1
TXN-10445,CUST-324,2023-01-19 13:00:00,Clothing,138.52,UPI,25.0,0
TXN-10446,CUST-484,2023-01-19 14:00:00,Clothing,140.83,Credit Card,45.0,0
TXN-10447,CUST-541,2023-01-19 15:00:00,Beauty,113.29,PayPal,25.0,0
TXN-10448,CUST-152,2023-01-19 16:00:00,Clothing,79.43,Debit Card,52.0,0
TXN-10449,CUST-906,2023-01-19 17:00:00,Books,161.91,Debit Card,25.0,0
TXN-10450,CUST-745,2023-01-19 18:00:00,Electronics,145.12,Debit Card,60.0,1
TXN-10451,CUST-458,2023-01-19 19:00:00,Beauty,124.58,Debit Card,25.0,0
TXN-10452,CUST-341,2023-01-19 20:00:00,Clothing,143.85,PayPal,52.0,0
TXN-10453,CUST-527,2023-01-19 21:00:00,Electronics,150.76,Debit Card,52.0,0
TXN-10454,CUST-826,2023-01-19 22:00:00,Home & Kitchen,89.53,PayPal,60.0,0
TXN-10455,CUST-754,2023-01-19 23:00:00,Clothing,142.43,PayPal,,1
TXN-10456,CUST-663,2023-01-20 00:00:00,Electronics,97.88,Debit Card,34.0,0
TXN-10457,CUST-727,2023-01-20 01:00:00,Books,152.08,Debit Card,18.0,0
TXN-10458,CUST-297,2023-01-20 02:00:00,Home & Kitchen,112.3,Debit Card,45.0,0
TXN-10459,CUST-962,2023-01-20 03:00:00,Books,144.47,PayPal,45.0,0
TXN-10460,CUST-222,2023-01-20 04:00:00,Electronics,102.65,UPI,60.0,0
TXN-10461,CUST-929,2023-01-20 05:00:00,Books,146.55,PayPal,,0
TXN-10462,CUST-104,2023-01-20 06:00:00,Electronics,80.85,UPI,45.0,0
TXN-10463,CUST-376,2023-01-20 07:00:00,Electronics,121.45,Debit Card,25.0,0
TXN-10464,CUST-791,2023-01-20 08:00:00,Books,159.23,PayPal,52.0,0
TXN-10465,CUST-395,2023-01-20 09:00:00,Electronics,138.69,Debit Card,,0
TXN-10466,CUST-343,2023-01-20 10:00:00,Clothing,127.68,UPI,52.0,0
TXN-10467,CUST-661,2023-01-20 11:00:00,Electronics,192.14,UPI,60.0,0
TXN-10468,CUST-598,2023-01-20 12:00:00,Beauty,160.95,PayPal,52.0,1
TXN-10469,CUST-283,2023-01-20 13:00:00,Electronics,154.22,PayPal,18.0,0
TXN-10470,CUST-388,2023-01-20 14:00:00,Beauty,146.32,PayPal,52.0,0
TXN-10471,CUST-340,2023-01-20 15:00:00,Electronics,151.31,PayPal,52.0,1
TXN-10472,CUST-737,2023-01-20 16:00:00,Electronics,186.28,Credit Card,,0
TXN-10473,CUST-664,2023-01-20 17:00:00,Books,103.29,Credit Card,25.0,0
TXN-10474,CUST-121,2023-01-20 18:00:00,Clothing,160.38,Debit Card,34.0,0
TXN-10475,CUST-798,2023-01-20 19:00:00,Clothing,134.26,UPI,45.0,0
TXN-10476,CUST-604,2023-01-20 20:00:00,Home & Kitchen,104.68,UPI,25.0,0
TXN-10477,CUST-656,2023-01-20 21:00:00,Books,116.01,Debit Card,25.0,1
TXN-10478,CUST-620,2023-01-20 22:00:00,Books,128.77,Debit Card,25.0,0
TXN-10479,CUST-776,2023-01-20 23:00:00,Clothing,85.6,Debit Card,45.0,1
TXN-10480,CUST-575,2023-01-21 00:00:00,Books,154.56,Credit Card,60.0,0
TXN-10481,CUST-763,2023-01-21 01:00:00,Clothing,115.89,Debit Card,25.0,0
TXN-10482,CUST-978,2023-01-21 02:00:00,Books,123.4,UPI,34.0,1
TXN-10483,CUST-929,2023-01-21 03:00:00,Electronics,174.29,Debit Card,60.0,0
TXN-10484,CUST-602,2023-01-21 04:00:00,Clothing,125.19,PayPal,52.0,0
TXN-10485,CUST-842,2023-01-21 05:00:00,Clothing,182.11,UPI,34.0,0
TXN-10486,CUST-261,2023-01-21 06:00:00,Beauty,99.01,UPI,,1
TXN-10487,CUST-120,2023-01-21 07:00:00,Books,76.12,UPI,60.0,0
TXN-10488,CUST-340,2023-01-21 08:00:00,Books,108.4,Credit Card,52.0,0
TXN-10489,CUST-346,2023-01-21 09:00:00,Clothing,7.41,Credit Card,52.0,0
TXN-10490,CUST-135,2023-01-21 10:00:00,Electronics,156.23,UPI,25.0,0
TXN-10491,CUST-135,2023-01-21 11:00:00,Electronics,78.44,PayPal,25.0,1
TXN-10492,CUST-904,2023-01-21 12:00:00,Electronics,95.29,UPI,45.0,0
TXN-10493,CUST-829,2023-01-21 13:00:00,Books,148.65,Credit Card,18.0,0
TXN-10494,CUST-646,2023-01-21 14:00:00,Beauty,124.76,PayPal,34.0,0
TXN-10495,CUST-373,2023-01-21 15:00:00,Clothing,102.38,UPI,45.0,0
TXN-10496,CUST-912,2023-01-21 16:00:00,Home & Kitchen,38.54,Credit Card,45.0,0
TXN-10497,CUST-343,2023-01-21 17:00:00,Beauty,172.03,PayPal,34.0,0
TXN-10498,CUST-829,2023-01-21 18:00:00,Home & Kitchen,148.92,Debit Card,60.0,1
TXN-10499,CUST-206,2023-01-21 19:00:00,Beauty,202.23,Debit Card,,0
TXN-10500,CUST-501,2023-01-21 20:00:00,Electronics,96.14,UPI,34.0,0
TXN-10501,CUST-497,2023-01-21 21:00:00,Books,61.82,Debit Card,52.0,0
TXN-10502,CUST-408,2023-01-21 22:00:00,Home & Kitchen,159.79,Credit Card,,0
TXN-10503,CUST-202,2023-01-21 23:00:00,Beauty,112.48,PayPal,18.0,0
TXN-10504,CUST-598,2023-01-22 00:00:00,Books,145.13,UPI,60.0,0
TXN-10505,CUST-748,2023-01-22 01:00:00,Home & Kitchen,184.8,PayPal,25.0,1
TXN-10506,CUST-314,2023-01-22 02:00:00,Clothing,135.53,PayPal,18.0,0
TXN-10507,CUST-289,2023-01-22 03:00:00,Beauty,126.69,PayPal,18.0,0
TXN-10508,CUST-121,2023-01-22 04:00:00,Clothing,129.2,Credit Card,25.0,0
TXN-10509,CUST-134,2023-01-22 05:00:00,Electronics,54.51,UPI,18.0,0
TXN-10510,CUST-572,2023-01-22 06:00:00,Clothing,164.32,Debit Card,60.0,0
TXN-10511,CUST-466,2023-01-22 07:00:00,Clothing,166.88,PayPal,60.0,0
TXN-10512,CUST-935,2023-01-22 08:00:00,Beauty,141.22,PayPal,60.0,0
TXN-10513,CUST-929,2023-01-22 09:00:00,Electronics,59.38,PayPal,45.0,0
TXN-10514,CUST-786,2023-01-22 10:00:00,Clothing,115.15,Credit Card,45.0,1
TXN-10515,CUST-114,2023-01-22 11:00:00,Books,177.54,Debit Card,60.0,0
TXN-10516,CUST-430,2023-01-22 12:00:00,Home & Kitchen,97.37,PayPal,25.0,0
TXN-10517,CUST-783,2023-01-22 13:00:00,Clothing,167.37,Credit Card,25.0,1
TXN-10518,CUST-918,2023-01-22 14:00:00,Electronics,122.2,Credit Card,34.0,0
TXN-10519,CUST-824,2023-01-22 15:00:00,Clothing,148.5,PayPal,34.0,0
TXN-10520,CUST-662,2023-01-22 16:00:00,Home & Kitchen,103.51,PayPal,60.0,0
TXN-10521,CUST-373,2023-01-22 17:00:00,Electronics,123.38,Credit Card,,0
TXN-10522,CUST-513,2023-01-22 18:00:00,Beauty,137.47,Credit Card,18.0,0
TXN-10523,CUST-983,2023-01-22 19:00:00,Electronics,76.67,PayPal,18.0,0
TXN-10524,CUST-486,2023-01-22 20:00:00,Beauty,130.96,Credit Card,25.0,0
TXN-10525,CUST-120,2023-01-22 21:00:00,Electronics,12.46,Credit Card,,0
TXN-10526,CUST-891,2023-01-22 22:00:00,Home & Kitchen,95.94,PayPal,18.0,0
TXN-10527,CUST-367,2023-01-22 23:00:00,Home & Kitchen,141.76,PayPal,52.0,0
TXN-10528,CUST-790,2023-01-23 00:00:00,Electronics,164.81,UPI,45.0,1
TXN-10529,CUST-745,2023-01-23 01:00:00,Clothing,138.91,Debit Card,18.0,1
TXN-10530,CUST-443,2023-01-23 02:00:00,Home & Kitchen,64.39,PayPal,18.0,0
TXN-10531,CUST-918,2023-01-23 03:00:00,Beauty,161.31,PayPal,34.0,0
TXN-10532,CUST-430,2023-01-23 04:00:00,Beauty,74.43,PayPal,52.0,0
TXN-10533,CUST-558,2023-01-23 05:00:00,Books,144.57,Debit Card,18.0,1
TXN-10534,CUST-485,2023-01-23 06:00:00,Beauty,75.77,UPI,45.0,1
TXN-10535,CUST-134,2023-01-23 07:00:00,Books,89.07,Credit Card,18.0,0
TXN-10536,CUST-605,2023-01-23 08:00:00,Electronics,81.75,Debit Card,25.0,0
TXN-10537,CUST-827,2023-01-23 09:00:00,Electronics,125.56,PayPal,52.0,1
TXN-10538,CUST-558,2023-01-23 10:00:00,Electronics,112.18,PayPal,18.0,0
TXN-10539,CUST-833,2023-01-23 11:00:00,Clothing,140.36,UPI,,0
TXN-10540,CUST-800,2023-01-23 12:00:00,Clothing,119.25,UPI,52.0,0
TXN-10541,CUST-960,2023-01-23 13:00:00,Books,59.29,UPI,18.0,0
TXN-10542,CUST-978,2023-01-23 14:00:00,Beauty,131.03,Credit Card,45.0,0
TXN-10543,CUST-333,2023-01-23 15:00:00,Beauty,49.51,Debit Card,45.0,0
TXN-10544,CUST-783,2023-01-23 16:00:00,Electronics,84.65,Debit Card,52.0,0
TXN-10545,CUST-229,2023-01-23 17:00:00,Home & Kitchen,105.44,UPI,60.0,1
TXN-10546,CUST-297,2023-01-23 18:00:00,Clothing,102.67,Credit Card,34.0,0
TXN-10547,CUST-844,2023-01-23 19:00:00,Clothing,54.1,Debit Card,34.0,0
TXN-10548,CUST-187,2023-01-23 20:00:00,Electronics,174.85,PayPal,25.0,0
TXN-10549,CUST-754,2023-01-23 21:00:00,Clothing,185.92,PayPal,60.0,0
TXN-10550,CUST-140,2023-01-23 22:00:00,Electronics,210.03,PayPal,34.0,1
TXN-10551,CUST-485,2023-01-23 23:00:00,Books,165.91,Debit Card,52.0,1
TXN-10552,CUST-895,2023-01-24 00:00:00,Beauty,104.18,UPI,34.0,0
TXN-10553,CUST-574,2023-01-24 01:00:00,Home & Kitchen,103.49,PayPal,25.0,0
TXN-10554,CUST-737,2023-01-24 02:00:00,Beauty,101.28,UPI,18.0,0
TXN-10555,CUST-555,2023-01-24 03:00:00,Beauty,199.43,Credit Card,34.0,0
TXN-10556,CUST-665,2023-01-24 04:00:00,Books,115.38,PayPal,52.0,0
TXN-10557,CUST-620,2023-01-24 05:00:00,Clothing,170.77,Credit Card,52.0,0
TXN-10558,CUST-223,2023-01-24 06:00:00,Home & Kitchen,167.66,UPI,25.0,1
TXN-10559,CUST-591,2023-01-24 07:00:00,Clothing,127.58,Debit Card,,0
TXN-10560,CUST-234,2023-01-24 08:00:00,Beauty,61.93,UPI,25.0,0
TXN-10561,CUST-430,2023-01-24 09:00:00,Electronics,116.24,PayPal,,0
TXN-10562,CUST-439,2023-01-24 10:00:00,Beauty,125.88,PayPal,45.0,0
TXN-10563,CUST-591,2023-01-24 11:00:00,Clothing,171.12,UPI,45.0,0
TXN-10564,CUST-445,2023-01-24 12:00:00,Beauty,120.78,PayPal,45.0,0
TXN-10565,CUST-876,2023-01-24 13:00:00,Electronics,71.66,PayPal,,1
TXN-10566,CUST-748,2023-01-24 14:00:00,Books,159.52,Credit Card,18.0,0
TXN-10567,CUST-848,2023-01-24 15:00:00,Clothing,110.9,Debit Card,52.0,0
TXN-10568,CUST-300,2023-01-24 16:00:00,Beauty,18.19,UPI,45.0,0
TXN-10569,CUST-978,2023-01-24 17:00:00,Clothing,133.0,Credit Card,52.0,1
TXN-10570,CUST-358,2023-01-24 18:00:00,Books,140.03,PayPal,25.0,0
TXN-10571,CUST-978,2023-01-24 19:00:00,Beauty,86.28,Credit Card,18.0,0
TXN-10572,CUST-121,2023-01-24 20:00:00,Beauty,112.32,Debit Card,25.0,1
TXN-10573,CUST-978,2023-01-24 21:00:00,Clothing,146.31,UPI,52.0,0
TXN-10574,CUST-101,2023-01-24 22:00:00,Clothing,133.27,Debit Card,60.0,1
TXN-10575,CUST-324,2023-01-24 23:00:00,Electronics,57.49,Debit Card,,0
TXN-10576,CUST-487,2023-01-25 00:00:00,Books,170.14,Credit Card,60.0,0
TXN-10577,CUST-781,2023-01-25 01:00:00,Electronics,188.25,Credit Card,45.0,0
TXN-10578,CUST-555,2023-01-25 02:00:00,Beauty,99.59,Debit Card,60.0,0
TXN-10579,CUST-171,2023-01-25 03:00:00,Clothing,43.61,PayPal,25.0,0
TXN-10580,CUST-790,2023-01-25 04:00:00,Beauty,150.84,UPI,,0
TXN-10581,CUST-935,2023-01-25 05:00:00,Beauty,93.08,PayPal,60.0,0
TXN-10582,CUST-727,2023-01-25 06:00:00,Home & Kitchen,141.42,PayPal,34.0,1
TXN-10583,CUST-458,2023-01-25 07:00:00,Home & Kitchen,208.09,UPI,18.0,0
TXN-10584,CUST-393,2023-01-25 08:00:00,Beauty,58.15,Credit Card,52.0,0
TXN-10585,CUST-147,2023-01-25 09:00:00,Clothing,88.14,PayPal,,0
TXN-10586,CUST-829,2023-01-25 10:00:00,Beauty,112.22,Credit Card,45.0,0
TXN-10587,CUST-938,2023-01-25 11:00:00,Home & Kitchen,171.67,UPI,25.0,0
TXN-10588,CUST-997,2023-01-25 12:00:00,Clothing,262.22,PayPal,18.0,1
TXN-10589,CUST-152,2023-01-25 13:00:00,Beauty,129.88,Credit Card,45.0,0
TXN-10590,CUST-370,2023-01-25 14:00:00,Books,54.71,Credit Card,25.0,0
TXN-10591,CUST-261,2023-01-25 15:00:00,Books,106.18,PayPal,60.0,0
TXN-10592,CUST-506,2023-01-25 16:00:00,Beauty,89.01,UPI,,0
TXN-10593,CUST-518,2023-01-25 17:00:00,Clothing,148.86,Debit Card,52.0,1
TXN-10594,CUST-791,2023-01-25 18:00:00,Beauty,135.08,Credit Card,,0
TXN-10595,CUST-771,2023-01-25 19:00:00,Beauty,78.33,UPI,34.0,0
TXN-10596,CUST-260,2023-01-25 20:00:00,Home & Kitchen,86.66,PayPal,34.0,0
TXN-10597,CUST-158,2023-01-25 21:00:00,Books,105.6,Credit Card,,0
TXN-10598,CUST-458,2023-01-25 22:00:00,Home & Kitchen,110.43,Credit Card,60.0,0
TXN-10599,CUST-847,2023-01-25 23:00:00,Home & Kitchen,118.31,Credit Card,52.0,1
TXN-10600,CUST-476,2023-01-26 00:00:00,Beauty,121.95,UPI,18.0,0
TXN-10601,CUST-171,2023-01-26 01:00:00,Home & Kitchen,169.39,Credit Card,52.0,0
TXN-10602,CUST-289,2023-01-26 02:00:00,Books,104.15,Credit Card,60.0,0
TXN-10603,CUST-527,2023-01-26 03:00:00,Home & Kitchen,98.26,PayPal,25.0,0
TXN-10604,CUST-370,2023-01-26 04:00:00,Books,66.45,Credit Card,,0
TXN-10605,CUST-692,2023-01-26 05:00:00,Home & Kitchen,111.05,UPI,,0
TXN-10606,CUST-592,2023-01-26 06:00:00,Books,130.25,PayPal,,0
TXN-10607,CUST-655,2023-01-26 07:00:00,Home & Kitchen,51.04,Debit Card,,0
TXN-10608,CUST-487,2023-01-26 08:00:00,Home & Kitchen,106.3,PayPal,18.0,1
TXN-10609,CUST-640,2023-01-26 09:00:00,Clothing,166.41,Credit Card,34.0,0
TXN-10610,CUST-677,2023-01-26 10:00:00,Books,145.93,Debit Card,60.0,1
TXN-10611,CUST-513,2023-01-26 11:00:00,Books,134.94,PayPal,25.0,1
TXN-10612,CUST-492,2023-01-26 12:00:00,Books,144.85,Credit Card,60.0,0
TXN-10613,CUST-223,2023-01-26 13:00:00,Electronics,97.05,PayPal,45.0,1
TXN-10614,CUST-598,2023-01-26 14:00:00,Home & Kitchen,91.72,UPI,45.0,0
TXN-10615,CUST-592,2023-01-26 15:00:00,Books,170.88,Credit Card,45.0,0
TXN-10616,CUST-152,2023-01-26 16:00:00,Electronics,153.15,UPI,34.0,0
TXN-10617,CUST-439,2023-01-26 17:00:00,Clothing,90.15,Credit Card,52.0,0
TXN-10618,CUST-732,2023-01-26 18:00:00,Books,44.85,UPI,18.0,0
TXN-10619,CUST-230,2023-01-26 19:00:00,Books,90.98,Debit Card,,0
TXN-10620,CUST-891,2023-01-26 20:00:00,Electronics,141.74,UPI,34.0,1
TXN-10621,CUST-872,2023-01-26 21:00:00,Home & Kitchen,93.67,PayPal,25.0,0
TXN-10622,CUST-786,2023-01-26 22:00:00,Clothing,133.2,Credit Card,25.0,0
TXN-10623,CUST-202,2023-01-26 23:00:00,Books,176.79,PayPal,45.0,0
TXN-10624,CUST-576,2023-01-27 00:00:00,Home & Kitchen,116.28,UPI,18.0,0
TXN-10625,CUST-330,2023-01-27 01:00:00,Clothing,129.36,Credit Card,45.0,0
TXN-10626,CUST-660,2023-01-27 02:00:00,Beauty,147.4,UPI,25.0,1
TXN-10627,CUST-709,2023-01-27 03:00:00,Beauty,76.72,Debit Card,25.0,0
TXN-10628,CUST-478,2023-01-27 04:00:00,Clothing,89.08,Debit Card,,0
TXN-10629,CUST-712,2023-01-27 05:00:00,Electronics,149.05,Debit Card,52.0,1
TXN-10630,CUST-838,2023-01-27 06:00:00,Clothing,121.48,UPI,,1
TXN-10631,CUST-991,2023-01-27 07:00:00,Clothing,124.87,UPI,52.0,0
TXN-10632,CUST-221,2023-01-27 08:00:00,Electronics,121.33,Debit Card,,0
TXN-10633,CUST-180,2023-01-27 09:00:00,Electronics,159.13,UPI,52.0,1
TXN-10634,CUST-388,2023-01-27 10:00:00,Home & Kitchen,137.43,PayPal,45.0,1
TXN-10635,CUST-894,2023-01-27 11:00:00,Home & Kitchen,137.95,UPI,60.0,0
TXN-10636,CUST-430,2023-01-27 12:00:00,Electronics,168.89,PayPal,18.0,0
TXN-10637,CUST-602,2023-01-27 13:00:00,Beauty,184.26,Debit Card,52.0,0
TXN-10638,CUST-571,2023-01-27 14:00:00,Beauty,209.74,UPI,34.0,0
TXN-10639,CUST-101,2023-01-27 15:00:00,Clothing,96.84,Debit Card,52.0,1
TXN-10640,CUST-555,2023-01-27 16:00:00,Books,218.78,Credit Card,45.0,0
TXN-10641,CUST-737,2023-01-27 17:00:00,Clothing,76.13,UPI,18.0,1
TXN-10642,CUST-741,2023-01-27 18:00:00,Clothing,197.41,UPI,52.0,0
TXN-10643,CUST-660,2023-01-27 19:00:00,Books,94.64,Debit Card,,1
TXN-10644,CUST-655,2023-01-27 20:00:00,Electronics,117.24,Debit Card,18.0,0
TXN-10645,CUST-261,2023-01-27 21:00:00,Beauty,120.74,Debit Card,34.0,1
TXN-10646,CUST-664,2023-01-27 22:00:00,Clothing,85.32,Credit Card,25.0,1
TXN-10647,CUST-324,2023-01-27 23:00:00,Books,123.47,Credit Card,,0
TXN-10648,CUST-518,2023-01-28 00:00:00,Home & Kitchen,87.39,Debit Card,18.0,0
TXN-10649,CUST-608,2023-01-28 01:00:00,Clothing,70.6,UPI,60.0,0
TXN-10650,CUST-352,2023-01-28 02:00:00,Beauty,118.45,UPI,52.0,0
TXN-10651,CUST-202,2023-01-28 03:00:00,Electronics,183.6,Debit Card,,1
TXN-10652,CUST-851,2023-01-28 04:00:00,Clothing,109.84,PayPal,45.0,0
TXN-10653,CUST-266,2023-01-28 05:00:00,Clothing,157.64,Credit Card,60.0,1
TXN-10654,CUST-665,2023-01-28 06:00:00,Books,86.17,Credit Card,60.0,0
TXN-10655,CUST-458,2023-01-28 07:00:00,Home & Kitchen,68.66,PayPal,45.0,0
TXN-10656,CUST-324,2023-01-28 08:00:00,Home & Kitchen,138.15,Debit Card,45.0,0
TXN-10657,CUST-222,2023-01-28 09:00:00,Electronics,190.22,UPI,45.0,0
TXN-10658,CUST-936,2023-01-28 10:00:00,Beauty,128.36,UPI,60.0,0
TXN-10659,CUST-897,2023-01-28 11:00:00,Electronics,153.07,Credit Card,18.0,1
TXN-10660,CUST-868,2023-01-28 12:00:00,Clothing,179.8,PayPal,45.0,0
TXN-10661,CUST-206,2023-01-28 13:00:00,Clothing,118.54,UPI,25.0,0
TXN-10662,CUST-134,2023-01-28 14:00:00,Home & Kitchen,113.92,Credit Card,60.0,0
TXN-10663,CUST-487,2023-01-28 15:00:00,Beauty,138.88,UPI,60.0,0
TXN-10664,CUST-238,2023-01-28 16:00:00,Books,146.0,UPI,60.0,0
TXN-10665,CUST-921,2023-01-28 17:00:00,Beauty,64.04,UPI,34.0,0
TXN-10666,CUST-918,2023-01-28 18:00:00,Clothing,131.83,Credit Card,18.0,0
TXN-10667,CUST-781,2023-01-28 19:00:00,Books,119.97,PayPal,18.0,1
TXN-10668,CUST-921,2023-01-28 20:00:00,Beauty,88.42,Debit Card,45.0,0
TXN-10669,CUST-851,2023-01-28 21:00:00,Beauty,117.21,PayPal,60.0,0
TXN-10670,CUST-610,2023-01-28 22:00:00,Books,73.39,UPI,,1
TXN-10671,CUST-351,2023-01-28 23:00:00,Clothing,59.56,PayPal,60.0,0
TXN-10672,CUST-558,2023-01-29 00:00:00,Beauty,122.67,UPI,45.0,1
TXN-10673,CUST-866,2023-01-29 01:00:00,Books,156.08,Credit Card,18.0,0
TXN-10674,CUST-560,2023-01-29 02:00:00,Clothing,106.11,Credit Card,45.0,0
TXN-10675,CUST-938,2023-01-29 03:00:00,Books,81.57,Credit Card,45.0,0
TXN-10676,CUST-869,2023-01-29 04:00:00,Books,87.79,UPI,45.0,0
TXN-10677,CUST-700,2023-01-29 05:00:00,Beauty,141.96,PayPal,45.0,0
TXN-10678,CUST-140,2023-01-29 06:00:00,Clothing,186.7,Debit Card,45.0,0
TXN-10679,CUST-673,2023-01-29 07:00:00,Beauty,150.82,Debit Card,52.0,0
TXN-10680,CUST-234,2023-01-29 08:00:00,Electronics,172.03,Credit Card,52.0,0
TXN-10681,CUST-732,2023-01-29 09:00:00,Electronics,78.1,Debit Card,60.0,0
TXN-10682,CUST-351,2023-01-29 10:00:00,Clothing,117.04,UPI,60.0,1
TXN-10683,CUST-351,2023-01-29 11:00:00,Books,160.75,PayPal,,1
TXN-10684,CUST-574,2023-01-29 12:00:00,Beauty,64.03,Debit Card,,0
TXN-10685,CUST-938,2023-01-29 13:00:00,Beauty,93.67,Debit Card,52.0,1
TXN-10686,CUST-692,2023-01-29 14:00:00,Clothing,157.68,PayPal,18.0,0
TXN-10687,CUST-876,2023-01-29 15:00:00,Clothing,130.34,Debit Card,34.0,0
TXN-10688,CUST-560,2023-01-29 16:00:00,Electronics,81.4,PayPal,18.0,0
TXN-10689,CUST-781,2023-01-29 17:00:00,Home & Kitchen,54.77,UPI,,1
TXN-10690,CUST-187,2023-01-29 18:00:00,Clothing,173.49,UPI,60.0,1
TXN-10691,CUST-978,2023-01-29 19:00:00,Home & Kitchen,37.86,UPI,52.0,0
TXN-10692,CUST-783,2023-01-29 20:00:00,Clothing,145.3,Credit Card,18.0,0
TXN-10693,CUST-393,2023-01-29 21:00:00,Books,98.68,UPI,34.0,0
TXN-10694,CUST-555,2023-01-29 22:00:00,Books,161.88,Debit Card,45.0,0
TXN-10695,CUST-783,2023-01-29 23:00:00,Electronics,78.31,Credit Card,25.0,0
TXN-10696,CUST-660,2023-01-30 00:00:00,Electronics,224.59,Credit Card,52.0,0
TXN-10697,CUST-369,2023-01-30 01:00:00,Home & Kitchen,136.09,Credit Card,52.0,0
TXN-10698,CUST-393,2023-01-30 02:00:00,Clothing,142.68,UPI,34.0,0
TXN-10699,CUST-609,2023-01-30 03:00:00,Beauty,89.08,Credit Card,45.0,1
TXN-10700,CUST-624,2023-01-30 04:00:00,Electronics,114.66,UPI,45.0,0
TXN-10701,CUST-665,2023-01-30 05:00:00,Beauty,115.7,UPI,25.0,0
TXN-10702,CUST-221,2023-01-30 06:00:00,Beauty,191.84,Credit Card,45.0,0
TXN-10703,CUST-206,2023-01-30 07:00:00,Clothing,136.02,Credit Card,34.0,1
TXN-10704,CUST-164,2023-01-30 08:00:00,Home & Kitchen,141.75,Debit Card,60.0,0
TXN-10705,CUST-592,2023-01-30 09:00:00,Clothing,141.31,Credit Card,45.0,0
TXN-10706,CUST-297,2023-01-30 10:00:00,Electronics,145.14,UPI,60.0,0
TXN-10707,CUST-825,2023-01-30 11:00:00,Beauty,64.42,Debit Card,,0
TXN-10708,CUST-358,2023-01-30 12:00:00,Clothing,201.97,Debit Card,,0
TXN-10709,CUST-605,2023-01-30 13:00:00,Clothing,84.9,UPI,60.0,0
TXN-10710,CUST-340,2023-01-30 14:00:00,Clothing,118.46,Credit Card,34.0,0
TXN-10711,CUST-187,2023-01-30 15:00:00,Electronics,181.26,Credit Card,52.0,0
TXN-10712,CUST-783,2023-01-30 16:00:00,Home & Kitchen,197.39,PayPal,52.0,0
TXN-10713,CUST-774,2023-01-30 17:00:00,Clothing,152.24,Credit Card,52.0,0
TXN-10714,CUST-180,2023-01-30 18:00:00,Electronics,99.81,PayPal,18.0,1
TXN-10715,CUST-783,2023-01-30 19:00:00,Beauty,125.11,Debit Card,52.0,1
TXN-10716,CUST-786,2023-01-30 20:00:00,Books,126.68,Debit Card,34.0,0
TXN-10717,CUST-492,2023-01-30 21:00:00,Electronics,128.1,Debit Card,25.0,0
TXN-10718,CUST-571,2023-01-30 22:00:00,Books,70.8,PayPal,,1
TXN-10719,CUST-261,2023-01-30 23:00:00,Clothing,170.4,UPI,45.0,1
TXN-10720,CUST-863,2023-01-31 00:00:00,Clothing,125.38,UPI,52.0,1
TXN-10721,CUST-771,2023-01-31 01:00:00,Electronics,91.11,Debit Card,18.0,0
TXN-10722,CUST-983,2023-01-31 02:00:00,Books,100.06,PayPal,,0
TXN-10723,CUST-935,2023-01-31 03:00:00,Clothing,130.79,PayPal,,1
TXN-10724,CUST-300,2023-01-31 04:00:00,Beauty,63.88,Debit Card,60.0,1
TXN-10725,CUST-538,2023-01-31 05:00:00,Home & Kitchen,155.14,Credit Card,18.0,0
TXN-10726,CUST-664,2023-01-31 06:00:00,Home & Kitchen,129.39,Debit Card,34.0,1
TXN-10727,CUST-879,2023-01-31 07:00:00,Clothing,182.63,PayPal,25.0,1
TXN-10728,CUST-566,2023-01-31 08:00:00,Books,123.1,Credit Card,52.0,0
TXN-10729,CUST-609,2023-01-31 09:00:00,Clothing,76.59,UPI,52.0,0
TXN-10730,CUST-660,2023-01-31 10:00:00,Books,72.09,Credit Card,18.0,0
TXN-10731,CUST-692,2023-01-31 11:00:00,Beauty,104.37,UPI,34.0,0
TXN-10732,CUST-342,2023-01-31 12:00:00,Books,108.6,PayPal,18.0,1
TXN-10733,CUST-869,2023-01-31 13:00:00,Clothing,97.31,Debit Card,18.0,0
TXN-10734,CUST-572,2023-01-31 14:00:00,Beauty,125.14,Debit Card,25.0,1
TXN-10735,CUST-589,2023-01-31 15:00:00,Electronics,96.29,Debit Card,34.0,1
TXN-10736,CUST-351,2023-01-31 16:00:00,Home & Kitchen,130.17,Debit Card,25.0,0
TXN-10737,CUST-719,2023-01-31 17:00:00,Clothing,99.17,Debit Card,34.0,0
TXN-10738,CUST-978,2023-01-31 18:00:00,Clothing,145.27,PayPal,52.0,0
TXN-10739,CUST-351,2023-01-31 19:00:00,Clothing,107.6,PayPal,45.0,0
TXN-10740,CUST-970,2023-01-31 20:00:00,Beauty,169.85,Debit Card,60.0,0
TXN-10741,CUST-598,2023-01-31 21:00:00,Electronics,146.09,Credit Card,45.0,0
TXN-10742,CUST-709,2023-01-31 22:00:00,Books,127.74,Debit Card,,0
TXN-10743,CUST-443,2023-01-31 23:00:00,Electronics,111.69,UPI,34.0,0
TXN-10744,CUST-395,2023-02-01 00:00:00,Beauty,59.24,UPI,45.0,0
TXN-10745,CUST-501,2023-02-01 01:00:00,Clothing,176.54,UPI,18.0,0
TXN-10746,CUST-500,2023-02-01 02:00:00,Home & Kitchen,92.77,UPI,52.0,1
TXN-10747,CUST-343,2023-02-01 03:00:00,Clothing,123.63,Debit Card,60.0,0
TXN-10748,CUST-291,2023-02-01 04:00:00,Books,133.75,UPI,60.0,1
TXN-10749,CUST-851,2023-02-01 05:00:00,Home & Kitchen,112.66,Credit Card,,1
TXN-10750,CUST-243,2023-02-01 06:00:00,Clothing,174.18,Debit Card,60.0,1
TXN-10751,CUST-430,2023-02-01 07:00:00,Home & Kitchen,71.15,UPI,52.0,0
TXN-10752,CUST-665,2023-02-01 08:00:00,Electronics,189.36,Debit Card,45.0,1
TXN-10753,CUST-486,2023-02-01 09:00:00,Beauty,146.86,Debit Card,60.0,0
TXN-10754,CUST-555,2023-02-01 10:00:00,Clothing,110.14,Debit Card,60.0,0
TXN-10755,CUST-437,2023-02-01 11:00:00,Books,110.59,PayPal,34.0,1
TXN-10756,CUST-963,2023-02-01 12:00:00,Electronics,31.33,UPI,18.0,0
TXN-10757,CUST-202,2023-02-01 13:00:00,Clothing,86.07,PayPal,34.0,1
TXN-10758,CUST-584,2023-02-01 14:00:00,Electronics,105.84,Credit Card,45.0,0
TXN-10759,CUST-132,2023-02-01 15:00:00,Books,127.04,Credit Card,52.0,0
TXN-10760,CUST-518,2023-02-01 16:00:00,Clothing,170.38,PayPal,52.0,0
TXN-10761,CUST-895,2023-02-01 17:00:00,Books,201.5,UPI,34.0,0
TXN-10762,CUST-479,2023-02-01 18:00:00,Home & Kitchen,130.89,Debit Card,25.0,0
TXN-10763,CUST-827,2023-02-01 19:00:00,Books,128.22,Credit Card,34.0,0
TXN-10764,CUST-936,2023-02-01 20:00:00,Home & Kitchen,100.39,Credit Card,25.0,0
TXN-10765,CUST-700,2023-02-01 21:00:00,Clothing,51.4,Credit Card,,0
TXN-10766,CUST-707,2023-02-01 22:00:00,Home & Kitchen,95.77,UPI,34.0,0
TXN-10767,CUST-591,2023-02-01 23:00:00,Clothing,111.78,PayPal,25.0,0
TXN-10768,CUST-576,2023-02-02 00:00:00,Clothing,159.02,PayPal,25.0,0
TXN-10769,CUST-527,2023-02-02 01:00:00,Beauty,140.78,UPI,60.0,0
TXN-10770,CUST-297,2023-02-02 02:00:00,Clothing,128.86,Credit Card,,0
TXN-10771,CUST-719,2023-02-02 03:00:00,Home & Kitchen,96.77,UPI,60.0,0
TXN-10772,CUST-199,2023-02-02 04:00:00,Beauty,40.72,UPI,25.0,0
TXN-10773,CUST-228,2023-02-02 05:00:00,Beauty,43.13,PayPal,25.0,0
TXN-10774,CUST-541,2023-02-02 06:00:00,Clothing,53.45,UPI,18.0,0
TXN-10775,CUST-560,2023-02-02 07:00:00,Books,108.32,UPI,25.0,0
TXN-10776,CUST-963,2023-02-02 08:00:00,Books,159.76,Credit Card,60.0,0
TXN-10777,CUST-506,2023-02-02 09:00:00,Beauty,158.68,Debit Card,25.0,0
TXN-10778,CUST-591,2023-02-02 10:00:00,Clothing,151.75,Credit Card,52.0,0
TXN-10779,CUST-790,2023-02-02 11:00:00,Books,99.4,PayPal,18.0,0
TXN-10780,CUST-938,2023-02-02 12:00:00,Clothing,165.77,Debit Card,25.0,0
TXN-10781,CUST-838,2023-02-02 13:00:00,Clothing,82.76,Credit Card,60.0,0
TXN-10782,CUST-653,2023-02-02 14:00:00,Beauty,154.14,UPI,60.0,0
TXN-10783,CUST-283,2023-02-02 15:00:00,Beauty,53.02,UPI,45.0,1
TXN-10784,CUST-700,2023-02-02 16:00:00,Electronics,72.92,Debit Card,60.0,0
TXN-10785,CUST-147,2023-02-02 17:00:00,Books,186.1,Debit Card,18.0,0
TXN-10786,CUST-827,2023-02-02 18:00:00,Books,111.85,UPI,60.0,1
TXN-10787,CUST-198,2023-02-02 19:00:00,Books,92.76,PayPal,52.0,0
TXN-10788,CUST-975,2023-02-02 20:00:00,Home & Kitchen,164.11,Credit Card,34.0,1
TXN-10789,CUST-101,2023-02-02 21:00:00,Clothing,168.69,UPI,52.0,0
TXN-10790,CUST-653,2023-02-02 22:00:00,Beauty,102.67,Credit Card,,1
TXN-10791,CUST-879,2023-02-02 23:00:00,Books,131.14,Credit Card,52.0,0
TXN-10792,CUST-592,2023-02-03 00:00:00,Electronics,125.48,Credit Card,18.0,0
TXN-10793,CUST-700,2023-02-03 01:00:00,Books,6.92,Credit Card,18.0,0
TXN-10794,CUST-506,2023-02-03 02:00:00,Clothing,64.17,PayPal,45.0,1
TXN-10795,CUST-975,2023-02-03 03:00:00,Clothing,157.69,PayPal,60.0,0
TXN-10796,CUST-486,2023-02-03 04:00:00,Beauty,86.7,PayPal,45.0,1
TXN-10797,CUST-382,2023-02-03 05:00:00,Home & Kitchen,141.19,UPI,18.0,0
TXN-10798,CUST-589,2023-02-03 06:00:00,Beauty,130.52,UPI,60.0,0
TXN-10799,CUST-739,2023-02-03 07:00:00,Books,168.62,UPI,18.0,0
TXN-10800,CUST-655,2023-02-03 08:00:00,Electronics,65.45,PayPal,18.0,0
TXN-10801,CUST-559,2023-02-03 09:00:00,Beauty,135.77,Credit Card,34.0,0
TXN-10802,CUST-971,2023-02-03 10:00:00,Home & Kitchen,117.38,PayPal,52.0,1
TXN-10803,CUST-283,2023-02-03 11:00:00,Beauty,88.41,UPI,45.0,1
TXN-10804,CUST-222,2023-02-03 12:00:00,Clothing,88.13,Debit Card,45.0,0
TXN-10805,CUST-127,2023-02-03 13:00:00,Books,129.1,UPI,25.0,1
TXN-10806,CUST-763,2023-02-03 14:00:00,Books,145.19,Credit Card,,0
TXN-10807,CUST-971,2023-02-03 15:00:00,Books,122.54,PayPal,34.0,0
TXN-10808,CUST-486,2023-02-03 16:00:00,Books,123.79,Debit Card,18.0,1
TXN-10809,CUST-134,2023-02-03 17:00:00,Books,100.06,Debit Card,18.0,1
TXN-10810,CUST-114,2023-02-03 18:00:00,Books,102.71,Credit Card,34.0,0
TXN-10811,CUST-640,2023-02-03 19:00:00,Electronics,88.3,PayPal,60.0,0
TXN-10812,CUST-891,2023-02-03 20:00:00,Home & Kitchen,99.26,Debit Card,45.0,1
TXN-10813,CUST-316,2023-02-03 21:00:00,Books,143.79,UPI,18.0,0
TXN-10814,CUST-484,2023-02-03 22:00:00,Home & Kitchen,148.26,Credit Card,,0
TXN-10815,CUST-104,2023-02-03 23:00:00,Books,68.96,Debit Card,25.0,0
TXN-10816,CUST-238,2023-02-04 00:00:00,Beauty,84.14,Credit Card,45.0,1
TXN-10817,CUST-101,2023-02-04 01:00:00,Books,91.58,PayPal,52.0,1
TXN-10818,CUST-584,2023-02-04 02:00:00,Clothing,117.44,PayPal,,1
TXN-10819,CUST-162,2023-02-04 03:00:00,Electronics,52.67,PayPal,34.0,0
TXN-10820,CUST-866,2023-02-04 04:00:00,Beauty,84.84,UPI,45.0,0
TXN-10821,CUST-319,2023-02-04 05:00:00,Beauty,64.58,Debit Card,52.0,0
TXN-10822,CUST-712,2023-02-04 06:00:00,Clothing,136.02,PayPal,25.0,1
TXN-10823,CUST-205,2023-02-04 07:00:00,Books,118.81,UPI,60.0,0
TXN-10824,CUST-584,2023-02-04 08:00:00,Electronics,101.5,PayPal,34.0,0
TXN-10825,CUST-866,2023-02-04 09:00:00,Beauty,77.47,PayPal,60.0,1
TXN-10826,CUST-991,2023-02-04 10:00:00,Electronics,102.12,Debit Card,,0
TXN-10827,CUST-120,2023-02-04 11:00:00,Beauty,97.41,UPI,18.0,1
TXN-10828,CUST-791,2023-02-04 12:00:00,Books,185.39,PayPal,60.0,0
TXN-10829,CUST-906,2023-02-04 13:00:00,Beauty,159.88,UPI,18.0,0
TXN-10830,CUST-230,2023-02-04 14:00:00,Beauty,92.37,UPI,,0
TXN-10831,CUST-929,2023-02-04 15:00:00,Home & Kitchen,126.61,PayPal,52.0,1
TXN-10832,CUST-783,2023-02-04 16:00:00,Books,157.77,PayPal,45.0,1
TXN-10833,CUST-458,2023-02-04 17:00:00,Clothing,92.36,Credit Card,25.0,0
TXN-10834,CUST-876,2023-02-04 18:00:00,Clothing,63.32,Debit Card,52.0,0
TXN-10835,CUST-343,2023-02-04 19:00:00,Books,48.13,PayPal,25.0,1
TXN-10836,CUST-369,2023-02-04 20:00:00,Clothing,170.89,Credit Card,60.0,0
TXN-10837,CUST-501,2023-02-04 21:00:00,Books,112.36,Debit Card,25.0,0
TXN-10838,CUST-101,2023-02-04 22:00:00,Clothing,131.65,PayPal,60.0,0
TXN-10839,CUST-936,2023-02-04 23:00:00,Home & Kitchen,97.03,UPI,25.0,1
TXN-10840,CUST-301,2023-02-05 00:00:00,Clothing,69.28,Debit Card,34.0,0
TXN-10841,CUST-871,2023-02-05 01:00:00,Beauty,76.75,UPI,52.0,0
TXN-10842,CUST-134,2023-02-05 02:00:00,Books,66.36,Credit Card,34.0,1
TXN-10843,CUST-866,2023-02-05 03:00:00,Electronics,154.0,PayPal,45.0,0
TXN-10844,CUST-256,2023-02-05 04:00:00,Electronics,179.7,Credit Card,45.0,0
TXN-10845,CUST-868,2023-02-05 05:00:00,Books,121.49,PayPal,18.0,0
TXN-10846,CUST-963,2023-02-05 06:00:00,Home & Kitchen,59.29,PayPal,18.0,1
TXN-10847,CUST-476,2023-02-05 07:00:00,Clothing,139.86,UPI,18.0,0
TXN-10848,CUST-800,2023-02-05 08:00:00,Home & Kitchen,170.6,Credit Card,,0
TXN-10849,CUST-212,2023-02-05 09:00:00,Electronics,158.87,UPI,45.0,0
TXN-10850,CUST-838,2023-02-05 10:00:00,Books,118.83,UPI,25.0,0
TXN-10851,CUST-602,2023-02-05 11:00:00,Books,110.62,UPI,60.0,1
TXN-10852,CUST-489,2023-02-05 12:00:00,Home & Kitchen,118.51,Credit Card,,0
TXN-10853,CUST-939,2023-02-05 13:00:00,Home & Kitchen,169.01,PayPal,25.0,0
TXN-10854,CUST-152,2023-02-05 14:00:00,Clothing,150.41,PayPal,52.0,0
TXN-10855,CUST-847,2023-02-05 15:00:00,Beauty,104.57,Credit Card,45.0,0
TXN-10856,CUST-283,2023-02-05 16:00:00,Beauty,103.56,PayPal,60.0,1
TXN-10857,CUST-584,2023-02-05 17:00:00,Clothing,100.73,Credit Card,60.0,0
TXN-10858,CUST-971,2023-02-05 18:00:00,Beauty,77.41,Credit Card,60.0,0
TXN-10859,CUST-535,2023-02-05 19:00:00,Electronics,174.07,PayPal,18.0,1
TXN-10860,CUST-259,2023-02-05 20:00:00,Beauty,88.49,Debit Card,60.0,0
TXN-10861,CUST-566,2023-02-05 21:00:00,Clothing,139.61,UPI,60.0,0
TXN-10862,CUST-417,2023-02-05 22:00:00,Beauty,93.54,Credit Card,45.0,1
TXN-10863,CUST-135,2023-02-05 23:00:00,Books,100.91,Credit Card,25.0,0
TXN-10864,CUST-140,2023-02-06 00:00:00,Home & Kitchen,115.44,Debit Card,,0
TXN-10865,CUST-230,2023-02-06 01:00:00,Electronics,141.81,Credit Card,,1
TXN-10866,CUST-180,2023-02-06 02:00:00,Books,109.63,Credit Card,25.0,1
TXN-10867,CUST-709,2023-02-06 03:00:00,Books,74.43,PayPal,34.0,0
TXN-10868,CUST-485,2023-02-06 04:00:00,Clothing,120.76,PayPal,34.0,0
TXN-10869,CUST-484,2023-02-06 05:00:00,Home & Kitchen,89.33,Debit Card,52.0,1
TXN-10870,CUST-727,2023-02-06 06:00:00,Home & Kitchen,181.75,Credit Card,45.0,0
TXN-10871,CUST-604,2023-02-06 07:00:00,Electronics,109.6,UPI,34.0,0
TXN-10872,CUST-515,2023-02-06 08:00:00,Clothing,93.28,PayPal,34.0,1
TXN-10873,CUST-661,2023-02-06 09:00:00,Electronics,198.99,UPI,45.0,0
TXN-10874,CUST-895,2023-02-06 10:00:00,Beauty,149.56,UPI,25.0,0
TXN-10875,CUST-971,2023-02-06 11:00:00,Books,84.13,Debit Card,52.0,0
TXN-10876,CUST-256,2023-02-06 12:00:00,Electronics,88.36,Debit Card,52.0,0
TXN-10877,CUST-940,2023-02-06 13:00:00,Books,138.97,Credit Card,52.0,0
TXN-10878,CUST-739,2023-02-06 14:00:00,Clothing,121.74,Debit Card,34.0,0
TXN-10879,CUST-228,2023-02-06 15:00:00,Beauty,155.61,PayPal,25.0,1
TXN-10880,CUST-382,2023-02-06 16:00:00,Clothing,93.49,Credit Card,52.0,1
TXN-10881,CUST-127,2023-02-06 17:00:00,Beauty,148.04,Credit Card,45.0,0
TXN-10882,CUST-863,2023-02-06 18:00:00,Beauty,30.47,UPI,52.0,0
TXN-10883,CUST-127,2023-02-06 19:00:00,Books,113.82,UPI,,0
TXN-10884,CUST-558,2023-02-06 20:00:00,Clothing,95.31,UPI,18.0,0
TXN-10885,CUST-714,2023-02-06 21:00:00,Clothing,101.8,Credit Card,25.0,0
TXN-10886,CUST-158,2023-02-06 22:00:00,Electronics,115.89,Debit Card,18.0,1
TXN-10887,CUST-918,2023-02-06 23:00:00,Clothing,165.54,Debit Card,25.0,0
TXN-10888,CUST-346,2023-02-07 00:00:00,Electronics,73.84,Debit Card,60.0,0
TXN-10889,CUST-185,2023-02-07 01:00:00,Home & Kitchen,32.48,Credit Card,45.0,1
TXN-10890,CUST-332,2023-02-07 02:00:00,Home & Kitchen,78.48,Credit Card,60.0,0
TXN-10891,CUST-771,2023-02-07 03:00:00,Home & Kitchen,160.9,Credit Card,34.0,0
TXN-10892,CUST-776,2023-02-07 04:00:00,Clothing,54.2,Credit Card,34.0,0
TXN-10893,CUST-370,2023-02-07 05:00:00,Clothing,97.12,Credit Card,60.0,0
TXN-10894,CUST-827,2023-02-07 06:00:00,Electronics,153.58,Debit Card,25.0,0
TXN-10895,CUST-291,2023-02-07 07:00:00,Beauty,117.66,Credit Card,52.0,0
TXN-10896,CUST-848,2023-02-07 08:00:00,Electronics,165.15,Debit Card,18.0,0
TXN-10897,CUST-962,2023-02-07 09:00:00,Home & Kitchen,38.6,Credit Card,45.0,0
TXN-10898,CUST-739,2023-02-07 10:00:00,Electronics,107.14,Debit Card,52.0,1
TXN-10899,CUST-709,2023-02-07 11:00:00,Beauty,173.49,PayPal,34.0,0
TXN-10900,CUST-527,2023-02-07 12:00:00,Clothing,74.92,PayPal,52.0,0
TXN-10901,CUST-300,2023-02-07 13:00:00,Electronics,161.39,Debit Card,60.0,0
TXN-10902,CUST-228,2023-02-07 14:00:00,Home & Kitchen,110.57,PayPal,60.0,0
TXN-10903,CUST-781,2023-02-07 15:00:00,Home & Kitchen,137.37,PayPal,,0
TXN-10904,CUST-610,2023-02-07 16:00:00,Clothing,170.59,Debit Card,,0
TXN-10905,CUST-121,2023-02-07 17:00:00,Electronics,137.19,Credit Card,18.0,1
TXN-10906,CUST-199,2023-02-07 18:00:00,Beauty,96.35,Credit Card,34.0,0
TXN-10907,CUST-868,2023-02-07 19:00:00,Clothing,142.48,Debit Card,25.0,0
TXN-10908,CUST-673,2023-02-07 20:00:00,Electronics,93.53,UPI,45.0,0
TXN-10909,CUST-608,2023-02-07 21:00:00,Books,130.93,UPI,60.0,0
TXN-10910,CUST-205,2023-02-07 22:00:00,Home & Kitchen,69.93,PayPal,45.0,0
TXN-10911,CUST-479,2023-02-07 23:00:00,Beauty,121.16,UPI,34.0,0
TXN-10912,CUST-905,2023-02-08 00:00:00,Beauty,167.57,PayPal,25.0,0
TXN-10913,CUST-500,2023-02-08 01:00:00,Beauty,108.05,Credit Card,,0
TXN-10914,CUST-692,2023-02-08 02:00:00,Home & Kitchen,163.75,Debit Card,60.0,0
TXN-10915,CUST-330,2023-02-08 03:00:00,Electronics,243.74,Credit Card,18.0,1
TXN-10916,CUST-602,2023-02-08 04:00:00,Clothing,118.84,Debit Card,45.0,0
TXN-10917,CUST-962,2023-02-08 05:00:00,Electronics,144.57,UPI,34.0,0
TXN-10918,CUST-954,2023-02-08 06:00:00,Clothing,139.07,Credit Card,45.0,0
TXN-10919,CUST-918,2023-02-08 07:00:00,Beauty,129.0,Credit Card,,0
TXN-10920,CUST-492,2023-02-08 08:00:00,Electronics,151.52,PayPal,,1
TXN-10921,CUST-330,2023-02-08 09:00:00,Beauty,110.08,Debit Card,25.0,0
TXN-10922,CUST-912,2023-02-08 10:00:00,Books,93.5,UPI,18.0,1
TXN-10923,CUST-289,2023-02-08 11:00:00,Beauty,58.95,Credit Card,,0
TXN-10924,CUST-415,2023-02-08 12:00:00,Beauty,106.29,Debit Card,25.0,1
TXN-10925,CUST-571,2023-02-08 13:00:00,Clothing,156.06,UPI,,0
TXN-10926,CUST-270,2023-02-08 14:00:00,Books,82.41,Credit Card,60.0,0
TXN-10927,CUST-674,2023-02-08 15:00:00,Beauty,129.87,Debit Card,52.0,0
TXN-10928,CUST-983,2023-02-08 16:00:00,Beauty,115.08,PayPal,25.0,0
TXN-10929,CUST-935,2023-02-08 17:00:00,Books,95.17,Credit Card,25.0,0
TXN-10930,CUST-291,2023-02-08 18:00:00,Books,45.88,Debit Card,45.0,0
TXN-10931,CUST-132,2023-02-08 19:00:00,Electronics,174.51,UPI,,0
TXN-10932,CUST-665,2023-02-08 20:00:00,Clothing,140.69,UPI,25.0,0
TXN-10933,CUST-851,2023-02-08 21:00:00,Books,226.61,PayPal,34.0,0
TXN-10934,CUST-566,2023-02-08 22:00:00,Books,163.18,Credit Card,60.0,0
TXN-10935,CUST-742,2023-02-08 23:00:00,Home & Kitchen,173.62,PayPal,45.0,0
TXN-10936,CUST-891,2023-02-09 00:00:00,Books,50.03,Debit Card,45.0,0
TXN-10937,CUST-833,2023-02-09 01:00:00,Clothing,49.33,UPI,52.0,0
TXN-10938,CUST-610,2023-02-09 02:00:00,Beauty,121.69,PayPal,60.0,0
TXN-10939,CUST-510,2023-02-09 03:00:00,Beauty,74.08,Credit Card,34.0,1
TXN-10940,CUST-844,2023-02-09 04:00:00,Beauty,92.75,Debit Card,60.0,0
TXN-10941,CUST-962,2023-02-09 05:00:00,Beauty,221.05,Credit Card,25.0,0
TXN-10942,CUST-584,2023-02-09 06:00:00,Home & Kitchen,167.6,PayPal,52.0,0
TXN-10943,CUST-978,2023-02-09 07:00:00,Books,82.57,UPI,34.0,0
TXN-10944,CUST-506,2023-02-09 08:00:00,Beauty,25.36,UPI,52.0,0
TXN-10945,CUST-332,2023-02-09 09:00:00,Electronics,79.2,PayPal,60.0,0
TXN-10946,CUST-664,2023-02-09 10:00:00,Beauty,97.71,Credit Card,18.0,0
TXN-10947,CUST-393,2023-02-09 11:00:00,Books,107.15,Credit Card,60.0,0
TXN-10948,CUST-596,2023-02-09 12:00:00,Beauty,68.84,Credit Card,25.0,0
TXN-10949,CUST-847,2023-02-09 13:00:00,Home & Kitchen,165.19,Credit Card,52.0,0
TXN-10950,CUST-783,2023-02-09 14:00:00,Clothing,91.54,UPI,18.0,0
TXN-10951,CUST-879,2023-02-09 15:00:00,Clothing,145.94,Credit Card,25.0,0
TXN-10952,CUST-844,2023-02-09 16:00:00,Books,122.16,PayPal,52.0,0
TXN-10953,CUST-707,2023-02-09 17:00:00,Clothing,157.54,PayPal,52.0,1
TXN-10954,CUST-185,2023-02-09 18:00:00,Clothing,110.48,PayPal,60.0,1
TXN-10955,CUST-827,2023-02-09 19:00:00,Electronics,83.0,PayPal,,0
TXN-10956,CUST-466,2023-02-09 20:00:00,Books,96.06,Credit Card,52.0,0
TXN-10957,CUST-185,2023-02-09 21:00:00,Books,96.62,UPI,52.0,0
TXN-10958,CUST-851,2023-02-09 22:00:00,Clothing,202.58,Debit Card,45.0,0
TXN-10959,CUST-199,2023-02-09 23:00:00,Clothing,123.06,Credit Card,,1
TXN-10960,CUST-747,2023-02-10 00:00:00,Clothing,120.19,Debit Card,52.0,0
TXN-10961,CUST-447,2023-02-10 01:00:00,Home & Kitchen,155.28,UPI,60.0,1
TXN-10962,CUST-373,2023-02-10 02:00:00,Beauty,120.0,Credit Card,45.0,0
TXN-10963,CUST-351,2023-02-10 03:00:00,Home & Kitchen,164.87,Debit Card,45.0,1
TXN-10964,CUST-781,2023-02-10 04:00:00,Books,105.12,UPI,18.0,0
TXN-10965,CUST-591,2023-02-10 05:00:00,Electronics,101.05,Debit Card,25.0,0
TXN-10966,CUST-574,2023-02-10 06:00:00,Beauty,80.79,PayPal,45.0,0
TXN-10967,CUST-936,2023-02-10 07:00:00,Electronics,194.0,PayPal,34.0,1
TXN-10968,CUST-162,2023-02-10 08:00:00,Books,117.21,UPI,45.0,0
TXN-10969,CUST-458,2023-02-10 09:00:00,Books,73.04,UPI,34.0,1
TXN-10970,CUST-819,2023-02-10 10:00:00,Electronics,127.87,Debit Card,,0
TXN-10971,CUST-894,2023-02-10 11:00:00,Electronics,94.0,UPI,18.0,0
TXN-10972,CUST-561,2023-02-10 12:00:00,Electronics,104.42,PayPal,34.0,1
TXN-10973,CUST-314,2023-02-10 13:00:00,Books,132.43,PayPal,18.0,1
TXN-10974,CUST-152,2023-02-10 14:00:00,Clothing,180.84,Credit Card,18.0,1
TXN-10975,CUST-555,2023-02-10 15:00:00,Electronics,124.06,Debit Card,18.0,0
TXN-10976,CUST-799,2023-02-10 16:00:00,Beauty,91.56,UPI,34.0,1
TXN-10977,CUST-199,2023-02-10 17:00:00,Books,99.8,UPI,34.0,0
TXN-10978,CUST-746,2023-02-10 18:00:00,Home & Kitchen,146.26,UPI,18.0,0
TXN-10979,CUST-314,2023-02-10 19:00:00,Home & Kitchen,41.67,Debit Card,,1
TXN-10980,CUST-180,2023-02-10 20:00:00,Beauty,78.29,PayPal,18.0,0
TXN-10981,CUST-605,2023-02-10 21:00:00,Clothing,128.51,UPI,,0
TXN-10982,CUST-101,2023-02-10 22:00:00,Electronics,51.73,UPI,25.0,0
TXN-10983,CUST-132,2023-02-10 23:00:00,Books,107.5,PayPal,,0
TXN-10984,CUST-661,2023-02-11 00:00:00,Electronics,100.87,UPI,,0
TXN-10985,CUST-739,2023-02-11 01:00:00,Books,155.1,Credit Card,,0
TXN-10986,CUST-938,2023-02-11 02:00:00,Home & Kitchen,109.99,PayPal,18.0,0
TXN-10987,CUST-342,2023-02-11 03:00:00,Electronics,167.47,PayPal,52.0,0
TXN-10988,CUST-591,2023-02-11 04:00:00,Beauty,123.15,PayPal,25.0,0
TXN-10989,CUST-921,2023-02-11 05:00:00,Clothing,191.06,Credit Card,25.0,0
TXN-10990,CUST-954,2023-02-11 06:00:00,Beauty,64.5,PayPal,25.0,0
TXN-10991,CUST-140,2023-02-11 07:00:00,Clothing,184.69,Debit Card,52.0,0
TXN-10992,CUST-940,2023-02-11 08:00:00,Electronics,103.55,Debit Card,25.0,1
TXN-10993,CUST-513,2023-02-11 09:00:00,Electronics,178.96,Debit Card,25.0,1
TXN-10994,CUST-786,2023-02-11 10:00:00,Clothing,167.41,PayPal,34.0,0
TXN-10995,CUST-866,2023-02-11 11:00:00,Home & Kitchen,5.92,PayPal,60.0,0
TXN-10996,CUST-319,2023-02-11 12:00:00,Books,139.17,PayPal,34.0,0
TXN-10997,CUST-472,2023-02-11 13:00:00,Beauty,159.9,Credit Card,18.0,0
TXN-10998,CUST-798,2023-02-11 14:00:00,Beauty,173.14,Debit Card,18.0,1
TXN-10999,CUST-935,2023-02-11 15:00:00,Beauty,72.93,UPI,,0
TXN-11000,CUST-665,2023-02-11 16:00:00,Electronics,143.61,UPI,45.0,0
TXN-11001,CUST-596,2023-02-11 17:00:00,Beauty,127.8,PayPal,60.0,0
TXN-11002,CUST-324,2023-02-11 18:00:00,Books,137.26,Credit Card,52.0,1
TXN-11003,CUST-479,2023-02-11 19:00:00,Books,159.96,PayPal,34.0,0
TXN-11004,CUST-800,2023-02-11 20:00:00,Clothing,166.27,UPI,18.0,0
TXN-11005,CUST-518,2023-02-11 21:00:00,Electronics,93.77,Debit Card,52.0,0
TXN-11006,CUST-957,2023-02-11 22:00:00,Books,130.62,UPI,25.0,0
TXN-11007,CUST-739,2023-02-11 23:00:00,Home & Kitchen,121.65,Debit Card,52.0,1
TXN-11008,CUST-971,2023-02-12 00:00:00,Electronics,110.43,Debit Card,34.0,0
TXN-11009,CUST-476,2023-02-12 01:00:00,Electronics,114.25,Credit Card,60.0,0
TXN-11010,CUST-826,2023-02-12 02:00:00,Books,127.84,UPI,45.0,0
TXN-11011,CUST-737,2023-02-12 03:00:00,Home & Kitchen,95.92,PayPal,,0
TXN-11012,CUST-558,2023-02-12 04:00:00,Clothing,155.32,Credit Card,34.0,0
TXN-11013,CUST-825,2023-02-12 05:00:00,Books,170.77,Debit Card,,0
TXN-11014,CUST-506,2023-02-12 06:00:00,Home & Kitchen,87.18,UPI,60.0,0
TXN-11015,CUST-819,2023-02-12 07:00:00,Electronics,172.73,PayPal,18.0,0
TXN-11016,CUST-584,2023-02-12 08:00:00,Home & Kitchen,87.25,Credit Card,,0
TXN-11017,CUST-962,2023-02-12 09:00:00,Electronics,155.91,PayPal,18.0,1
TXN-11018,CUST-162,2023-02-12 10:00:00,Books,172.66,UPI,52.0,1
TXN-11019,CUST-709,2023-02-12 11:00:00,Books,116.22,PayPal,34.0,1
TXN-11020,CUST-970,2023-02-12 12:00:00,Beauty,87.58,Credit Card,18.0,0
TXN-11021,CUST-842,2023-02-12 13:00:00,Beauty,96.45,PayPal,25.0,0
TXN-11022,CUST-574,2023-02-12 14:00:00,Beauty,134.47,UPI,25.0,0
TXN-11023,CUST-187,2023-02-12 15:00:00,Books,198.59,Credit Card,45.0,0
TXN-11024,CUST-370,2023-02-12 16:00:00,Clothing,52.29,Debit Card,52.0,1
TXN-11025,CUST-719,2023-02-12 17:00:00,Books,124.01,Credit Card,18.0,1
TXN-11026,CUST-838,2023-02-12 18:00:00,Home & Kitchen,116.48,UPI,45.0,1
TXN-11027,CUST-472,2023-02-12 19:00:00,Books,101.74,PayPal,25.0,0
TXN-11028,CUST-819,2023-02-12 20:00:00,Books,116.77,Debit Card,45.0,1
TXN-11029,CUST-844,2023-02-12 21:00:00,Electronics,98.31,Debit Card,45.0,1
TXN-11030,CUST-497,2023-02-12 22:00:00,Electronics,169.73,PayPal,18.0,0
TXN-11031,CUST-121,2023-02-12 23:00:00,Electronics,173.7,UPI,18.0,0
TXN-11032,CUST-541,2023-02-13 00:00:00,Books,123.53,Credit Card,18.0,0
TXN-11033,CUST-791,2023-02-13 01:00:00,Clothing,114.35,UPI,52.0,0
TXN-11034,CUST-835,2023-02-13 02:00:00,Home & Kitchen,100.28,Debit Card,,1
TXN-11035,CUST-589,2023-02-13 03:00:00,Home & Kitchen,123.61,Credit Card,45.0,0
TXN-11036,CUST-229,2023-02-13 04:00:00,Clothing,193.91,Credit Card,45.0,0
TXN-11037,CUST-301,2023-02-13 05:00:00,Clothing,115.85,PayPal,52.0,0
TXN-11038,CUST-844,2023-02-13 06:00:00,Home & Kitchen,86.42,UPI,25.0,0
TXN-11039,CUST-574,2023-02-13 07:00:00,Beauty,104.09,Credit Card,34.0,0
TXN-11040,CUST-291,2023-02-13 08:00:00,Electronics,150.14,PayPal,,1
TXN-11041,CUST-571,2023-02-13 09:00:00,Electronics,91.29,UPI,25.0,0
TXN-11042,CUST-324,2023-02-13 10:00:00,Home & Kitchen,118.65,Debit Card,52.0,1
TXN-11043,CUST-663,2023-02-13 11:00:00,Clothing,138.92,Debit Card,,1
TXN-11044,CUST-502,2023-02-13 12:00:00,Beauty,94.33,UPI,,0
TXN-11045,CUST-324,2023-02-13 13:00:00,Home & Kitchen,49.42,Credit Card,45.0,1
TXN-11046,CUST-783,2023-02-13 14:00:00,Electronics,77.14,Credit Card,45.0,0
TXN-11047,CUST-319,2023-02-13 15:00:00,Books,85.65,Debit Card,18.0,0
TXN-11048,CUST-113,2023-02-13 16:00:00,Clothing,110.85,Debit Card,18.0,0
TXN-11049,CUST-653,2023-02-13 17:00:00,Books,121.77,Credit Card,45.0,0
TXN-11050,CUST-960,2023-02-13 18:00:00,Home & Kitchen,152.95,UPI,45.0,0
TXN-11051,CUST-330,2023-02-13 19:00:00,Electronics,70.91,Debit Card,60.0,1
TXN-11052,CUST-971,2023-02-13 20:00:00,Beauty,147.13,Credit Card,,0
TXN-11053,CUST-300,2023-02-13 21:00:00,Books,105.16,UPI,18.0,0
TXN-11054,CUST-709,2023-02-13 22:00:00,Beauty,48.58,PayPal,18.0,0
TXN-11055,CUST-673,2023-02-13 23:00:00,Electronics,120.54,UPI,25.0,0
TXN-11056,CUST-270,2023-02-14 00:00:00,Books,172.65,Credit Card,45.0,0
TXN-11057,CUST-466,2023-02-14 01:00:00,Beauty,155.32,UPI,,0
TXN-11058,CUST-872,2023-02-14 02:00:00,Beauty,116.95,Credit Card,45.0,0
TXN-11059,CUST-833,2023-02-14 03:00:00,Books,165.03,Debit Card,52.0,0
TXN-11060,CUST-709,2023-02-14 04:00:00,Electronics,127.69,PayPal,25.0,0
TXN-11061,CUST-373,2023-02-14 05:00:00,Beauty,159.25,Debit Card,34.0,1
TXN-11062,CUST-938,2023-02-14 06:00:00,Home & Kitchen,53.54,Debit Card,34.0,0
TXN-11063,CUST-610,2023-02-14 07:00:00,Books,70.01,Credit Card,34.0,0
TXN-11064,CUST-566,2023-02-14 08:00:00,Clothing,149.16,Credit Card,,1
TXN-11065,CUST-487,2023-02-14 09:00:00,Clothing,181.57,Credit Card,60.0,0
TXN-11066,CUST-727,2023-02-14 10:00:00,Electronics,136.69,Credit Card,18.0,0
TXN-11067,CUST-673,2023-02-14 11:00:00,Home & Kitchen,100.11,Debit Card,,0
TXN-11068,CUST-798,2023-02-14 12:00:00,Beauty,85.98,Credit Card,34.0,1
TXN-11069,CUST-931,2023-02-14 13:00:00,Clothing,107.39,Credit Card,52.0,1
TXN-11070,CUST-724,2023-02-14 14:00:00,Electronics,168.55,Debit Card,,1
TXN-11071,CUST-940,2023-02-14 15:00:00,Home & Kitchen,106.3,PayPal,,0
TXN-11072,CUST-191,2023-02-14 16:00:00,Home & Kitchen,161.91,PayPal,18.0,1
TXN-11073,CUST-879,2023-02-14 17:00:00,Electronics,146.1,UPI,18.0,0
TXN-11074,CUST-700,2023-02-14 18:00:00,Electronics,188.56,Debit Card,34.0,0
TXN-11075,CUST-771,2023-02-14 19:00:00,Beauty,128.01,Credit Card,18.0,0
TXN-11076,CUST-824,2023-02-14 20:00:00,Electronics,118.02,UPI,25.0,0
TXN-11077,CUST-727,2023-02-14 21:00:00,Beauty,163.91,PayPal,25.0,0
TXN-11078,CUST-572,2023-02-14 22:00:00,Beauty,82.59,PayPal,34.0,0
TXN-11079,CUST-926,2023-02-14 23:00:00,Books,102.24,Debit Card,,0
TXN-11080,CUST-712,2023-02-15 00:00:00,Home & Kitchen,52.8,Credit Card,52.0,0
TXN-11081,CUST-798,2023-02-15 01:00:00,Home & Kitchen,69.83,Credit Card,18.0,0
TXN-11082,CUST-206,2023-02-15 02:00:00,Home & Kitchen,196.93,UPI,45.0,0
TXN-11083,CUST-180,2023-02-15 03:00:00,Books,147.69,PayPal,,0
TXN-11084,CUST-230,2023-02-15 04:00:00,Beauty,65.17,UPI,34.0,0
TXN-11085,CUST-786,2023-02-15 05:00:00,Beauty,167.79,UPI,60.0,0
TXN-11086,CUST-739,2023-02-15 06:00:00,Electronics,91.85,UPI,18.0,0
TXN-11087,CUST-653,2023-02-15 07:00:00,Books,145.64,Credit Card,34.0,1
TXN-11088,CUST-714,2023-02-15 08:00:00,Electronics,145.04,PayPal,34.0,0
TXN-11089,CUST-915,2023-02-15 09:00:00,Books,186.6,UPI,52.0,0
TXN-11090,CUST-230,2023-02-15 10:00:00,Electronics,98.49,PayPal,45.0,0
TXN-11091,CUST-926,2023-02-15 11:00:00,Clothing,90.39,PayPal,18.0,1
TXN-11092,CUST-373,2023-02-15 12:00:00,Home & Kitchen,12.44,UPI,34.0,0
TXN-11093,CUST-991,2023-02-15 13:00:00,Home & Kitchen,115.13,UPI,34.0,0
TXN-11094,CUST-487,2023-02-15 14:00:00,Beauty,149.01,Debit Card,,0
TXN-11095,CUST-234,2023-02-15 15:00:00,Clothing,154.48,Credit Card,18.0,1
TXN-11096,CUST-605,2023-02-15 16:00:00,Home & Kitchen,170.1,PayPal,34.0,1
TXN-11097,CUST-960,2023-02-15 17:00:00,Beauty,131.59,UPI,34.0,0
TXN-11098,CUST-646,2023-02-15 18:00:00,Clothing,140.19,UPI,34.0,1
TXN-11099,CUST-844,2023-02-15 19:00:00,Home & Kitchen,122.72,PayPal,25.0,0
TXN-11100,CUST-835,2023-02-15 20:00:00,Electronics,148.3,UPI,25.0,1
TXN-11101,CUST-256,2023-02-15 21:00:00,Books,82.63,Debit Card,45.0,1
TXN-11102,CUST-921,2023-02-15 22:00:00,Clothing,63.66,PayPal,52.0,0
TXN-11103,CUST-445,2023-02-15 23:00:00,Beauty,86.85,UPI,,0
TXN-11104,CUST-962,2023-02-16 00:00:00,Clothing,128.54,PayPal,,1
TXN-11105,CUST-665,2023-02-16 01:00:00,Beauty,67.98,UPI,18.0,0
TXN-11106,CUST-801,2023-02-16 02:00:00,Clothing,94.67,UPI,52.0,1
TXN-11107,CUST-164,2023-02-16 03:00:00,Beauty,95.95,Credit Card,52.0,0
TXN-11108,CUST-291,2023-02-16 04:00:00,Home & Kitchen,151.27,PayPal,,0
TXN-11109,CUST-518,2023-02-16 05:00:00,Electronics,146.4,Credit Card,25.0,0
TXN-11110,CUST-135,2023-02-16 06:00:00,Home & Kitchen,122.82,UPI,45.0,1
TXN-11111,CUST-727,2023-02-16 07:00:00,Electronics,138.04,PayPal,52.0,0
TXN-11112,CUST-497,2023-02-16 08:00:00,Home & Kitchen,138.83,PayPal,,0
TXN-11113,CUST-714,2023-02-16 09:00:00,Home & Kitchen,105.46,Debit Card,52.0,0
TXN-11114,CUST-158,2023-02-16 10:00:00,Clothing,98.3,Debit Card,34.0,1
TXN-11115,CUST-591,2023-02-16 11:00:00,Books,181.47,UPI,18.0,0
TXN-11116,CUST-180,2023-02-16 12:00:00,Beauty,20.43,UPI,45.0,0
TXN-11117,CUST-727,2023-02-16 13:00:00,Beauty,90.35,UPI,,0
TXN-11118,CUST-956,2023-02-16 14:00:00,Beauty,111.85,UPI,18.0,1
TXN-11119,CUST-660,2023-02-16 15:00:00,Electronics,142.4,Debit Card,25.0,0
TXN-11120,CUST-541,2023-02-16 16:00:00,Beauty,165.42,PayPal,52.0,0
TXN-11121,CUST-957,2023-02-16 17:00:00,Beauty,194.27,Credit Card,52.0,0
TXN-11122,CUST-576,2023-02-16 18:00:00,Clothing,116.33,PayPal,60.0,0
TXN-11123,CUST-956,2023-02-16 19:00:00,Home & Kitchen,119.01,PayPal,18.0,0
TXN-11124,CUST-957,2023-02-16 20:00:00,Beauty,134.5,Debit Card,25.0,0
TXN-11125,CUST-302,2023-02-16 21:00:00,Books,98.76,PayPal,,1
TXN-11126,CUST-661,2023-02-16 22:00:00,Beauty,72.63,PayPal,60.0,0
TXN-11127,CUST-316,2023-02-16 23:00:00,Electronics,116.15,UPI,60.0,0
TXN-11128,CUST-158,2023-02-17 00:00:00,Electronics,149.81,Credit Card,34.0,0
TXN-11129,CUST-382,2023-02-17 01:00:00,Electronics,110.28,PayPal,60.0,1
TXN-11130,CUST-863,2023-02-17 02:00:00,Beauty,136.54,PayPal,60.0,0
TXN-11131,CUST-195,2023-02-17 03:00:00,Clothing,45.25,Credit Card,34.0,0
TXN-11132,CUST-918,2023-02-17 04:00:00,Books,120.74,UPI,52.0,0
TXN-11133,CUST-158,2023-02-17 05:00:00,Beauty,103.86,Debit Card,52.0,0
TXN-11134,CUST-158,2023-02-17 06:00:00,Clothing,69.0,Debit Card,45.0,1
TXN-11135,CUST-918,2023-02-17 07:00:00,Clothing,146.29,PayPal,60.0,0
TXN-11136,CUST-393,2023-02-17 08:00:00,Beauty,193.83,UPI,18.0,0
TXN-11137,CUST-798,2023-02-17 09:00:00,Beauty,159.6,Debit Card,52.0,0
TXN-11138,CUST-605,2023-02-17 10:00:00,Clothing,162.15,Debit Card,25.0,0
TXN-11139,CUST-939,2023-02-17 11:00:00,Clothing,148.5,Debit Card,,0
TXN-11140,CUST-602,2023-02-17 12:00:00,Clothing,145.86,Debit Card,18.0,0
TXN-11141,CUST-501,2023-02-17 13:00:00,Beauty,48.02,Debit Card,45.0,0
TXN-11142,CUST-940,2023-02-17 14:00:00,Clothing,114.88,PayPal,60.0,0
TXN-11143,CUST-940,2023-02-17 15:00:00,Electronics,140.35,Debit Card,34.0,0
TXN-11144,CUST-866,2023-02-17 16:00:00,Beauty,141.26,PayPal,45.0,1
TXN-11145,CUST-835,2023-02-17 17:00:00,Electronics,170.87,Credit Card,18.0,0
TXN-11146,CUST-882,2023-02-17 18:00:00,Home & Kitchen,78.7,Credit Card,34.0,0
TXN-11147,CUST-674,2023-02-17 19:00:00,Beauty,144.29,UPI,25.0,0
TXN-11148,CUST-497,2023-02-17 20:00:00,Home & Kitchen,77.4,PayPal,34.0,0
TXN-11149,CUST-848,2023-02-17 21:00:00,Clothing,111.53,UPI,34.0,1
TXN-11150,CUST-904,2023-02-17 22:00:00,Clothing,117.52,Credit Card,25.0,0
TXN-11151,CUST-584,2023-02-17 23:00:00,Books,154.5,Credit Card,52.0,1
TXN-11152,CUST-800,2023-02-18 00:00:00,Clothing,149.8,Credit Card,52.0,0
TXN-11153,CUST-598,2023-02-18 01:00:00,Home & Kitchen,124.81,Credit Card,34.0,0
TXN-11154,CUST-776,2023-02-18 02:00:00,Clothing,33.92,Debit Card,,0
TXN-11155,CUST-882,2023-02-18 03:00:00,Beauty,137.79,Credit Card,34.0,0
TXN-11156,CUST-929,2023-02-18 04:00:00,Clothing,109.29,Debit Card,45.0,0
TXN-11157,CUST-260,2023-02-18 05:00:00,Books,175.67,Debit Card,,1
TXN-11158,CUST-869,2023-02-18 06:00:00,Clothing,166.14,UPI,52.0,0
TXN-11159,CUST-646,2023-02-18 07:00:00,Home & Kitchen,82.48,Debit Card,25.0,1
TXN-11160,CUST-971,2023-02-18 08:00:00,Home & Kitchen,143.29,UPI,60.0,0
TXN-11161,CUST-574,2023-02-18 09:00:00,Clothing,144.08,Debit Card,60.0,0
TXN-11162,CUST-971,2023-02-18 10:00:00,Home & Kitchen,141.17,Debit Card,34.0,0
TXN-11163,CUST-212,2023-02-18 11:00:00,Home & Kitchen,135.98,Credit Card,34.0,0
TXN-11164,CUST-673,2023-02-18 12:00:00,Books,145.21,PayPal,60.0,1
TXN-11165,CUST-875,2023-02-18 13:00:00,Beauty,180.06,Debit Card,45.0,0
TXN-11166,CUST-314,2023-02-18 14:00:00,Books,97.94,PayPal,45.0,1
TXN-11167,CUST-610,2023-02-18 15:00:00,Electronics,83.77,PayPal,45.0,0
TXN-11168,CUST-382,2023-02-18 16:00:00,Books,151.31,PayPal,18.0,1
TXN-11169,CUST-430,2023-02-18 17:00:00,Clothing,44.67,Debit Card,25.0,0
TXN-11170,CUST-289,2023-02-18 18:00:00,Beauty,146.16,PayPal,18.0,0
TXN-11171,CUST-904,2023-02-18 19:00:00,Clothing,139.08,Debit Card,34.0,0
TXN-11172,CUST-891,2023-02-18 20:00:00,Electronics,26.18,Credit Card,45.0,0
TXN-11173,CUST-748,2023-02-18 21:00:00,Beauty,94.55,Debit Card,45.0,0
TXN-11174,CUST-199,2023-02-18 22:00:00,Home & Kitchen,183.04,UPI,60.0,0
TXN-11175,CUST-476,2023-02-18 23:00:00,Books,61.71,Credit Card,60.0,0
TXN-11176,CUST-584,2023-02-19 00:00:00,Clothing,128.5,PayPal,,0
TXN-11177,CUST-561,2023-02-19 01:00:00,Electronics,79.8,PayPal,45.0,1
TXN-11178,CUST-554,2023-02-19 02:00:00,Home & Kitchen,91.64,UPI,52.0,0
TXN-11179,CUST-748,2023-02-19 03:00:00,Books,196.65,Credit Card,60.0,1
TXN-11180,CUST-382,2023-02-19 04:00:00,Home & Kitchen,124.94,UPI,25.0,0
TXN-11181,CUST-266,2023-02-19 05:00:00,Books,140.68,PayPal,18.0,0
TXN-11182,CUST-484,2023-02-19 06:00:00,Beauty,115.5,Debit Card,25.0,0
TXN-11183,CUST-956,2023-02-19 07:00:00,Home & Kitchen,59.39,PayPal,60.0,0
TXN-11184,CUST-771,2023-02-19 08:00:00,Home & Kitchen,72.6,UPI,45.0,1
TXN-11185,CUST-624,2023-02-19 09:00:00,Home & Kitchen,167.14,Debit Card,34.0,1
TXN-11186,CUST-473,2023-02-19 10:00:00,Beauty,126.12,Debit Card,52.0,0
TXN-11187,CUST-330,2023-02-19 11:00:00,Electronics,89.19,PayPal,60.0,1
TXN-11188,CUST-754,2023-02-19 12:00:00,Books,119.12,Debit Card,25.0,0
TXN-11189,CUST-199,2023-02-19 13:00:00,Home & Kitchen,146.46,Credit Card,34.0,1
TXN-11190,CUST-314,2023-02-19 14:00:00,Beauty,138.18,PayPal,60.0,0
TXN-11191,CUST-270,2023-02-19 15:00:00,Electronics,89.21,PayPal,45.0,1
TXN-11192,CUST-408,2023-02-19 16:00:00,Books,56.99,Credit Card,,1
TXN-11193,CUST-256,2023-02-19 17:00:00,Beauty,103.72,PayPal,45.0,0
TXN-11194,CUST-719,2023-02-19 18:00:00,Books,164.36,UPI,45.0,0
TXN-11195,CUST-324,2023-02-19 19:00:00,Home & Kitchen,154.18,UPI,45.0,0
TXN-11196,CUST-754,2023-02-19 20:00:00,Electronics,136.42,PayPal,60.0,0
TXN-11197,CUST-114,2023-02-19 21:00:00,Beauty,113.16,Credit Card,,1
TXN-11198,CUST-283,2023-02-19 22:00:00,Electronics,99.33,Debit Card,52.0,1
TXN-11199,CUST-781,2023-02-19 23:00:00,Home & Kitchen,113.91,Credit Card,52.0,0
TXN-11200,CUST-742,2023-02-20 00:00:00,Electronics,151.27,UPI,25.0,0
TXN-11201,CUST-541,2023-02-20 01:00:00,Electronics,160.41,PayPal,60.0,0
TXN-11202,CUST-844,2023-02-20 02:00:00,Clothing,109.53,Credit Card,,0
TXN-11203,CUST-800,2023-02-20 03:00:00,Electronics,221.45,Debit Card,,0
TXN-11204,CUST-291,2023-02-20 04:00:00,Books,123.7,Debit Card,45.0,0
TXN-11205,CUST-413,2023-02-20 05:00:00,Beauty,106.12,Debit Card,52.0,0
TXN-11206,CUST-692,2023-02-20 06:00:00,Clothing,179.03,Debit Card,60.0,0
TXN-11207,CUST-305,2023-02-20 07:00:00,Beauty,38.47,Credit Card,34.0,0
TXN-11208,CUST-120,2023-02-20 08:00:00,Beauty,139.2,Debit Card,52.0,0
TXN-11209,CUST-513,2023-02-20 09:00:00,Home & Kitchen,117.09,UPI,52.0,0
TXN-11210,CUST-727,2023-02-20 10:00:00,Home & Kitchen,177.93,Debit Card,,1
TXN-11211,CUST-283,2023-02-20 11:00:00,Clothing,144.2,UPI,25.0,0
TXN-11212,CUST-370,2023-02-20 12:00:00,Home & Kitchen,125.56,Credit Card,52.0,1
TXN-11213,CUST-915,2023-02-20 13:00:00,Home & Kitchen,146.51,UPI,34.0,0
TXN-11214,CUST-574,2023-02-20 14:00:00,Home & Kitchen,77.78,Credit Card,45.0,1
TXN-11215,CUST-484,2023-02-20 15:00:00,Beauty,158.67,Debit Card,18.0,0
TXN-11216,CUST-283,2023-02-20 16:00:00,Clothing,66.22,PayPal,25.0,1
TXN-11217,CUST-783,2023-02-20 17:00:00,Beauty,134.34,UPI,34.0,1
TXN-11218,CUST-527,2023-02-20 18:00:00,Books,121.42,UPI,25.0,0
TXN-11219,CUST-866,2023-02-20 19:00:00,Beauty,49.48,PayPal,60.0,1
TXN-11220,CUST-571,2023-02-20 20:00:00,Books,122.76,Credit Card,45.0,0
TXN-11221,CUST-114,2023-02-20 21:00:00,Electronics,131.28,Credit Card,52.0,0
TXN-11222,CUST-101,2023-02-20 22:00:00,Electronics,93.8,Debit Card,60.0,0
TXN-11223,CUST-408,2023-02-20 23:00:00,Books,79.5,UPI,52.0,1
TXN-11224,CUST-905,2023-02-21 00:00:00,Books,139.69,Credit Card,,1
TXN-11225,CUST-135,2023-02-21 01:00:00,Beauty,134.49,Debit Card,34.0,0
TXN-11226,CUST-324,2023-02-21 02:00:00,Books,129.07,Credit Card,45.0,0
TXN-11227,CUST-501,2023-02-21 03:00:00,Clothing,120.35,PayPal,18.0,1
TXN-11228,CUST-761,2023-02-21 04:00:00,Electronics,97.34,PayPal,18.0,1
TXN-11229,CUST-101,2023-02-21 05:00:00,Electronics,210.89,PayPal,52.0,1
TXN-11230,CUST-798,2023-02-21 06:00:00,Books,108.07,Debit Card,60.0,0
TXN-11231,CUST-939,2023-02-21 07:00:00,Home & Kitchen,85.4,UPI,,0
TXN-11232,CUST-486,2023-02-21 08:00:00,Home & Kitchen,122.18,PayPal,45.0,0
TXN-11233,CUST-120,2023-02-21 09:00:00,Books,112.76,PayPal,45.0,0
TXN-11234,CUST-187,2023-02-21 10:00:00,Clothing,107.14,Credit Card,34.0,0
TXN-11235,CUST-712,2023-02-21 11:00:00,Home & Kitchen,194.97,PayPal,60.0,0
TXN-11236,CUST-561,2023-02-21 12:00:00,Books,74.81,UPI,18.0,0
TXN-11237,CUST-346,2023-02-21 13:00:00,Clothing,121.5,Debit Card,34.0,0
TXN-11238,CUST-515,2023-02-21 14:00:00,Clothing,77.49,PayPal,25.0,0
TXN-11239,CUST-314,2023-02-21 15:00:00,Beauty,98.36,Debit Card,45.0,0
TXN-11240,CUST-229,2023-02-21 16:00:00,Clothing,189.44,Debit Card,18.0,0
TXN-11241,CUST-484,2023-02-21 17:00:00,Home & Kitchen,131.26,UPI,34.0,0
TXN-11242,CUST-895,2023-02-21 18:00:00,Home & Kitchen,130.77,Credit Card,52.0,0
TXN-11243,CUST-905,2023-02-21 19:00:00,Books,82.42,Credit Card,25.0,0
TXN-11244,CUST-191,2023-02-21 20:00:00,Books,103.02,Debit Card,34.0,1
TXN-11245,CUST-266,2023-02-21 21:00:00,Clothing,192.92,PayPal,52.0,0
TXN-11246,CUST-234,2023-02-21 22:00:00,Electronics,139.97,Debit Card,18.0,1
TXN-11247,CUST-829,2023-02-21 23:00:00,Beauty,106.41,Credit Card,18.0,0
TXN-11248,CUST-120,2023-02-22 00:00:00,Electronics,137.62,PayPal,25.0,1
TXN-11249,CUST-305,2023-02-22 01:00:00,Clothing,130.71,Credit Card,52.0,0
TXN-11250,CUST-905,2023-02-22 02:00:00,Clothing,86.42,UPI,45.0,0
TXN-11251,CUST-306,2023-02-22 03:00:00,Electronics,105.25,Credit Card,,1
TXN-11252,CUST-666,2023-02-22 04:00:00,Beauty,210.18,PayPal,,0
TXN-11253,CUST-798,2023-02-22 05:00:00,Electronics,135.68,PayPal,18.0,0
TXN-11254,CUST-674,2023-02-22 06:00:00,Books,57.24,Debit Card,60.0,0
TXN-11255,CUST-443,2023-02-22 07:00:00,Home & Kitchen,140.41,PayPal,45.0,0
TXN-11256,CUST-289,2023-02-22 08:00:00,Books,172.12,UPI,45.0,1
TXN-11257,CUST-187,2023-02-22 09:00:00,Home & Kitchen,83.82,Credit Card,,1
TXN-11258,CUST-673,2023-02-22 10:00:00,Clothing,101.73,Debit Card,34.0,0
TXN-11259,CUST-484,2023-02-22 11:00:00,Beauty,178.15,Debit Card,34.0,0
TXN-11260,CUST-673,2023-02-22 12:00:00,Electronics,121.4,PayPal,18.0,1
TXN-11261,CUST-737,2023-02-22 13:00:00,Beauty,114.28,UPI,45.0,1
TXN-11262,CUST-324,2023-02-22 14:00:00,Electronics,66.56,Debit Card,34.0,0
TXN-11263,CUST-358,2023-02-22 15:00:00,Books,162.82,UPI,52.0,0
TXN-11264,CUST-714,2023-02-22 16:00:00,Books,112.46,UPI,52.0,0
TXN-11265,CUST-104,2023-02-22 17:00:00,Electronics,33.16,Credit Card,52.0,1
TXN-11266,CUST-430,2023-02-22 18:00:00,Beauty,57.09,Credit Card,52.0,0
TXN-11267,CUST-479,2023-02-22 19:00:00,Electronics,97.54,Credit Card,45.0,0
TXN-11268,CUST-191,2023-02-22 20:00:00,Clothing,77.09,UPI,52.0,0
TXN-11269,CUST-415,2023-02-22 21:00:00,Books,83.36,Credit Card,45.0,1
TXN-11270,CUST-656,2023-02-22 22:00:00,Clothing,213.79,Debit Card,,1
TXN-11271,CUST-127,2023-02-22 23:00:00,Books,148.3,Debit Card,18.0,0
TXN-11272,CUST-191,2023-02-23 00:00:00,Books,16.91,PayPal,18.0,0
TXN-11273,CUST-829,2023-02-23 01:00:00,Home & Kitchen,107.43,UPI,52.0,1
TXN-11274,CUST-229,2023-02-23 02:00:00,Clothing,116.42,Credit Card,52.0,0
TXN-11275,CUST-261,2023-02-23 03:00:00,Clothing,60.92,Debit Card,52.0,0
TXN-11276,CUST-104,2023-02-23 04:00:00,Home & Kitchen,141.38,UPI,18.0,1
TXN-11277,CUST-559,2023-02-23 05:00:00,Beauty,38.34,UPI,34.0,0
TXN-11278,CUST-566,2023-02-23 06:00:00,Clothing,163.88,Credit Card,18.0,0
TXN-11279,CUST-447,2023-02-23 07:00:00,Electronics,177.66,UPI,52.0,0
TXN-11280,CUST-393,2023-02-23 08:00:00,Home & Kitchen,214.1,Credit Card,34.0,0
TXN-11281,CUST-561,2023-02-23 09:00:00,Clothing,57.03,Credit Card,34.0,1
TXN-11282,CUST-665,2023-02-23 10:00:00,Beauty,65.16,Credit Card,25.0,0
TXN-11283,CUST-430,2023-02-23 11:00:00,Clothing,147.71,UPI,,0
TXN-11284,CUST-560,2023-02-23 12:00:00,Books,167.31,UPI,45.0,0
TXN-11285,CUST-871,2023-02-23 13:00:00,Electronics,152.36,Credit Card,,0
TXN-11286,CUST-610,2023-02-23 14:00:00,Home & Kitchen,163.19,UPI,52.0,1
TXN-11287,CUST-608,2023-02-23 15:00:00,Books,175.07,Credit Card,45.0,0
TXN-11288,CUST-289,2023-02-23 16:00:00,Beauty,128.09,PayPal,25.0,0
TXN-11289,CUST-646,2023-02-23 17:00:00,Books,111.5,UPI,45.0,0
TXN-11290,CUST-180,2023-02-23 18:00:00,Books,65.27,UPI,52.0,0
TXN-11291,CUST-665,2023-02-23 19:00:00,Beauty,108.08,PayPal,25.0,0
TXN-11292,CUST-501,2023-02-23 20:00:00,Books,114.2,PayPal,45.0,1
TXN-11293,CUST-879,2023-02-23 21:00:00,Home & Kitchen,82.01,PayPal,18.0,0
TXN-11294,CUST-838,2023-02-23 22:00:00,Clothing,118.47,Credit Card,34.0,1
TXN-11295,CUST-895,2023-02-23 23:00:00,Books,77.5,Credit Card,,0
TXN-11296,CUST-473,2023-02-24 00:00:00,Home & Kitchen,164.53,Debit Card,25.0,0
TXN-11297,CUST-535,2023-02-24 01:00:00,Clothing,137.03,PayPal,18.0,0
TXN-11298,CUST-732,2023-02-24 02:00:00,Clothing,101.62,Debit Card,52.0,0
TXN-11299,CUST-393,2023-02-24 03:00:00,Books,127.55,Credit Card,34.0,1
TXN-11300,CUST-748,2023-02-24 04:00:00,Home & Kitchen,75.8,UPI,,0
TXN-11301,CUST-875,2023-02-24 05:00:00,Books,79.85,PayPal,25.0,0
TXN-11302,CUST-287,2023-02-24 06:00:00,Beauty,94.65,UPI,34.0,1
TXN-11303,CUST-827,2023-02-24 07:00:00,Clothing,112.32,Credit Card,60.0,0
TXN-11304,CUST-826,2023-02-24 08:00:00,Books,125.65,PayPal,60.0,0
TXN-11305,CUST-640,2023-02-24 09:00:00,Clothing,125.81,Debit Card,25.0,1
TXN-11306,CUST-104,2023-02-24 10:00:00,Home & Kitchen,67.25,Debit Card,25.0,0
TXN-11307,CUST-576,2023-02-24 11:00:00,Electronics,116.77,Credit Card,45.0,1
TXN-11308,CUST-306,2023-02-24 12:00:00,Books,87.28,UPI,34.0,0
TXN-11309,CUST-912,2023-02-24 13:00:00,Books,-16.36,Credit Card,60.0,0
TXN-11310,CUST-140,2023-02-24 14:00:00,Clothing,243.02,UPI,,0
TXN-11311,CUST-395,2023-02-24 15:00:00,Home & Kitchen,88.05,Credit Card,60.0,0
TXN-11312,CUST-164,2023-02-24 16:00:00,Beauty,90.27,Debit Card,34.0,0
TXN-11313,CUST-714,2023-02-24 17:00:00,Home & Kitchen,66.14,UPI,60.0,0
TXN-11314,CUST-798,2023-02-24 18:00:00,Books,77.7,Credit Card,,1
TXN-11315,CUST-466,2023-02-24 19:00:00,Beauty,112.45,PayPal,18.0,1
TXN-11316,CUST-476,2023-02-24 20:00:00,Home & Kitchen,174.07,Debit Card,60.0,0
TXN-11317,CUST-610,2023-02-24 21:00:00,Electronics,112.23,Debit Card,60.0,0
TXN-11318,CUST-781,2023-02-24 22:00:00,Clothing,107.06,PayPal,52.0,0
TXN-11319,CUST-101,2023-02-24 23:00:00,Home & Kitchen,168.01,Credit Card,18.0,0
TXN-11320,CUST-991,2023-02-25 00:00:00,Home & Kitchen,99.02,UPI,45.0,0
TXN-11321,CUST-101,2023-02-25 01:00:00,Electronics,120.85,Debit Card,25.0,0
TXN-11322,CUST-978,2023-02-25 02:00:00,Books,83.14,Credit Card,,0
TXN-11323,CUST-541,2023-02-25 03:00:00,Clothing,187.41,PayPal,60.0,1
TXN-11324,CUST-800,2023-02-25 04:00:00,Home & Kitchen,161.94,UPI,,0
TXN-11325,CUST-101,2023-02-25 05:00:00,Beauty,113.88,Credit Card,45.0,0
TXN-11326,CUST-895,2023-02-25 06:00:00,Home & Kitchen,104.02,Credit Card,45.0,0
TXN-11327,CUST-408,2023-02-25 07:00:00,Clothing,118.73,Debit Card,18.0,1
TXN-11328,CUST-960,2023-02-25 08:00:00,Home & Kitchen,114.46,Debit Card,,1
TXN-11329,CUST-443,2023-02-25 09:00:00,Electronics,58.13,UPI,25.0,1
TXN-11330,CUST-243,2023-02-25 10:00:00,Home & Kitchen,163.31,Credit Card,52.0,1
TXN-11331,CUST-584,2023-02-25 11:00:00,Home & Kitchen,110.91,PayPal,45.0,0
TXN-11332,CUST-558,2023-02-25 12:00:00,Beauty,195.93,PayPal,52.0,0
TXN-11333,CUST-314,2023-02-25 13:00:00,Electronics,136.87,UPI,25.0,1
TXN-11334,CUST-205,2023-02-25 14:00:00,Electronics,19.16,Credit Card,25.0,0
TXN-11335,CUST-314,2023-02-25 15:00:00,Home & Kitchen,68.74,Debit Card,18.0,0
TXN-11336,CUST-591,2023-02-25 16:00:00,Beauty,34.16,Credit Card,,1
TXN-11337,CUST-771,2023-02-25 17:00:00,Home & Kitchen,68.24,Debit Card,34.0,1
TXN-11338,CUST-912,2023-02-25 18:00:00,Home & Kitchen,54.66,PayPal,,1
TXN-11339,CUST-939,2023-02-25 19:00:00,Clothing,130.1,UPI,60.0,1
TXN-11340,CUST-584,2023-02-25 20:00:00,Clothing,107.36,UPI,18.0,0
TXN-11341,CUST-333,2023-02-25 21:00:00,Beauty,149.62,UPI,,1
TXN-11342,CUST-492,2023-02-25 22:00:00,Books,118.48,Debit Card,52.0,0
TXN-11343,CUST-324,2023-02-25 23:00:00,Clothing,110.39,PayPal,,0
TXN-11344,CUST-140,2023-02-26 00:00:00,Books,200.13,PayPal,18.0,0
TXN-11345,CUST-842,2023-02-26 01:00:00,Electronics,128.91,UPI,25.0,0
TXN-11346,CUST-866,2023-02-26 02:00:00,Clothing,116.78,UPI,45.0,1
TXN-11347,CUST-223,2023-02-26 03:00:00,Clothing,85.86,Debit Card,60.0,0
TXN-11348,CUST-971,2023-02-26 04:00:00,Beauty,72.96,Debit Card,60.0,0
TXN-11349,CUST-655,2023-02-26 05:00:00,Books,150.82,Credit Card,34.0,0
TXN-11350,CUST-147,2023-02-26 06:00:00,Clothing,148.43,Debit Card,25.0,0
TXN-11351,CUST-956,2023-02-26 07:00:00,Clothing,182.86,Credit Card,60.0,0
TXN-11352,CUST-940,2023-02-26 08:00:00,Beauty,139.16,UPI,60.0,0
TXN-11353,CUST-162,2023-02-26 09:00:00,Beauty,104.28,PayPal,45.0,0
TXN-11354,CUST-895,2023-02-26 10:00:00,Books,140.44,Debit Card,52.0,0
TXN-11355,CUST-771,2023-02-26 11:00:00,Electronics,116.79,PayPal,52.0,0
TXN-11356,CUST-352,2023-02-26 12:00:00,Electronics,154.62,Debit Card,52.0,0
TXN-11357,CUST-829,2023-02-26 13:00:00,Home & Kitchen,173.37,Debit Card,18.0,0
TXN-11358,CUST-745,2023-02-26 14:00:00,Clothing,113.26,Credit Card,52.0,1
TXN-11359,CUST-897,2023-02-26 15:00:00,Books,190.29,Debit Card,52.0,0
TXN-11360,CUST-825,2023-02-26 16:00:00,Clothing,167.53,UPI,18.0,0
TXN-11361,CUST-443,2023-02-26 17:00:00,Books,120.71,PayPal,45.0,0
TXN-11362,CUST-709,2023-02-26 18:00:00,Books,146.83,Debit Card,25.0,1
TXN-11363,CUST-370,2023-02-26 19:00:00,Books,132.22,PayPal,60.0,1
TXN-11364,CUST-289,2023-02-26 20:00:00,Clothing,120.88,PayPal,34.0,1
TXN-11365,CUST-230,2023-02-26 21:00:00,Beauty,196.53,PayPal,60.0,0
TXN-11366,CUST-506,2023-02-26 22:00:00,Clothing,140.7,Debit Card,52.0,1
TXN-11367,CUST-666,2023-02-26 23:00:00,Books,86.36,Credit Card,52.0,1
TXN-11368,CUST-653,2023-02-27 00:00:00,Home & Kitchen,78.88,PayPal,,1
TXN-11369,CUST-301,2023-02-27 01:00:00,Electronics,80.52,PayPal,60.0,0
TXN-11370,CUST-801,2023-02-27 02:00:00,Books,139.58,Debit Card,60.0,1
TXN-11371,CUST-596,2023-02-27 03:00:00,Home & Kitchen,106.34,Debit Card,,0
TXN-11372,CUST-479,2023-02-27 04:00:00,Beauty,133.33,UPI,52.0,1
TXN-11373,CUST-358,2023-02-27 05:00:00,Books,157.46,UPI,18.0,0
TXN-11374,CUST-341,2023-02-27 06:00:00,Home & Kitchen,201.15,Credit Card,18.0,1
TXN-11375,CUST-798,2023-02-27 07:00:00,Books,107.26,Credit Card,18.0,0
TXN-11376,CUST-610,2023-02-27 08:00:00,Clothing,63.66,Credit Card,34.0,0
TXN-11377,CUST-771,2023-02-27 09:00:00,Home & Kitchen,191.7,Credit Card,25.0,1
TXN-11378,CUST-195,2023-02-27 10:00:00,Clothing,61.72,PayPal,52.0,0
TXN-11379,CUST-332,2023-02-27 11:00:00,Clothing,60.14,Debit Card,45.0,0
TXN-11380,CUST-938,2023-02-27 12:00:00,Home & Kitchen,190.66,UPI,60.0,0
TXN-11381,CUST-954,2023-02-27 13:00:00,Electronics,162.65,PayPal,60.0,1
TXN-11382,CUST-162,2023-02-27 14:00:00,Home & Kitchen,139.39,Debit Card,52.0,0
TXN-11383,CUST-918,2023-02-27 15:00:00,Electronics,118.0,Debit Card,52.0,0
TXN-11384,CUST-971,2023-02-27 16:00:00,Books,110.43,PayPal,52.0,0
TXN-11385,CUST-158,2023-02-27 17:00:00,Books,93.97,PayPal,60.0,0
TXN-11386,CUST-761,2023-02-27 18:00:00,Home & Kitchen,108.68,UPI,,0
TXN-11387,CUST-732,2023-02-27 19:00:00,Books,118.1,Credit Card,52.0,0
TXN-11388,CUST-935,2023-02-27 20:00:00,Beauty,65.02,Credit Card,60.0,0
TXN-11389,CUST-120,2023-02-27 21:00:00,Clothing,87.19,UPI,25.0,0
TXN-11390,CUST-370,2023-02-27 22:00:00,Clothing,35.52,UPI,45.0,1
TXN-11391,CUST-763,2023-02-27 23:00:00,Electronics,123.12,Credit Card,18.0,0
TXN-11392,CUST-205,2023-02-28 00:00:00,Books,123.12,PayPal,,0
TXN-11393,CUST-708,2023-02-28 01:00:00,Electronics,191.14,Credit Card,45.0,0
TXN-11394,CUST-558,2023-02-28 02:00:00,Clothing,135.02,Debit Card,52.0,0
TXN-11395,CUST-535,2023-02-28 03:00:00,Clothing,97.76,Debit Card,45.0,1
TXN-11396,CUST-709,2023-02-28 04:00:00,Books,111.99,UPI,52.0,0
TXN-11397,CUST-610,2023-02-28 05:00:00,Beauty,139.47,Credit Card,45.0,0
TXN-11398,CUST-978,2023-02-28 06:00:00,Beauty,129.1,Credit Card,34.0,0
TXN-11399,CUST-558,2023-02-28 07:00:00,Books,143.13,Debit Card,45.0,0
TXN-11400,CUST-555,2023-02-28 08:00:00,Books,135.08,Credit Card,18.0,0
TXN-11401,CUST-101,2023-02-28 09:00:00,Electronics,109.89,UPI,18.0,1
TXN-11402,CUST-571,2023-02-28 10:00:00,Books,98.57,UPI,,1
TXN-11403,CUST-555,2023-02-28 11:00:00,Beauty,96.42,Debit Card,45.0,0
TXN-11404,CUST-234,2023-02-28 12:00:00,Books,82.99,Credit Card,60.0,0
TXN-11405,CUST-485,2023-02-28 13:00:00,Electronics,76.72,Credit Card,60.0,0
TXN-11406,CUST-341,2023-02-28 14:00:00,Electronics,193.54,Debit Card,60.0,1
TXN-11407,CUST-561,2023-02-28 15:00:00,Electronics,124.99,PayPal,45.0,0
TXN-11408,CUST-458,2023-02-28 16:00:00,Electronics,113.79,PayPal,60.0,0
TXN-11409,CUST-180,2023-02-28 17:00:00,Home & Kitchen,100.16,Credit Card,25.0,0
TXN-11410,CUST-742,2023-02-28 18:00:00,Books,137.16,UPI,45.0,1
TXN-11411,CUST-500,2023-02-28 19:00:00,Clothing,168.15,PayPal,18.0,0
TXN-11412,CUST-221,2023-02-28 20:00:00,Books,148.93,Credit Card,,0
TXN-11413,CUST-135,2023-02-28 21:00:00,Home & Kitchen,156.86,PayPal,60.0,0
TXN-11414,CUST-592,2023-02-28 22:00:00,Electronics,96.54,Debit Card,34.0,1
TXN-11415,CUST-324,2023-02-28 23:00:00,Home & Kitchen,119.83,PayPal,60.0,0
TXN-11416,CUST-180,2023-03-01 00:00:00,Beauty,97.06,PayPal,18.0,0
TXN-11417,CUST-829,2023-03-01 01:00:00,Beauty,124.28,Debit Card,25.0,0
TXN-11418,CUST-319,2023-03-01 02:00:00,Books,170.9,UPI,45.0,0
TXN-11419,CUST-486,2023-03-01 03:00:00,Books,137.58,Credit Card,60.0,0
TXN-11420,CUST-598,2023-03-01 04:00:00,Clothing,185.07,UPI,34.0,1
TXN-11421,CUST-783,2023-03-01 05:00:00,Clothing,108.46,UPI,,0
TXN-11422,CUST-101,2023-03-01 06:00:00,Beauty,87.72,PayPal,18.0,0
TXN-11423,CUST-970,2023-03-01 07:00:00,Electronics,140.49,Credit Card,,0
TXN-11424,CUST-202,2023-03-01 08:00:00,Home & Kitchen,124.75,PayPal,,0
TXN-11425,CUST-415,2023-03-01 09:00:00,Clothing,132.91,Debit Card,34.0,0
TXN-11426,CUST-302,2023-03-01 10:00:00,Clothing,126.93,UPI,52.0,1
TXN-11427,CUST-114,2023-03-01 11:00:00,Electronics,100.62,UPI,18.0,0
TXN-11428,CUST-824,2023-03-01 12:00:00,Electronics,127.83,Debit Card,52.0,1
TXN-11429,CUST-114,2023-03-01 13:00:00,Books,158.93,Credit Card,34.0,0
TXN-11430,CUST-781,2023-03-01 14:00:00,Home & Kitchen,163.04,UPI,45.0,0
TXN-11431,CUST-868,2023-03-01 15:00:00,Electronics,100.42,UPI,45.0,0
TXN-11432,CUST-256,2023-03-01 16:00:00,Clothing,129.24,Credit Card,45.0,0
TXN-11433,CUST-799,2023-03-01 17:00:00,Clothing,179.08,PayPal,,0
TXN-11434,CUST-198,2023-03-01 18:00:00,Beauty,101.28,Debit Card,52.0,0
TXN-11435,CUST-745,2023-03-01 19:00:00,Electronics,94.02,Credit Card,,0
TXN-11436,CUST-819,2023-03-01 20:00:00,Books,151.78,Debit Card,45.0,0
TXN-11437,CUST-541,2023-03-01 21:00:00,Home & Kitchen,144.76,Debit Card,,0
TXN-11438,CUST-571,2023-03-01 22:00:00,Books,86.52,UPI,25.0,0
TXN-11439,CUST-709,2023-03-01 23:00:00,Clothing,64.02,Credit Card,18.0,1
TXN-11440,CUST-230,2023-03-02 00:00:00,Books,128.46,Debit Card,18.0,0
TXN-11441,CUST-935,2023-03-02 01:00:00,Clothing,103.26,PayPal,,0
TXN-11442,CUST-283,2023-03-02 02:00:00,Clothing,52.64,Debit Card,34.0,0
TXN-11443,CUST-202,2023-03-02 03:00:00,Clothing,92.51,UPI,60.0,1
TXN-11444,CUST-140,2023-03-02 04:00:00,Clothing,144.1,PayPal,52.0,0
TXN-11445,CUST-352,2023-03-02 05:00:00,Clothing,113.94,PayPal,18.0,1
TXN-11446,CUST-938,2023-03-02 06:00:00,Beauty,182.64,Credit Card,,0
TXN-11447,CUST-571,2023-03-02 07:00:00,Books,36.51,PayPal,52.0,0
TXN-11448,CUST-940,2023-03-02 08:00:00,Beauty,173.52,Credit Card,34.0,0
TXN-11449,CUST-838,2023-03-02 09:00:00,Beauty,106.24,Credit Card,45.0,1
TXN-11450,CUST-560,2023-03-02 10:00:00,Electronics,100.46,PayPal,60.0,1
TXN-11451,CUST-673,2023-03-02 11:00:00,Electronics,57.95,Credit Card,34.0,1
TXN-11452,CUST-314,2023-03-02 12:00:00,Electronics,138.6,Credit Card,25.0,0
TXN-11453,CUST-783,2023-03-02 13:00:00,Home & Kitchen,46.93,PayPal,45.0,1
TXN-11454,CUST-674,2023-03-02 14:00:00,Electronics,152.72,UPI,45.0,0
TXN-11455,CUST-473,2023-03-02 15:00:00,Books,59.47,Debit Card,45.0,0
TXN-11456,CUST-605,2023-03-02 16:00:00,Beauty,65.77,Credit Card,34.0,0
TXN-11457,CUST-541,2023-03-02 17:00:00,Books,72.35,Credit Card,25.0,0
TXN-11458,CUST-300,2023-03-02 18:00:00,Electronics,91.36,PayPal,60.0,1
TXN-11459,CUST-620,2023-03-02 19:00:00,Home & Kitchen,157.68,Debit Card,52.0,0
TXN-11460,CUST-447,2023-03-02 20:00:00,Home & Kitchen,180.16,Debit Card,34.0,0
TXN-11461,CUST-283,2023-03-02 21:00:00,Beauty,95.5,Credit Card,18.0,0
TXN-11462,CUST-663,2023-03-02 22:00:00,Books,118.14,PayPal,18.0,0
TXN-11463,CUST-574,2023-03-02 23:00:00,Clothing,139.6,UPI,34.0,0
TXN-11464,CUST-476,2023-03-03 00:00:00,Books,106.83,Debit Card,52.0,1
TXN-11465,CUST-340,2023-03-03 01:00:00,Electronics,138.03,UPI,18.0,0
TXN-11466,CUST-991,2023-03-03 02:00:00,Clothing,119.84,PayPal,52.0,0
TXN-11467,CUST-297,2023-03-03 03:00:00,Home & Kitchen,109.86,UPI,45.0,0
TXN-11468,CUST-602,2023-03-03 04:00:00,Beauty,63.21,PayPal,34.0,0
TXN-11469,CUST-620,2023-03-03 05:00:00,Beauty,125.96,Credit Card,45.0,0
TXN-11470,CUST-417,2023-03-03 06:00:00,Home & Kitchen,158.34,UPI,18.0,0
TXN-11471,CUST-120,2023-03-03 07:00:00,Electronics,88.87,Credit Card,52.0,0
TXN-11472,CUST-747,2023-03-03 08:00:00,Home & Kitchen,41.27,Credit Card,45.0,0
TXN-11473,CUST-101,2023-03-03 09:00:00,Electronics,107.22,PayPal,18.0,0
TXN-11474,CUST-783,2023-03-03 10:00:00,Clothing,180.39,UPI,,0
TXN-11475,CUST-206,2023-03-03 11:00:00,Home & Kitchen,168.48,Debit Card,25.0,1
TXN-11476,CUST-665,2023-03-03 12:00:00,Electronics,96.78,UPI,45.0,1
TXN-11477,CUST-114,2023-03-03 13:00:00,Clothing,138.22,Debit Card,25.0,0
TXN-11478,CUST-379,2023-03-03 14:00:00,Home & Kitchen,144.54,Credit Card,25.0,0
TXN-11479,CUST-270,2023-03-03 15:00:00,Beauty,179.61,Credit Card,60.0,0
TXN-11480,CUST-140,2023-03-03 16:00:00,Home & Kitchen,57.98,PayPal,18.0,1
TXN-11481,CUST-572,2023-03-03 17:00:00,Books,77.25,Debit Card,34.0,0
TXN-11482,CUST-316,2023-03-03 18:00:00,Home & Kitchen,39.61,UPI,52.0,1
TXN-11483,CUST-234,2023-03-03 19:00:00,Books,92.86,PayPal,,0
TXN-11484,CUST-513,2023-03-03 20:00:00,Clothing,162.65,PayPal,18.0,0
TXN-11485,CUST-774,2023-03-03 21:00:00,Home & Kitchen,97.61,PayPal,60.0,0
TXN-11486,CUST-510,2023-03-03 22:00:00,Clothing,67.67,UPI,60.0,0
TXN-11487,CUST-608,2023-03-03 23:00:00,Clothing,129.07,PayPal,,0
TXN-11488,CUST-393,2023-03-04 00:00:00,Electronics,130.09,UPI,45.0,0
TXN-11489,CUST-202,2023-03-04 01:00:00,Clothing,79.32,PayPal,52.0,1
TXN-11490,CUST-939,2023-03-04 02:00:00,Clothing,99.76,Debit Card,60.0,1
TXN-11491,CUST-500,2023-03-04 03:00:00,Home & Kitchen,126.02,Credit Card,34.0,0
TXN-11492,CUST-330,2023-03-04 04:00:00,Home & Kitchen,149.84,Debit Card,18.0,0
TXN-11493,CUST-604,2023-03-04 05:00:00,Beauty,94.05,Debit Card,34.0,0
TXN-11494,CUST-664,2023-03-04 06:00:00,Electronics,88.28,PayPal,45.0,0
TXN-11495,CUST-576,2023-03-04 07:00:00,Clothing,196.5,Debit Card,18.0,0
TXN-11496,CUST-289,2023-03-04 08:00:00,Electronics,109.04,Debit Card,45.0,0
TXN-11497,CUST-754,2023-03-04 09:00:00,Books,129.98,Debit Card,52.0,0
TXN-11498,CUST-700,2023-03-04 10:00:00,Clothing,145.93,PayPal,52.0,0
TXN-11499,CUST-466,2023-03-04 11:00:00,Electronics,48.52,UPI,34.0,1
TXN-11500,CUST-838,2023-03-04 12:00:00,Beauty,119.26,Credit Card,34.0,1
TXN-11501,CUST-866,2023-03-04 13:00:00,Beauty,54.17,Credit Card,52.0,0
TXN-11502,CUST-921,2023-03-04 14:00:00,Clothing,114.77,UPI,25.0,0
TXN-11503,CUST-957,2023-03-04 15:00:00,Books,174.92,UPI,52.0,1
TXN-11504,CUST-835,2023-03-04 16:00:00,Beauty,80.06,Debit Card,,0
TXN-11505,CUST-466,2023-03-04 17:00:00,Beauty,53.34,Credit Card,18.0,0
TXN-11506,CUST-571,2023-03-04 18:00:00,Books,195.51,UPI,,0
TXN-11507,CUST-875,2023-03-04 19:00:00,Electronics,74.12,Debit Card,45.0,0
TXN-11508,CUST-825,2023-03-04 20:00:00,Beauty,60.06,Credit Card,52.0,0
TXN-11509,CUST-962,2023-03-04 21:00:00,Home & Kitchen,184.76,PayPal,52.0,1
TXN-11510,CUST-561,2023-03-04 22:00:00,Beauty,72.54,PayPal,60.0,0
TXN-11511,CUST-238,2023-03-04 23:00:00,Electronics,185.8,Credit Card,45.0,1
TXN-11512,CUST-561,2023-03-05 00:00:00,Electronics,130.96,Credit Card,60.0,0
TXN-11513,CUST-763,2023-03-05 01:00:00,Clothing,171.36,PayPal,45.0,0
TXN-11514,CUST-971,2023-03-05 02:00:00,Home & Kitchen,127.44,PayPal,,1
TXN-11515,CUST-809,2023-03-05 03:00:00,Electronics,163.19,Credit Card,18.0,1
TXN-11516,CUST-747,2023-03-05 04:00:00,Books,83.26,Debit Card,45.0,0
TXN-11517,CUST-921,2023-03-05 05:00:00,Home & Kitchen,95.46,UPI,34.0,0
TXN-11518,CUST-897,2023-03-05 06:00:00,Home & Kitchen,35.38,UPI,52.0,0
TXN-11519,CUST-140,2023-03-05 07:00:00,Books,158.87,Credit Card,45.0,0
TXN-11520,CUST-113,2023-03-05 08:00:00,Beauty,136.78,UPI,18.0,0
TXN-11521,CUST-608,2023-03-05 09:00:00,Books,79.71,PayPal,45.0,0
TXN-11522,CUST-798,2023-03-05 10:00:00,Books,50.04,PayPal,52.0,0
TXN-11523,CUST-140,2023-03-05 11:00:00,Beauty,131.27,UPI,25.0,0
TXN-11524,CUST-829,2023-03-05 12:00:00,Beauty,187.04,Credit Card,45.0,0
TXN-11525,CUST-382,2023-03-05 13:00:00,Beauty,114.48,PayPal,34.0,0
TXN-11526,CUST-936,2023-03-05 14:00:00,Beauty,93.66,Debit Card,52.0,0
TXN-11527,CUST-561,2023-03-05 15:00:00,Beauty,82.52,Debit Card,18.0,1
TXN-11528,CUST-665,2023-03-05 16:00:00,Books,169.97,PayPal,,1
TXN-11529,CUST-437,2023-03-05 17:00:00,Clothing,88.83,PayPal,,0
TXN-11530,CUST-741,2023-03-05 18:00:00,Clothing,105.15,UPI,52.0,0
TXN-11531,CUST-960,2023-03-05 19:00:00,Electronics,161.67,Credit Card,60.0,0
TXN-11532,CUST-489,2023-03-05 20:00:00,Clothing,145.5,UPI,25.0,0
TXN-11533,CUST-935,2023-03-05 21:00:00,Clothing,106.68,Credit Card,18.0,0
TXN-11534,CUST-479,2023-03-05 22:00:00,Books,92.04,Debit Card,25.0,0
TXN-11535,CUST-324,2023-03-05 23:00:00,Beauty,178.62,Debit Card,,1
TXN-11536,CUST-827,2023-03-06 00:00:00,Beauty,75.35,Credit Card,25.0,0
TXN-11537,CUST-673,2023-03-06 01:00:00,Books,111.59,UPI,34.0,0
TXN-11538,CUST-314,2023-03-06 02:00:00,Clothing,59.76,PayPal,,0
TXN-11539,CUST-598,2023-03-06 03:00:00,Books,167.55,Credit Card,45.0,0
TXN-11540,CUST-709,2023-03-06 04:00:00,Electronics,101.0,UPI,34.0,0
TXN-11541,CUST-223,2023-03-06 05:00:00,Beauty,92.01,Debit Card,34.0,1
TXN-11542,CUST-358,2023-03-06 06:00:00,Home & Kitchen,146.47,PayPal,60.0,0
TXN-11543,CUST-484,2023-03-06 07:00:00,Electronics,62.98,Debit Card,34.0,0
TXN-11544,CUST-575,2023-03-06 08:00:00,Electronics,145.42,Credit Card,18.0,0
TXN-11545,CUST-761,2023-03-06 09:00:00,Books,105.58,Debit Card,45.0,1
TXN-11546,CUST-824,2023-03-06 10:00:00,Clothing,71.79,Debit Card,45.0,1
TXN-11547,CUST-479,2023-03-06 11:00:00,Beauty,80.39,Credit Card,,0
TXN-11548,CUST-956,2023-03-06 12:00:00,Home & Kitchen,92.63,PayPal,18.0,0
TXN-11549,CUST-346,2023-03-06 13:00:00,Electronics,102.24,Credit Card,34.0,0
TXN-11550,CUST-983,2023-03-06 14:00:00,Home & Kitchen,72.06,UPI,34.0,0
TXN-11551,CUST-677,2023-03-06 15:00:00,Clothing,131.78,Credit Card,25.0,0
TXN-11552,CUST-343,2023-03-06 16:00:00,Clothing,71.01,Credit Card,,0
TXN-11553,CUST-484,2023-03-06 17:00:00,Home & Kitchen,25.4,PayPal,,1
TXN-11554,CUST-829,2023-03-06 18:00:00,Beauty,196.78,UPI,25.0,0
TXN-11555,CUST-589,2023-03-06 19:00:00,Clothing,127.92,Debit Card,60.0,0
TXN-11556,CUST-152,2023-03-06 20:00:00,Home & Kitchen,200.38,Debit Card,52.0,0
TXN-11557,CUST-379,2023-03-06 21:00:00,Electronics,78.25,Debit Card,25.0,0
TXN-11558,CUST-931,2023-03-06 22:00:00,Home & Kitchen,139.19,Debit Card,45.0,0
TXN-11559,CUST-905,2023-03-06 23:00:00,Home & Kitchen,155.78,PayPal,18.0,0
TXN-11560,CUST-783,2023-03-07 00:00:00,Books,112.43,UPI,34.0,0
TXN-11561,CUST-783,2023-03-07 01:00:00,Clothing,62.22,PayPal,52.0,0
TXN-11562,CUST-198,2023-03-07 02:00:00,Beauty,109.42,Credit Card,25.0,1
TXN-11563,CUST-936,2023-03-07 03:00:00,Beauty,145.06,UPI,,0
TXN-11564,CUST-774,2023-03-07 04:00:00,Books,143.53,UPI,52.0,0
TXN-11565,CUST-127,2023-03-07 05:00:00,Beauty,119.93,Debit Card,18.0,0
TXN-11566,CUST-395,2023-03-07 06:00:00,Home & Kitchen,155.89,Debit Card,18.0,0
TXN-11567,CUST-971,2023-03-07 07:00:00,Books,154.0,Debit Card,,0
TXN-11568,CUST-300,2023-03-07 08:00:00,Electronics,99.05,Debit Card,52.0,0
TXN-11569,CUST-535,2023-03-07 09:00:00,Clothing,59.18,Credit Card,52.0,0
TXN-11570,CUST-875,2023-03-07 10:00:00,Clothing,127.62,Debit Card,60.0,1
TXN-11571,CUST-238,2023-03-07 11:00:00,Clothing,90.13,PayPal,52.0,0
TXN-11572,CUST-576,2023-03-07 12:00:00,Home & Kitchen,125.75,UPI,34.0,1
TXN-11573,CUST-212,2023-03-07 13:00:00,Electronics,173.82,Credit Card,45.0,0
TXN-11574,CUST-819,2023-03-07 14:00:00,Books,137.5,Credit Card,25.0,1
TXN-11575,CUST-554,2023-03-07 15:00:00,Books,171.85,UPI,,0
TXN-11576,CUST-574,2023-03-07 16:00:00,Clothing,79.54,UPI,25.0,1
TXN-11577,CUST-825,2023-03-07 17:00:00,Electronics,163.5,UPI,25.0,0
TXN-11578,CUST-439,2023-03-07 18:00:00,Electronics,187.06,Credit Card,52.0,0
TXN-11579,CUST-926,2023-03-07 19:00:00,Electronics,122.57,PayPal,,0
TXN-11580,CUST-708,2023-03-07 20:00:00,Beauty,212.88,PayPal,52.0,0
TXN-11581,CUST-847,2023-03-07 21:00:00,Beauty,85.7,UPI,60.0,0
TXN-11582,CUST-101,2023-03-07 22:00:00,Clothing,94.45,Credit Card,52.0,0
TXN-11583,CUST-212,2023-03-07 23:00:00,Electronics,146.0,Debit Card,60.0,0
TXN-11584,CUST-894,2023-03-08 00:00:00,Electronics,122.18,Credit Card,60.0,0
TXN-11585,CUST-492,2023-03-08 01:00:00,Books,90.28,UPI,34.0,0
TXN-11586,CUST-786,2023-03-08 02:00:00,Books,144.76,Credit Card,34.0,1
TXN-11587,CUST-589,2023-03-08 03:00:00,Clothing,134.22,Credit Card,34.0,1
TXN-11588,CUST-592,2023-03-08 04:00:00,Electronics,96.55,Credit Card,34.0,0
TXN-11589,CUST-829,2023-03-08 05:00:00,Clothing,127.56,Debit Card,18.0,0
TXN-11590,CUST-430,2023-03-08 06:00:00,Books,150.36,UPI,34.0,1
TXN-11591,CUST-289,2023-03-08 07:00:00,Books,95.66,UPI,34.0,1
TXN-11592,CUST-513,2023-03-08 08:00:00,Beauty,140.68,UPI,34.0,0
TXN-11593,CUST-714,2023-03-08 09:00:00,Clothing,85.32,PayPal,60.0,1
TXN-11594,CUST-484,2023-03-08 10:00:00,Clothing,93.05,PayPal,25.0,0
TXN-11595,CUST-221,2023-03-08 11:00:00,Electronics,164.46,UPI,,0
TXN-11596,CUST-114,2023-03-08 12:00:00,Electronics,144.55,Credit Card,25.0,0
TXN-11597,CUST-938,2023-03-08 13:00:00,Beauty,44.53,Credit Card,25.0,0
TXN-11598,CUST-497,2023-03-08 14:00:00,Home & Kitchen,105.03,UPI,45.0,0
TXN-11599,CUST-191,2023-03-08 15:00:00,Home & Kitchen,139.59,Debit Card,18.0,0
TXN-11600,CUST-506,2023-03-08 16:00:00,Home & Kitchen,125.55,Debit Card,60.0,0
TXN-11601,CUST-895,2023-03-08 17:00:00,Clothing,144.73,Credit Card,52.0,0
TXN-11602,CUST-975,2023-03-08 18:00:00,Clothing,124.64,Credit Card,60.0,0
TXN-11603,CUST-827,2023-03-08 19:00:00,Books,114.7,PayPal,34.0,0
TXN-11604,CUST-709,2023-03-08 20:00:00,Clothing,113.47,Debit Card,25.0,0
TXN-11605,CUST-445,2023-03-08 21:00:00,Clothing,163.65,Credit Card,60.0,0
TXN-11606,CUST-666,2023-03-08 22:00:00,Clothing,147.8,Credit Card,18.0,1
TXN-11607,CUST-506,2023-03-08 23:00:00,Beauty,136.19,UPI,34.0,1
TXN-11608,CUST-763,2023-03-09 00:00:00,Clothing,123.55,PayPal,45.0,0
TXN-11609,CUST-370,2023-03-09 01:00:00,Electronics,98.05,Debit Card,52.0,0
TXN-11610,CUST-266,2023-03-09 02:00:00,Electronics,107.73,Debit Card,34.0,0
TXN-11611,CUST-317,2023-03-09 03:00:00,Books,162.59,PayPal,,1
TXN-11612,CUST-895,2023-03-09 04:00:00,Beauty,158.82,Credit Card,52.0,0
TXN-11613,CUST-300,2023-03-09 05:00:00,Electronics,94.06,Debit Card,60.0,0
TXN-11614,CUST-742,2023-03-09 06:00:00,Beauty,124.0,Debit Card,34.0,0
TXN-11615,CUST-473,2023-03-09 07:00:00,Beauty,139.94,Debit Card,45.0,1
TXN-11616,CUST-664,2023-03-09 08:00:00,Books,137.33,UPI,60.0,0
TXN-11617,CUST-114,2023-03-09 09:00:00,Beauty,137.02,PayPal,18.0,0
TXN-11618,CUST-975,2023-03-09 10:00:00,Clothing,75.52,Debit Card,52.0,0
TXN-11619,CUST-819,2023-03-09 11:00:00,Beauty,73.14,PayPal,52.0,0
TXN-11620,CUST-727,2023-03-09 12:00:00,Books,166.81,Credit Card,18.0,0
TXN-11621,CUST-838,2023-03-09 13:00:00,Books,180.36,PayPal,,0
TXN-11622,CUST-140,2023-03-09 14:00:00,Books,60.74,UPI,52.0,0
TXN-11623,CUST-132,2023-03-09 15:00:00,Electronics,118.89,UPI,60.0,1
TXN-11624,CUST-147,2023-03-09 16:00:00,Clothing,152.56,PayPal,25.0,0
TXN-11625,CUST-709,2023-03-09 17:00:00,Electronics,31.85,UPI,,0
TXN-11626,CUST-140,2023-03-09 18:00:00,Home & Kitchen,77.07,Debit Card,18.0,1
TXN-11627,CUST-646,2023-03-09 19:00:00,Clothing,116.31,UPI,45.0,0
TXN-11628,CUST-566,2023-03-09 20:00:00,Beauty,96.11,Credit Card,,1
TXN-11629,CUST-388,2023-03-09 21:00:00,Books,128.37,PayPal,34.0,1
TXN-11630,CUST-134,2023-03-09 22:00:00,Home & Kitchen,178.82,PayPal,34.0,0
TXN-11631,CUST-875,2023-03-09 23:00:00,Clothing,85.89,Credit Card,18.0,0
TXN-11632,CUST-609,2023-03-10 00:00:00,Electronics,122.01,Credit Card,25.0,0
TXN-11633,CUST-212,2023-03-10 01:00:00,Books,106.21,Credit Card,60.0,1
TXN-11634,CUST-936,2023-03-10 02:00:00,Electronics,125.45,Credit Card,45.0,0
TXN-11635,CUST-212,2023-03-10 03:00:00,Clothing,120.23,Debit Card,34.0,0
TXN-11636,CUST-489,2023-03-10 04:00:00,Clothing,225.49,UPI,34.0,0
TXN-11637,CUST-300,2023-03-10 05:00:00,Home & Kitchen,179.58,UPI,60.0,1
TXN-11638,CUST-781,2023-03-10 06:00:00,Beauty,56.76,Debit Card,25.0,1
TXN-11639,CUST-938,2023-03-10 07:00:00,Electronics,83.99,Credit Card,52.0,1
TXN-11640,CUST-317,2023-03-10 08:00:00,Home & Kitchen,88.89,PayPal,,0
TXN-11641,CUST-926,2023-03-10 09:00:00,Books,70.63,PayPal,18.0,0
TXN-11642,CUST-515,2023-03-10 10:00:00,Beauty,65.27,PayPal,25.0,0
TXN-11643,CUST-584,2023-03-10 11:00:00,Home & Kitchen,112.87,Credit Card,25.0,0
TXN-11644,CUST-763,2023-03-10 12:00:00,Electronics,90.41,Debit Card,25.0,0
TXN-11645,CUST-445,2023-03-10 13:00:00,Clothing,84.37,Debit Card,25.0,0
TXN-11646,CUST-572,2023-03-10 14:00:00,Books,200.82,Debit Card,52.0,0
TXN-11647,CUST-561,2023-03-10 15:00:00,Electronics,93.16,UPI,60.0,1
TXN-11648,CUST-781,2023-03-10 16:00:00,Beauty,102.27,UPI,45.0,0
TXN-11649,CUST-866,2023-03-10 17:00:00,Beauty,149.66,UPI,,1
TXN-11650,CUST-317,2023-03-10 18:00:00,Clothing,102.14,UPI,25.0,0
TXN-11651,CUST-848,2023-03-10 19:00:00,Clothing,73.37,PayPal,,0
TXN-11652,CUST-847,2023-03-10 20:00:00,Books,109.68,PayPal,25.0,0
TXN-11653,CUST-510,2023-03-10 21:00:00,Books,200.35,Debit Card,18.0,0
TXN-11654,CUST-458,2023-03-10 22:00:00,Clothing,100.74,UPI,34.0,0
TXN-11655,CUST-742,2023-03-10 23:00:00,Clothing,83.53,Debit Card,52.0,0
TXN-11656,CUST-466,2023-03-11 00:00:00,Beauty,136.81,Credit Card,25.0,1
TXN-11657,CUST-774,2023-03-11 01:00:00,Clothing,107.76,UPI,45.0,1
TXN-11658,CUST-997,2023-03-11 02:00:00,Home & Kitchen,229.56,UPI,45.0,0
TXN-11659,CUST-624,2023-03-11 03:00:00,Electronics,88.52,Debit Card,45.0,1
TXN-11660,CUST-835,2023-03-11 04:00:00,Clothing,189.35,Debit Card,18.0,0
TXN-11661,CUST-975,2023-03-11 05:00:00,Books,166.54,Credit Card,45.0,1
TXN-11662,CUST-571,2023-03-11 06:00:00,Home & Kitchen,104.75,Debit Card,60.0,0
TXN-11663,CUST-206,2023-03-11 07:00:00,Books,119.86,UPI,18.0,1
TXN-11664,CUST-905,2023-03-11 08:00:00,Home & Kitchen,78.8,PayPal,52.0,0
TXN-11665,CUST-646,2023-03-11 09:00:00,Clothing,98.46,Credit Card,45.0,1
TXN-11666,CUST-132,2023-03-11 10:00:00,Electronics,104.46,Credit Card,34.0,0
TXN-11667,CUST-101,2023-03-11 11:00:00,Books,126.31,UPI,25.0,0
TXN-11668,CUST-809,2023-03-11 12:00:00,Home & Kitchen,63.49,PayPal,52.0,0
TXN-11669,CUST-342,2023-03-11 13:00:00,Beauty,132.46,Debit Card,60.0,0
TXN-11670,CUST-666,2023-03-11 14:00:00,Clothing,114.17,Debit Card,34.0,0
TXN-11671,CUST-876,2023-03-11 15:00:00,Electronics,135.92,PayPal,52.0,1
TXN-11672,CUST-223,2023-03-11 16:00:00,Clothing,141.89,PayPal,60.0,0
TXN-11673,CUST-120,2023-03-11 17:00:00,Beauty,110.96,UPI,45.0,0
TXN-11674,CUST-712,2023-03-11 18:00:00,Electronics,139.53,Debit Card,52.0,0
TXN-11675,CUST-571,2023-03-11 19:00:00,Beauty,116.51,UPI,52.0,0
TXN-11676,CUST-739,2023-03-11 20:00:00,Clothing,149.74,Debit Card,52.0,0
TXN-11677,CUST-894,2023-03-11 21:00:00,Home & Kitchen,132.65,Debit Card,18.0,0
TXN-11678,CUST-212,2023-03-11 22:00:00,Clothing,127.24,PayPal,34.0,0
TXN-11679,CUST-561,2023-03-11 23:00:00,Clothing,115.9,UPI,,1
TXN-11680,CUST-127,2023-03-12 00:00:00,Clothing,171.83,PayPal,60.0,0
TXN-11681,CUST-936,2023-03-12 01:00:00,Books,136.21,UPI,45.0,1
TXN-11682,CUST-222,2023-03-12 02:00:00,Beauty,67.14,Debit Card,25.0,1
TXN-11683,CUST-287,2023-03-12 03:00:00,Beauty,101.12,Credit Card,45.0,0
TXN-11684,CUST-101,2023-03-12 04:00:00,Beauty,110.86,Credit Card,45.0,1
TXN-11685,CUST-147,2023-03-12 05:00:00,Books,119.96,UPI,18.0,0
TXN-11686,CUST-223,2023-03-12 06:00:00,Home & Kitchen,127.07,UPI,18.0,0
TXN-11687,CUST-847,2023-03-12 07:00:00,Clothing,82.23,PayPal,52.0,0
TXN-11688,CUST-500,2023-03-12 08:00:00,Home & Kitchen,117.28,Debit Card,45.0,0
TXN-11689,CUST-895,2023-03-12 09:00:00,Books,107.44,Credit Card,34.0,1
TXN-11690,CUST-395,2023-03-12 10:00:00,Beauty,163.39,PayPal,18.0,0
TXN-11691,CUST-971,2023-03-12 11:00:00,Clothing,80.2,UPI,60.0,0
TXN-11692,CUST-114,2023-03-12 12:00:00,Electronics,119.3,Debit Card,18.0,0
TXN-11693,CUST-584,2023-03-12 13:00:00,Electronics,92.58,PayPal,34.0,0
TXN-11694,CUST-314,2023-03-12 14:00:00,Home & Kitchen,194.52,PayPal,18.0,1
TXN-11695,CUST-234,2023-03-12 15:00:00,Beauty,170.26,UPI,,0
TXN-11696,CUST-774,2023-03-12 16:00:00,Electronics,54.31,Debit Card,34.0,0
TXN-11697,CUST-960,2023-03-12 17:00:00,Home & Kitchen,88.15,Credit Card,,0
TXN-11698,CUST-127,2023-03-12 18:00:00,Books,154.84,PayPal,,0
TXN-11699,CUST-376,2023-03-12 19:00:00,Home & Kitchen,138.29,UPI,25.0,0
TXN-11700,CUST-918,2023-03-12 20:00:00,Home & Kitchen,137.04,PayPal,34.0,0
TXN-11701,CUST-809,2023-03-12 21:00:00,Home & Kitchen,127.63,UPI,25.0,0
TXN-11702,CUST-863,2023-03-12 22:00:00,Clothing,158.05,UPI,60.0,1
TXN-11703,CUST-351,2023-03-12 23:00:00,Home & Kitchen,151.24,UPI,52.0,0
TXN-11704,CUST-592,2023-03-13 00:00:00,Home & Kitchen,108.38,Debit Card,52.0,1
TXN-11705,CUST-206,2023-03-13 01:00:00,Clothing,72.03,Credit Card,,1
TXN-11706,CUST-212,2023-03-13 02:00:00,Clothing,52.4,Debit Card,18.0,1
TXN-11707,CUST-114,2023-03-13 03:00:00,Books,115.85,Credit Card,34.0,0
TXN-11708,CUST-222,2023-03-13 04:00:00,Beauty,46.4,UPI,18.0,1
TXN-11709,CUST-132,2023-03-13 05:00:00,Electronics,130.04,Credit Card,34.0,1
TXN-11710,CUST-101,2023-03-13 06:00:00,Electronics,107.68,Debit Card,18.0,1
TXN-11711,CUST-555,2023-03-13 07:00:00,Home & Kitchen,197.76,PayPal,52.0,0
TXN-11712,CUST-866,2023-03-13 08:00:00,Books,133.73,Debit Card,60.0,0
TXN-11713,CUST-838,2023-03-13 09:00:00,Home & Kitchen,118.83,Debit Card,52.0,1
TXN-11714,CUST-502,2023-03-13 10:00:00,Electronics,55.35,Debit Card,18.0,0
TXN-11715,CUST-660,2023-03-13 11:00:00,Clothing,69.51,Debit Card,34.0,0
TXN-11716,CUST-727,2023-03-13 12:00:00,Beauty,147.25,Debit Card,45.0,0
TXN-11717,CUST-330,2023-03-13 13:00:00,Books,107.48,Credit Card,60.0,1
TXN-11718,CUST-983,2023-03-13 14:00:00,Clothing,221.42,Credit Card,34.0,0
TXN-11719,CUST-602,2023-03-13 15:00:00,Beauty,116.68,PayPal,18.0,1
TXN-11720,CUST-316,2023-03-13 16:00:00,Books,126.76,Debit Card,34.0,0
TXN-11721,CUST-918,2023-03-13 17:00:00,Books,67.32,Debit Card,25.0,0
TXN-11722,CUST-341,2023-03-13 18:00:00,Electronics,157.9,PayPal,34.0,0
TXN-11723,CUST-212,2023-03-13 19:00:00,Clothing,82.97,PayPal,52.0,0
TXN-11724,CUST-929,2023-03-13 20:00:00,Books,140.98,UPI,,0
TXN-11725,CUST-790,2023-03-13 21:00:00,Books,152.47,PayPal,52.0,0
TXN-11726,CUST-330,2023-03-13 22:00:00,Beauty,123.81,PayPal,25.0,0
TXN-11727,CUST-827,2023-03-13 23:00:00,Electronics,190.28,PayPal,60.0,0
TXN-11728,CUST-624,2023-03-14 00:00:00,Home & Kitchen,95.57,UPI,34.0,0
TXN-11729,CUST-798,2023-03-14 01:00:00,Electronics,187.02,Credit Card,60.0,0
TXN-11730,CUST-140,2023-03-14 02:00:00,Home & Kitchen,69.16,UPI,45.0,0
TXN-11731,CUST-555,2023-03-14 03:00:00,Clothing,151.96,Credit Card,34.0,0
TXN-11732,CUST-707,2023-03-14 04:00:00,Clothing,114.3,PayPal,52.0,0
TXN-11733,CUST-314,2023-03-14 05:00:00,Books,91.67,UPI,,1
TXN-11734,CUST-783,2023-03-14 06:00:00,Clothing,53.55,UPI,52.0,0
TXN-11735,CUST-975,2023-03-14 07:00:00,Books,109.57,Credit Card,60.0,0
TXN-11736,CUST-781,2023-03-14 08:00:00,Electronics,107.05,UPI,18.0,0
TXN-11737,CUST-104,2023-03-14 09:00:00,Clothing,126.92,UPI,52.0,0
TXN-11738,CUST-971,2023-03-14 10:00:00,Electronics,148.99,Debit Card,18.0,0
TXN-11739,CUST-936,2023-03-14 11:00:00,Electronics,87.66,Credit Card,52.0,0
TXN-11740,CUST-971,2023-03-14 12:00:00,Clothing,190.33,UPI,52.0,0
TXN-11741,CUST-605,2023-03-14 13:00:00,Electronics,98.46,UPI,,0
TXN-11742,CUST-971,2023-03-14 14:00:00,Clothing,144.09,PayPal,45.0,0
TXN-11743,CUST-692,2023-03-14 15:00:00,Clothing,123.61,Debit Card,18.0,0
TXN-11744,CUST-876,2023-03-14 16:00:00,Clothing,112.05,Debit Card,18.0,0
TXN-11745,CUST-800,2023-03-14 17:00:00,Home & Kitchen,121.6,PayPal,52.0,0
TXN-11746,CUST-558,2023-03-14 18:00:00,Electronics,82.39,PayPal,18.0,1
TXN-11747,CUST-466,2023-03-14 19:00:00,Beauty,104.5,PayPal,52.0,0
TXN-11748,CUST-561,2023-03-14 20:00:00,Clothing,66.41,PayPal,52.0,1
TXN-11749,CUST-341,2023-03-14 21:00:00,Electronics,98.03,Debit Card,60.0,0
TXN-11750,CUST-571,2023-03-14 22:00:00,Books,101.33,UPI,34.0,1
TXN-11751,CUST-673,2023-03-14 23:00:00,Clothing,153.81,UPI,18.0,0
TXN-11752,CUST-783,2023-03-15 00:00:00,Clothing,106.72,PayPal,,0
TXN-11753,CUST-485,2023-03-15 01:00:00,Beauty,102.08,Credit Card,25.0,0
TXN-11754,CUST-319,2023-03-15 02:00:00,Home & Kitchen,128.8,PayPal,60.0,0
TXN-11755,CUST-591,2023-03-15 03:00:00,Home & Kitchen,127.23,UPI,18.0,0
TXN-11756,CUST-346,2023-03-15 04:00:00,Clothing,96.36,Credit Card,,0
TXN-11757,CUST-367,2023-03-15 05:00:00,Electronics,135.77,PayPal,18.0,0
TXN-11758,CUST-393,2023-03-15 06:00:00,Books,112.85,Credit Card,45.0,0
TXN-11759,CUST-742,2023-03-15 07:00:00,Books,96.29,PayPal,25.0,0
TXN-11760,CUST-261,2023-03-15 08:00:00,Electronics,100.18,Debit Card,25.0,0
TXN-11761,CUST-324,2023-03-15 09:00:00,Clothing,157.97,UPI,,0
TXN-11762,CUST-437,2023-03-15 10:00:00,Books,101.38,PayPal,45.0,0
TXN-11763,CUST-333,2023-03-15 11:00:00,Home & Kitchen,130.45,Credit Card,45.0,0
TXN-11764,CUST-591,2023-03-15 12:00:00,Electronics,68.7,UPI,18.0,1
TXN-11765,CUST-589,2023-03-15 13:00:00,Beauty,164.61,PayPal,34.0,1
TXN-11766,CUST-479,2023-03-15 14:00:00,Clothing,96.68,PayPal,,0
TXN-11767,CUST-591,2023-03-15 15:00:00,Electronics,136.01,PayPal,45.0,0
TXN-11768,CUST-305,2023-03-15 16:00:00,Books,109.94,PayPal,25.0,0
TXN-11769,CUST-445,2023-03-15 17:00:00,Clothing,135.55,Debit Card,,0
TXN-11770,CUST-492,2023-03-15 18:00:00,Home & Kitchen,137.74,UPI,25.0,0
TXN-11771,CUST-314,2023-03-15 19:00:00,Clothing,114.21,Debit Card,18.0,0
TXN-11772,CUST-866,2023-03-15 20:00:00,Clothing,45.36,UPI,,0
TXN-11773,CUST-228,2023-03-15 21:00:00,Home & Kitchen,163.64,PayPal,34.0,0
TXN-11774,CUST-301,2023-03-15 22:00:00,Home & Kitchen,114.4,UPI,52.0,1
TXN-11775,CUST-501,2023-03-15 23:00:00,Clothing,134.72,Credit Card,,1
TXN-11776,CUST-589,2023-03-16 00:00:00,Home & Kitchen,147.67,UPI,45.0,1
TXN-11777,CUST-260,2023-03-16 01:00:00,Electronics,101.71,Credit Card,45.0,0
TXN-11778,CUST-230,2023-03-16 02:00:00,Home & Kitchen,140.69,Credit Card,18.0,0
TXN-11779,CUST-300,2023-03-16 03:00:00,Home & Kitchen,90.1,Debit Card,60.0,1
TXN-11780,CUST-646,2023-03-16 04:00:00,Clothing,135.5,UPI,60.0,0
TXN-11781,CUST-575,2023-03-16 05:00:00,Electronics,120.79,PayPal,34.0,0
TXN-11782,CUST-609,2023-03-16 06:00:00,Beauty,103.1,UPI,25.0,0
TXN-11783,CUST-571,2023-03-16 07:00:00,Beauty,121.88,Debit Card,25.0,0
TXN-11784,CUST-266,2023-03-16 08:00:00,Books,77.79,Credit Card,52.0,0
TXN-11785,CUST-602,2023-03-16 09:00:00,Home & Kitchen,132.36,Credit Card,25.0,1
TXN-11786,CUST-500,2023-03-16 10:00:00,Home & Kitchen,136.51,Debit Card,60.0,0
TXN-11787,CUST-206,2023-03-16 11:00:00,Electronics,133.83,Debit Card,60.0,1
TXN-11788,CUST-319,2023-03-16 12:00:00,Beauty,180.09,UPI,45.0,1
TXN-11789,CUST-571,2023-03-16 13:00:00,Books,116.2,Credit Card,52.0,1
TXN-11790,CUST-665,2023-03-16 14:00:00,Electronics,118.96,Debit Card,34.0,0
TXN-11791,CUST-991,2023-03-16 15:00:00,Home & Kitchen,73.19,UPI,52.0,0
TXN-11792,CUST-367,2023-03-16 16:00:00,Beauty,182.9,UPI,,1
TXN-11793,CUST-918,2023-03-16 17:00:00,Books,60.07,PayPal,34.0,0
TXN-11794,CUST-487,2023-03-16 18:00:00,Clothing,129.14,Credit Card,60.0,0
TXN-11795,CUST-915,2023-03-16 19:00:00,Beauty,95.41,UPI,25.0,0
TXN-11796,CUST-132,2023-03-16 20:00:00,Books,122.49,Debit Card,18.0,0
TXN-11797,CUST-198,2023-03-16 21:00:00,Electronics,67.68,Credit Card,52.0,0
TXN-11798,CUST-330,2023-03-16 22:00:00,Clothing,155.67,Debit Card,52.0,0
TXN-11799,CUST-212,2023-03-16 23:00:00,Books,81.79,Debit Card,45.0,0
TXN-11800,CUST-180,2023-03-17 00:00:00,Books,166.65,UPI,45.0,0
TXN-11801,CUST-663,2023-03-17 01:00:00,Home & Kitchen,82.9,UPI,60.0,1
TXN-11802,CUST-369,2023-03-17 02:00:00,Beauty,159.01,PayPal,34.0,0
TXN-11803,CUST-724,2023-03-17 03:00:00,Home & Kitchen,86.76,Debit Card,18.0,0
TXN-11804,CUST-724,2023-03-17 04:00:00,Clothing,95.42,UPI,,1
TXN-11805,CUST-826,2023-03-17 05:00:00,Books,119.93,PayPal,45.0,0
TXN-11806,CUST-158,2023-03-17 06:00:00,Home & Kitchen,86.08,Credit Card,45.0,1
TXN-11807,CUST-737,2023-03-17 07:00:00,Beauty,84.9,PayPal,25.0,0
TXN-11808,CUST-555,2023-03-17 08:00:00,Clothing,86.55,PayPal,25.0,0
TXN-11809,CUST-324,2023-03-17 09:00:00,Electronics,132.75,Debit Card,60.0,0
TXN-11810,CUST-956,2023-03-17 10:00:00,Home & Kitchen,119.98,Credit Card,60.0,0
TXN-11811,CUST-555,2023-03-17 11:00:00,Clothing,122.11,Debit Card,45.0,0
TXN-11812,CUST-991,2023-03-17 12:00:00,Electronics,107.01,Debit Card,34.0,0
TXN-11813,CUST-700,2023-03-17 13:00:00,Home & Kitchen,141.95,PayPal,,0
TXN-11814,CUST-287,2023-03-17 14:00:00,Clothing,162.0,PayPal,18.0,1
TXN-11815,CUST-848,2023-03-17 15:00:00,Clothing,143.02,UPI,45.0,0
TXN-11816,CUST-487,2023-03-17 16:00:00,Home & Kitchen,111.64,PayPal,34.0,1
TXN-11817,CUST-485,2023-03-17 17:00:00,Clothing,71.17,UPI,34.0,0
TXN-11818,CUST-800,2023-03-17 18:00:00,Books,40.92,Debit Card,45.0,0
TXN-11819,CUST-904,2023-03-17 19:00:00,Home & Kitchen,117.41,PayPal,34.0,1
TXN-11820,CUST-501,2023-03-17 20:00:00,Clothing,40.27,Credit Card,52.0,1
TXN-11821,CUST-558,2023-03-17 21:00:00,Electronics,112.03,Credit Card,34.0,0
TXN-11822,CUST-458,2023-03-17 22:00:00,Electronics,176.1,Debit Card,45.0,1
TXN-11823,CUST-665,2023-03-17 23:00:00,Books,73.86,Debit Card,34.0,0
TXN-11824,CUST-598,2023-03-18 00:00:00,Home & Kitchen,68.56,PayPal,,0
TXN-11825,CUST-842,2023-03-18 01:00:00,Clothing,145.48,UPI,45.0,0
TXN-11826,CUST-487,2023-03-18 02:00:00,Clothing,7.77,PayPal,25.0,1
TXN-11827,CUST-330,2023-03-18 03:00:00,Electronics,135.27,UPI,45.0,1
TXN-11828,CUST-332,2023-03-18 04:00:00,Books,178.74,PayPal,34.0,0
TXN-11829,CUST-809,2023-03-18 05:00:00,Electronics,85.1,Credit Card,45.0,1
TXN-11830,CUST-305,2023-03-18 06:00:00,Electronics,78.23,Credit Card,18.0,1
TXN-11831,CUST-132,2023-03-18 07:00:00,Books,143.6,UPI,45.0,0
TXN-11832,CUST-388,2023-03-18 08:00:00,Home & Kitchen,73.17,PayPal,45.0,0
TXN-11833,CUST-113,2023-03-18 09:00:00,Clothing,152.43,Debit Card,18.0,0
TXN-11834,CUST-430,2023-03-18 10:00:00,Home & Kitchen,76.43,UPI,18.0,0
TXN-11835,CUST-897,2023-03-18 11:00:00,Beauty,190.74,Credit Card,18.0,1
TXN-11836,CUST-473,2023-03-18 12:00:00,Beauty,146.49,UPI,60.0,0
TXN-11837,CUST-897,2023-03-18 13:00:00,Beauty,121.52,PayPal,52.0,0
TXN-11838,CUST-674,2023-03-18 14:00:00,Books,188.43,Debit Card,60.0,0
TXN-11839,CUST-492,2023-03-18 15:00:00,Electronics,161.26,Debit Card,45.0,0
TXN-11840,CUST-646,2023-03-18 16:00:00,Home & Kitchen,134.74,UPI,60.0,0
TXN-11841,CUST-742,2023-03-18 17:00:00,Clothing,45.47,PayPal,60.0,0
TXN-11842,CUST-584,2023-03-18 18:00:00,Beauty,91.94,PayPal,18.0,0
TXN-11843,CUST-848,2023-03-18 19:00:00,Home & Kitchen,163.42,Debit Card,18.0,0
TXN-11844,CUST-485,2023-03-18 20:00:00,Beauty,67.99,Credit Card,25.0,1
TXN-11845,CUST-842,2023-03-18 21:00:00,Beauty,89.37,PayPal,60.0,0
TXN-11846,CUST-479,2023-03-18 22:00:00,Clothing,79.12,Debit Card,52.0,0
TXN-11847,CUST-935,2023-03-18 23:00:00,Books,136.09,Debit Card,45.0,0
TXN-11848,CUST-624,2023-03-19 00:00:00,Electronics,158.54,PayPal,,0
TXN-11849,CUST-121,2023-03-19 01:00:00,Books,158.58,PayPal,,1
TXN-11850,CUST-931,2023-03-19 02:00:00,Home & Kitchen,85.89,UPI,34.0,0
TXN-11851,CUST-152,2023-03-19 03:00:00,Books,135.55,Credit Card,52.0,0
TXN-11852,CUST-663,2023-03-19 04:00:00,Home & Kitchen,84.0,UPI,52.0,0
TXN-11853,CUST-971,2023-03-19 05:00:00,Home & Kitchen,111.58,UPI,25.0,0
TXN-11854,CUST-510,2023-03-19 06:00:00,Electronics,140.81,Debit Card,45.0,1
TXN-11855,CUST-844,2023-03-19 07:00:00,Clothing,162.46,Debit Card,45.0,0
TXN-11856,CUST-748,2023-03-19 08:00:00,Electronics,34.02,Credit Card,18.0,0
TXN-11857,CUST-324,2023-03-19 09:00:00,Books,123.95,UPI,18.0,1
TXN-11858,CUST-781,2023-03-19 10:00:00,Home & Kitchen,176.29,UPI,52.0,0
TXN-11859,CUST-761,2023-03-19 11:00:00,Beauty,129.29,Debit Card,25.0,0
TXN-11860,CUST-781,2023-03-19 12:00:00,Beauty,123.3,Debit Card,45.0,0
TXN-11861,CUST-891,2023-03-19 13:00:00,Home & Kitchen,97.48,PayPal,25.0,0
TXN-11862,CUST-801,2023-03-19 14:00:00,Electronics,175.23,UPI,34.0,1
TXN-11863,CUST-754,2023-03-19 15:00:00,Clothing,99.33,Credit Card,,0
TXN-11864,CUST-199,2023-03-19 16:00:00,Electronics,115.99,UPI,45.0,1
TXN-11865,CUST-256,2023-03-19 17:00:00,Home & Kitchen,101.19,Debit Card,18.0,0
TXN-11866,CUST-747,2023-03-19 18:00:00,Home & Kitchen,124.33,PayPal,52.0,0
TXN-11867,CUST-571,2023-03-19 19:00:00,Clothing,177.03,UPI,25.0,0
TXN-11868,CUST-266,2023-03-19 20:00:00,Books,83.76,Credit Card,,0
TXN-11869,CUST-662,2023-03-19 21:00:00,Books,124.5,Debit Card,,0
TXN-11870,CUST-291,2023-03-19 22:00:00,Clothing,135.64,PayPal,,0
TXN-11871,CUST-369,2023-03-19 23:00:00,Books,87.51,UPI,18.0,1
TXN-11872,CUST-221,2023-03-20 00:00:00,Beauty,117.64,Credit Card,52.0,0
TXN-11873,CUST-473,2023-03-20 01:00:00,Books,194.05,Debit Card,18.0,0
TXN-11874,CUST-510,2023-03-20 02:00:00,Books,49.26,Credit Card,45.0,1
TXN-11875,CUST-829,2023-03-20 03:00:00,Books,103.15,UPI,25.0,1
TXN-11876,CUST-302,2023-03-20 04:00:00,Beauty,130.02,Debit Card,34.0,0
TXN-11877,CUST-677,2023-03-20 05:00:00,Books,104.96,UPI,60.0,1
TXN-11878,CUST-791,2023-03-20 06:00:00,Beauty,235.45,PayPal,,0
TXN-11879,CUST-379,2023-03-20 07:00:00,Clothing,141.95,UPI,18.0,0
TXN-11880,CUST-101,2023-03-20 08:00:00,Electronics,78.23,PayPal,60.0,1
TXN-11881,CUST-430,2023-03-20 09:00:00,Clothing,26.53,UPI,25.0,1
TXN-11882,CUST-342,2023-03-20 10:00:00,Electronics,133.61,Credit Card,45.0,1
TXN-11883,CUST-305,2023-03-20 11:00:00,Clothing,89.78,Credit Card,18.0,1
TXN-11884,CUST-492,2023-03-20 12:00:00,Electronics,171.56,Debit Card,45.0,0
TXN-11885,CUST-664,2023-03-20 13:00:00,Electronics,109.01,Credit Card,34.0,0
TXN-11886,CUST-205,2023-03-20 14:00:00,Home & Kitchen,97.27,Credit Card,,0
TXN-11887,CUST-555,2023-03-20 15:00:00,Electronics,96.59,PayPal,34.0,0
TXN-11888,CUST-120,2023-03-20 16:00:00,Electronics,159.46,Credit Card,,0
TXN-11889,CUST-342,2023-03-20 17:00:00,Home & Kitchen,136.62,PayPal,52.0,0
TXN-11890,CUST-205,2023-03-20 18:00:00,Books,190.24,PayPal,52.0,1
TXN-11891,CUST-575,2023-03-20 19:00:00,Books,111.4,PayPal,52.0,1
TXN-11892,CUST-848,2023-03-20 20:00:00,Home & Kitchen,154.49,UPI,45.0,0
TXN-11893,CUST-506,2023-03-20 21:00:00,Beauty,155.18,PayPal,52.0,0
TXN-11894,CUST-199,2023-03-20 22:00:00,Electronics,146.95,UPI,25.0,0
TXN-11895,CUST-598,2023-03-20 23:00:00,Electronics,99.61,PayPal,60.0,0
TXN-11896,CUST-879,2023-03-21 00:00:00,Home & Kitchen,138.94,UPI,60.0,1
TXN-11897,CUST-829,2023-03-21 01:00:00,Home & Kitchen,116.11,Debit Card,45.0,0
TXN-11898,CUST-510,2023-03-21 02:00:00,Beauty,115.06,Debit Card,45.0,0
TXN-11899,CUST-358,2023-03-21 03:00:00,Books,87.77,UPI,52.0,1
TXN-11900,CUST-478,2023-03-21 04:00:00,Clothing,35.19,Debit Card,,1
TXN-11901,CUST-655,2023-03-21 05:00:00,Books,169.94,Credit Card,60.0,0
TXN-11902,CUST-485,2023-03-21 06:00:00,Electronics,137.26,PayPal,60.0,0
TXN-11903,CUST-343,2023-03-21 07:00:00,Home & Kitchen,66.27,UPI,52.0,1
TXN-11904,CUST-180,2023-03-21 08:00:00,Beauty,148.71,Debit Card,45.0,0
TXN-11905,CUST-180,2023-03-21 09:00:00,Books,170.73,Debit Card,34.0,1
TXN-11906,CUST-120,2023-03-21 10:00:00,Beauty,151.11,Credit Card,,0
TXN-11907,CUST-388,2023-03-21 11:00:00,Books,84.33,PayPal,34.0,0
TXN-11908,CUST-660,2023-03-21 12:00:00,Electronics,90.72,Credit Card,52.0,0
TXN-11909,CUST-978,2023-03-21 13:00:00,Clothing,98.08,UPI,34.0,0
TXN-11910,CUST-289,2023-03-21 14:00:00,Beauty,154.44,Debit Card,25.0,0
TXN-11911,CUST-476,2023-03-21 15:00:00,Beauty,139.16,Debit Card,25.0,0
TXN-11912,CUST-774,2023-03-21 16:00:00,Clothing,231.61,Debit Card,25.0,0
TXN-11913,CUST-485,2023-03-21 17:00:00,Beauty,54.36,Credit Card,45.0,0
TXN-11914,CUST-975,2023-03-21 18:00:00,Beauty,117.9,Credit Card,45.0,0
TXN-11915,CUST-983,2023-03-21 19:00:00,Books,42.89,PayPal,45.0,0
TXN-11916,CUST-134,2023-03-21 20:00:00,Books,143.87,UPI,45.0,1
TXN-11917,CUST-801,2023-03-21 21:00:00,Clothing,162.68,PayPal,45.0,0
TXN-11918,CUST-866,2023-03-21 22:00:00,Electronics,177.68,PayPal,52.0,0
TXN-11919,CUST-447,2023-03-21 23:00:00,Beauty,127.54,Debit Card,34.0,0
TXN-11920,CUST-140,2023-03-22 00:00:00,Electronics,43.47,Credit Card,52.0,1
TXN-11921,CUST-330,2023-03-22 01:00:00,Clothing,117.99,UPI,34.0,0
TXN-11922,CUST-906,2023-03-22 02:00:00,Clothing,137.47,PayPal,52.0,0
TXN-11923,CUST-319,2023-03-22 03:00:00,Books,79.79,UPI,25.0,0
TXN-11924,CUST-132,2023-03-22 04:00:00,Beauty,109.4,Debit Card,18.0,0
TXN-11925,CUST-742,2023-03-22 05:00:00,Home & Kitchen,68.92,PayPal,45.0,0
TXN-11926,CUST-872,2023-03-22 06:00:00,Clothing,95.49,Credit Card,18.0,0
TXN-11927,CUST-212,2023-03-22 07:00:00,Beauty,156.5,PayPal,18.0,0
TXN-11928,CUST-835,2023-03-22 08:00:00,Electronics,147.21,Debit Card,25.0,0
TXN-11929,CUST-674,2023-03-22 09:00:00,Books,64.19,PayPal,18.0,0
TXN-11930,CUST-646,2023-03-22 10:00:00,Electronics,91.8,Debit Card,18.0,0
TXN-11931,CUST-866,2023-03-22 11:00:00,Clothing,122.28,PayPal,25.0,0
TXN-11932,CUST-866,2023-03-22 12:00:00,Clothing,129.06,UPI,34.0,0
TXN-11933,CUST-727,2023-03-22 13:00:00,Electronics,93.48,Credit Card,52.0,0
TXN-11934,CUST-566,2023-03-22 14:00:00,Clothing,139.06,Debit Card,60.0,0
TXN-11935,CUST-221,2023-03-22 15:00:00,Beauty,118.59,UPI,18.0,0
TXN-11936,CUST-484,2023-03-22 16:00:00,Clothing,16.93,Debit Card,45.0,1
TXN-11937,CUST-737,2023-03-22 17:00:00,Books,97.13,PayPal,25.0,0
TXN-11938,CUST-842,2023-03-22 18:00:00,Beauty,95.99,Debit Card,,0
TXN-11939,CUST-673,2023-03-22 19:00:00,Home & Kitchen,147.13,Debit Card,,0
TXN-11940,CUST-956,2023-03-22 20:00:00,Clothing,147.84,Credit Card,18.0,0
TXN-11941,CUST-316,2023-03-22 21:00:00,Clothing,53.12,UPI,60.0,0
TXN-11942,CUST-771,2023-03-22 22:00:00,Books,137.54,PayPal,34.0,0
TXN-11943,CUST-897,2023-03-22 23:00:00,Books,117.04,Credit Card,34.0,0
TXN-11944,CUST-894,2023-03-23 00:00:00,Electronics,125.06,Debit Card,60.0,1
TXN-11945,CUST-866,2023-03-23 01:00:00,Electronics,95.45,Credit Card,45.0,0
TXN-11946,CUST-306,2023-03-23 02:00:00,Electronics,117.53,Debit Card,18.0,0
TXN-11947,CUST-891,2023-03-23 03:00:00,Books,166.01,PayPal,45.0,0
TXN-11948,CUST-912,2023-03-23 04:00:00,Electronics,124.49,Debit Card,34.0,0
TXN-11949,CUST-559,2023-03-23 05:00:00,Electronics,118.3,Credit Card,,0
TXN-11950,CUST-484,2023-03-23 06:00:00,Home & Kitchen,100.83,Credit Card,34.0,0
TXN-11951,CUST-140,2023-03-23 07:00:00,Electronics,162.09,Debit Card,52.0,0
TXN-11952,CUST-574,2023-03-23 08:00:00,Clothing,68.77,UPI,34.0,1
TXN-11953,CUST-954,2023-03-23 09:00:00,Books,87.92,Credit Card,25.0,0
TXN-11954,CUST-748,2023-03-23 10:00:00,Beauty,66.47,UPI,52.0,0
TXN-11955,CUST-971,2023-03-23 11:00:00,Home & Kitchen,128.03,UPI,45.0,1
TXN-11956,CUST-132,2023-03-23 12:00:00,Books,167.19,UPI,34.0,0
TXN-11957,CUST-132,2023-03-23 13:00:00,Books,106.85,UPI,60.0,0
TXN-11958,CUST-620,2023-03-23 14:00:00,Clothing,77.22,Credit Card,25.0,0
TXN-11959,CUST-333,2023-03-23 15:00:00,Electronics,185.46,Credit Card,52.0,0
TXN-11960,CUST-491,2023-03-23 16:00:00,Clothing,138.05,UPI,25.0,0
TXN-11961,CUST-602,2023-03-23 17:00:00,Electronics,131.1,Credit Card,52.0,0
TXN-11962,CUST-324,2023-03-23 18:00:00,Electronics,112.39,UPI,52.0,1
TXN-11963,CUST-382,2023-03-23 19:00:00,Books,146.76,UPI,52.0,0
TXN-11964,CUST-677,2023-03-23 20:00:00,Electronics,130.47,UPI,60.0,1
TXN-11965,CUST-485,2023-03-23 21:00:00,Home & Kitchen,100.75,Debit Card,45.0,1
TXN-11966,CUST-665,2023-03-23 22:00:00,Home & Kitchen,107.45,PayPal,52.0,0
TXN-11967,CUST-147,2023-03-23 23:00:00,Home & Kitchen,79.2,Credit Card,52.0,1
TXN-11968,CUST-776,2023-03-24 00:00:00,Books,74.22,Credit Card,25.0,0
TXN-11969,CUST-408,2023-03-24 01:00:00,Clothing,108.13,UPI,52.0,1
TXN-11970,CUST-283,2023-03-24 02:00:00,Beauty,166.17,Debit Card,45.0,0
TXN-11971,CUST-835,2023-03-24 03:00:00,Electronics,78.63,Debit Card,,1
TXN-11972,CUST-212,2023-03-24 04:00:00,Beauty,153.45,Credit Card,60.0,0
TXN-11973,CUST-291,2023-03-24 05:00:00,Clothing,88.04,UPI,60.0,1
TXN-11974,CUST-897,2023-03-24 06:00:00,Clothing,48.54,Credit Card,25.0,0
TXN-11975,CUST-538,2023-03-24 07:00:00,Books,141.86,UPI,,0
TXN-11976,CUST-666,2023-03-24 08:00:00,Home & Kitchen,185.15,UPI,52.0,0
TXN-11977,CUST-261,2023-03-24 09:00:00,Home & Kitchen,85.77,PayPal,25.0,0
TXN-11978,CUST-871,2023-03-24 10:00:00,Clothing,57.21,UPI,60.0,0
TXN-11979,CUST-799,2023-03-24 11:00:00,Books,138.2,PayPal,45.0,0
TXN-11980,CUST-771,2023-03-24 12:00:00,Books,83.07,Credit Card,25.0,0
TXN-11981,CUST-970,2023-03-24 13:00:00,Electronics,141.47,Credit Card,45.0,0
TXN-11982,CUST-506,2023-03-24 14:00:00,Home & Kitchen,166.06,Debit Card,,0
TXN-11983,CUST-340,2023-03-24 15:00:00,Clothing,133.22,PayPal,,0
TXN-11984,CUST-960,2023-03-24 16:00:00,Beauty,152.39,Credit Card,34.0,1
TXN-11985,CUST-848,2023-03-24 17:00:00,Home & Kitchen,152.66,PayPal,52.0,0
TXN-11986,CUST-592,2023-03-24 18:00:00,Electronics,159.6,Credit Card,45.0,0
TXN-11987,CUST-763,2023-03-24 19:00:00,Books,121.81,PayPal,52.0,0
TXN-11988,CUST-869,2023-03-24 20:00:00,Clothing,151.16,PayPal,,1
TXN-11989,CUST-376,2023-03-24 21:00:00,Home & Kitchen,126.58,UPI,45.0,0
TXN-11990,CUST-610,2023-03-24 22:00:00,Beauty,135.65,Credit Card,18.0,0
TXN-11991,CUST-819,2023-03-24 23:00:00,Electronics,242.07,Debit Card,,0
TXN-11992,CUST-346,2023-03-25 00:00:00,Electronics,129.66,UPI,18.0,1
TXN-11993,CUST-228,2023-03-25 01:00:00,Home & Kitchen,60.09,Debit Card,18.0,0
TXN-11994,CUST-458,2023-03-25 02:00:00,Beauty,112.1,PayPal,,0
TXN-11995,CUST-978,2023-03-25 03:00:00,Electronics,107.58,UPI,45.0,0
TXN-11996,CUST-774,2023-03-25 04:00:00,Clothing,109.41,PayPal,60.0,1
TXN-11997,CUST-195,2023-03-25 05:00:00,Electronics,158.14,Credit Card,60.0,0
TXN-11998,CUST-127,2023-03-25 06:00:00,Beauty,165.22,Credit Card,52.0,0
TXN-11999,CUST-191,2023-03-25 07:00:00,Books,115.77,Debit Card,18.0,0
TXN-12000,CUST-747,2023-03-25 08:00:00,Books,64.33,Credit Card,52.0,1
TXN-12001,CUST-180,2023-03-25 09:00:00,Home & Kitchen,123.96,Debit Card,45.0,0
TXN-12002,CUST-960,2023-03-25 10:00:00,Beauty,98.26,PayPal,52.0,0
TXN-12003,CUST-351,2023-03-25 11:00:00,Electronics,128.42,UPI,52.0,0
TXN-12004,CUST-382,2023-03-25 12:00:00,Electronics,115.16,Credit Card,18.0,0
TXN-12005,CUST-221,2023-03-25 13:00:00,Books,168.65,PayPal,,0
TXN-12006,CUST-555,2023-03-25 14:00:00,Books,130.99,UPI,60.0,0
TXN-12007,CUST-330,2023-03-25 15:00:00,Clothing,98.39,PayPal,25.0,0
TXN-12008,CUST-341,2023-03-25 16:00:00,Books,64.58,Debit Card,34.0,0
TXN-12009,CUST-152,2023-03-25 17:00:00,Clothing,118.08,PayPal,45.0,1
TXN-12010,CUST-430,2023-03-25 18:00:00,Electronics,118.22,Debit Card,45.0,0
TXN-12011,CUST-665,2023-03-25 19:00:00,Clothing,109.5,Debit Card,45.0,1
TXN-12012,CUST-417,2023-03-25 20:00:00,Clothing,151.01,Credit Card,34.0,0
TXN-12013,CUST-576,2023-03-25 21:00:00,Home & Kitchen,64.69,Debit Card,25.0,0
TXN-12014,CUST-230,2023-03-25 22:00:00,Books,89.5,Debit Card,60.0,0
TXN-12015,CUST-314,2023-03-25 23:00:00,Clothing,122.12,PayPal,52.0,0
TXN-12016,CUST-127,2023-03-26 00:00:00,Electronics,97.62,Debit Card,60.0,0
TXN-12017,CUST-558,2023-03-26 01:00:00,Beauty,105.73,Debit Card,45.0,0
TXN-12018,CUST-114,2023-03-26 02:00:00,Clothing,117.59,PayPal,52.0,1
TXN-12019,CUST-230,2023-03-26 03:00:00,Books,147.44,UPI,18.0,0
TXN-12020,CUST-527,2023-03-26 04:00:00,Home & Kitchen,115.98,Credit Card,60.0,0
TXN-12021,CUST-771,2023-03-26 05:00:00,Electronics,41.21,PayPal,18.0,0
TXN-12022,CUST-476,2023-03-26 06:00:00,Home & Kitchen,95.89,Debit Card,18.0,1
TXN-12023,CUST-997,2023-03-26 07:00:00,Beauty,139.83,PayPal,,0
TXN-12024,CUST-655,2023-03-26 08:00:00,Clothing,150.51,UPI,60.0,1
TXN-12025,CUST-555,2023-03-26 09:00:00,Clothing,152.71,PayPal,45.0,0
TXN-12026,CUST-195,2023-03-26 10:00:00,Books,164.05,PayPal,34.0,1
TXN-12027,CUST-238,2023-03-26 11:00:00,Clothing,124.74,PayPal,45.0,0
TXN-12028,CUST-978,2023-03-26 12:00:00,Electronics,130.53,PayPal,18.0,0
TXN-12029,CUST-238,2023-03-26 13:00:00,Beauty,79.44,Debit Card,18.0,1
TXN-12030,CUST-230,2023-03-26 14:00:00,Home & Kitchen,33.02,PayPal,45.0,0
TXN-12031,CUST-443,2023-03-26 15:00:00,Beauty,63.3,UPI,34.0,0
TXN-12032,CUST-844,2023-03-26 16:00:00,Clothing,91.93,PayPal,34.0,0
TXN-12033,CUST-827,2023-03-26 17:00:00,Home & Kitchen,65.61,PayPal,,0
TXN-12034,CUST-709,2023-03-26 18:00:00,Books,108.28,Debit Card,52.0,0
TXN-12035,CUST-809,2023-03-26 19:00:00,Beauty,101.52,Debit Card,25.0,0
TXN-12036,CUST-895,2023-03-26 20:00:00,Home & Kitchen,157.51,PayPal,18.0,0
TXN-12037,CUST-660,2023-03-26 21:00:00,Home & Kitchen,81.23,Debit Card,34.0,1
TXN-12038,CUST-724,2023-03-26 22:00:00,Home & Kitchen,125.62,Debit Card,60.0,0
TXN-12039,CUST-584,2023-03-26 23:00:00,Electronics,103.21,PayPal,,0
TXN-12040,CUST-746,2023-03-27 00:00:00,Beauty,79.74,Debit Card,18.0,0
TXN-12041,CUST-230,2023-03-27 01:00:00,Home & Kitchen,90.89,Credit Card,25.0,0
TXN-12042,CUST-737,2023-03-27 02:00:00,Beauty,37.95,Credit Card,60.0,0
TXN-12043,CUST-140,2023-03-27 03:00:00,Home & Kitchen,149.93,Credit Card,18.0,0
TXN-12044,CUST-439,2023-03-27 04:00:00,Books,176.09,Debit Card,,0
TXN-12045,CUST-370,2023-03-27 05:00:00,Books,109.3,Credit Card,,1
TXN-12046,CUST-324,2023-03-27 06:00:00,Books,121.16,UPI,34.0,1
TXN-12047,CUST-558,2023-03-27 07:00:00,Clothing,108.17,Credit Card,52.0,0
TXN-12048,CUST-960,2023-03-27 08:00:00,Home & Kitchen,87.2,UPI,45.0,0
TXN-12049,CUST-605,2023-03-27 09:00:00,Clothing,148.2,Debit Card,,1
TXN-12050,CUST-458,2023-03-27 10:00:00,Beauty,132.76,Credit Card,60.0,0
TXN-12051,CUST-195,2023-03-27 11:00:00,Clothing,3.51,UPI,45.0,1
TXN-12052,CUST-584,2023-03-27 12:00:00,Beauty,78.62,Debit Card,34.0,1
TXN-12053,CUST-609,2023-03-27 13:00:00,Beauty,37.88,Credit Card,34.0,0
TXN-12054,CUST-443,2023-03-27 14:00:00,Beauty,182.22,PayPal,60.0,0
TXN-12055,CUST-712,2023-03-27 15:00:00,Clothing,113.13,Credit Card,25.0,1
TXN-12056,CUST-971,2023-03-27 16:00:00,Home & Kitchen,129.63,Credit Card,,1
TXN-12057,CUST-971,2023-03-27 17:00:00,Clothing,105.87,Credit Card,60.0,0
TXN-12058,CUST-825,2023-03-27 18:00:00,Home & Kitchen,164.11,PayPal,18.0,0
TXN-12059,CUST-584,2023-03-27 19:00:00,Home & Kitchen,154.43,UPI,25.0,1
TXN-12060,CUST-266,2023-03-27 20:00:00,Beauty,111.38,UPI,45.0,0
TXN-12061,CUST-655,2023-03-27 21:00:00,Clothing,188.72,PayPal,18.0,0
TXN-12062,CUST-506,2023-03-27 22:00:00,Home & Kitchen,127.41,Credit Card,25.0,0
TXN-12063,CUST-848,2023-03-27 23:00:00,Books,61.59,Credit Card,45.0,1
TXN-12064,CUST-608,2023-03-28 00:00:00,Home & Kitchen,124.0,Credit Card,18.0,1
TXN-12065,CUST-376,2023-03-28 01:00:00,Books,140.7,UPI,52.0,0
TXN-12066,CUST-479,2023-03-28 02:00:00,Clothing,114.67,UPI,,0
TXN-12067,CUST-754,2023-03-28 03:00:00,Clothing,103.54,PayPal,60.0,0
TXN-12068,CUST-763,2023-03-28 04:00:00,Clothing,190.57,Debit Card,60.0,1
TXN-12069,CUST-492,2023-03-28 05:00:00,Home & Kitchen,72.57,PayPal,60.0,0
TXN-12070,CUST-358,2023-03-28 06:00:00,Electronics,9.45,UPI,52.0,1
TXN-12071,CUST-842,2023-03-28 07:00:00,Home & Kitchen,184.76,Credit Card,,0
TXN-12072,CUST-891,2023-03-28 08:00:00,Home & Kitchen,70.96,Credit Card,25.0,1
TXN-12073,CUST-842,2023-03-28 09:00:00,Beauty,108.54,Credit Card,,1
TXN-12074,CUST-300,2023-03-28 10:00:00,Beauty,104.9,Credit Card,34.0,0
TXN-12075,CUST-287,2023-03-28 11:00:00,Home & Kitchen,169.27,Debit Card,18.0,0
TXN-12076,CUST-891,2023-03-28 12:00:00,Books,177.39,PayPal,25.0,0
TXN-12077,CUST-541,2023-03-28 13:00:00,Beauty,68.3,PayPal,34.0,1
TXN-12078,CUST-541,2023-03-28 14:00:00,Home & Kitchen,174.28,UPI,60.0,0
TXN-12079,CUST-592,2023-03-28 15:00:00,Electronics,173.54,PayPal,60.0,0
TXN-12080,CUST-838,2023-03-28 16:00:00,Books,120.77,Debit Card,60.0,0
TXN-12081,CUST-938,2023-03-28 17:00:00,Clothing,157.3,Debit Card,34.0,0
TXN-12082,CUST-724,2023-03-28 18:00:00,Home & Kitchen,161.31,Debit Card,18.0,0
TXN-12083,CUST-879,2023-03-28 19:00:00,Home & Kitchen,109.9,Credit Card,18.0,0
TXN-12084,CUST-763,2023-03-28 20:00:00,Books,113.7,UPI,34.0,1
TXN-12085,CUST-786,2023-03-28 21:00:00,Beauty,143.57,Debit Card,45.0,0
TXN-12086,CUST-938,2023-03-28 22:00:00,Beauty,54.86,PayPal,60.0,0
TXN-12087,CUST-786,2023-03-28 23:00:00,Beauty,105.85,PayPal,25.0,0
TXN-12088,CUST-134,2023-03-29 00:00:00,Clothing,71.99,PayPal,18.0,0
TXN-12089,CUST-956,2023-03-29 01:00:00,Books,176.94,Debit Card,,0
TXN-12090,CUST-527,2023-03-29 02:00:00,Books,105.38,Debit Card,34.0,0
TXN-12091,CUST-518,2023-03-29 03:00:00,Beauty,131.05,PayPal,45.0,1
TXN-12092,CUST-576,2023-03-29 04:00:00,Beauty,111.26,Debit Card,52.0,0
TXN-12093,CUST-373,2023-03-29 05:00:00,Electronics,108.66,PayPal,34.0,0
TXN-12094,CUST-388,2023-03-29 06:00:00,Electronics,128.44,Credit Card,,0
TXN-12095,CUST-666,2023-03-29 07:00:00,Home & Kitchen,90.77,Debit Card,45.0,1
TXN-12096,CUST-712,2023-03-29 08:00:00,Home & Kitchen,112.06,Credit Card,52.0,0
TXN-12097,CUST-824,2023-03-29 09:00:00,Books,111.77,Credit Card,45.0,1
TXN-12098,CUST-891,2023-03-29 10:00:00,Books,103.07,Debit Card,18.0,0
TXN-12099,CUST-609,2023-03-29 11:00:00,Clothing,135.64,PayPal,34.0,0
TXN-12100,CUST-592,2023-03-29 12:00:00,Clothing,102.12,UPI,,0
TXN-12101,CUST-938,2023-03-29 13:00:00,Electronics,184.44,Credit Card,52.0,0
TXN-12102,CUST-343,2023-03-29 14:00:00,Home & Kitchen,145.16,Debit Card,45.0,1
TXN-12103,CUST-571,2023-03-29 15:00:00,Electronics,66.03,Credit Card,52.0,0
TXN-12104,CUST-352,2023-03-29 16:00:00,Electronics,142.04,PayPal,25.0,0
TXN-12105,CUST-664,2023-03-29 17:00:00,Home & Kitchen,92.42,Debit Card,,0
TXN-12106,CUST-975,2023-03-29 18:00:00,Clothing,125.43,UPI,34.0,0
TXN-12107,CUST-554,2023-03-29 19:00:00,Home & Kitchen,90.75,Debit Card,18.0,0
TXN-12108,CUST-754,2023-03-29 20:00:00,Beauty,32.22,Credit Card,52.0,0
TXN-12109,CUST-180,2023-03-29 21:00:00,Beauty,119.13,Debit Card,60.0,0
TXN-12110,CUST-997,2023-03-29 22:00:00,Beauty,62.62,Debit Card,45.0,0
TXN-12111,CUST-576,2023-03-29 23:00:00,Books,136.79,Credit Card,60.0,0
TXN-12112,CUST-724,2023-03-30 00:00:00,Clothing,126.99,UPI,52.0,0
TXN-12113,CUST-620,2023-03-30 01:00:00,Clothing,95.84,PayPal,,1
TXN-12114,CUST-555,2023-03-30 02:00:00,Books,193.02,Debit Card,60.0,0
TXN-12115,CUST-610,2023-03-30 03:00:00,Electronics,70.43,UPI,45.0,0
TXN-12116,CUST-747,2023-03-30 04:00:00,Beauty,95.03,PayPal,52.0,0
TXN-12117,CUST-515,2023-03-30 05:00:00,Beauty,75.17,Credit Card,18.0,1
TXN-12118,CUST-370,2023-03-30 06:00:00,Electronics,201.65,UPI,18.0,0
TXN-12119,CUST-243,2023-03-30 07:00:00,Home & Kitchen,174.09,UPI,34.0,0
TXN-12120,CUST-963,2023-03-30 08:00:00,Home & Kitchen,63.12,Debit Card,18.0,0
TXN-12121,CUST-306,2023-03-30 09:00:00,Clothing,86.98,Credit Card,52.0,0
TXN-12122,CUST-584,2023-03-30 10:00:00,Books,88.33,Debit Card,,0
TXN-12123,CUST-746,2023-03-30 11:00:00,Clothing,97.97,Credit Card,52.0,0
TXN-12124,CUST-260,2023-03-30 12:00:00,Home & Kitchen,78.29,PayPal,18.0,0
TXN-12125,CUST-101,2023-03-30 13:00:00,Electronics,95.77,Debit Card,25.0,0
TXN-12126,CUST-506,2023-03-30 14:00:00,Clothing,160.19,Credit Card,52.0,0
TXN-12127,CUST-847,2023-03-30 15:00:00,Beauty,197.88,Credit Card,34.0,0
TXN-12128,CUST-897,2023-03-30 16:00:00,Beauty,58.22,UPI,25.0,0
TXN-12129,CUST-395,2023-03-30 17:00:00,Electronics,78.36,Debit Card,18.0,1
TXN-12130,CUST-289,2023-03-30 18:00:00,Home & Kitchen,128.54,Debit Card,,0
TXN-12131,CUST-561,2023-03-30 19:00:00,Beauty,56.79,PayPal,45.0,1
TXN-12132,CUST-289,2023-03-30 20:00:00,Beauty,129.58,Credit Card,52.0,0
TXN-12133,CUST-324,2023-03-30 21:00:00,Books,141.6,UPI,45.0,0
TXN-12134,CUST-256,2023-03-30 22:00:00,Clothing,148.03,Credit Card,60.0,1
TXN-12135,CUST-963,2023-03-30 23:00:00,Home & Kitchen,140.49,Credit Card,34.0,1
TXN-12136,CUST-395,2023-03-31 00:00:00,Clothing,98.59,Credit Card,25.0,0
TXN-12137,CUST-447,2023-03-31 01:00:00,Home & Kitchen,112.73,Debit Card,45.0,1
TXN-12138,CUST-656,2023-03-31 02:00:00,Beauty,72.82,Credit Card,34.0,0
TXN-12139,CUST-997,2023-03-31 03:00:00,Books,138.57,PayPal,45.0,0
TXN-12140,CUST-799,2023-03-31 04:00:00,Clothing,184.13,UPI,45.0,0
TXN-12141,CUST-358,2023-03-31 05:00:00,Beauty,138.49,UPI,34.0,0
TXN-12142,CUST-340,2023-03-31 06:00:00,Home & Kitchen,92.2,Credit Card,52.0,0
TXN-12143,CUST-824,2023-03-31 07:00:00,Clothing,159.79,UPI,45.0,0
TXN-12144,CUST-101,2023-03-31 08:00:00,Clothing,214.63,Credit Card,34.0,0
TXN-12145,CUST-596,2023-03-31 09:00:00,Beauty,129.73,Debit Card,45.0,0
TXN-12146,CUST-761,2023-03-31 10:00:00,Clothing,142.18,UPI,,1
TXN-12147,CUST-624,2023-03-31 11:00:00,Books,147.11,Debit Card,52.0,0
TXN-12148,CUST-991,2023-03-31 12:00:00,Books,55.82,Debit Card,,0
TXN-12149,CUST-800,2023-03-31 13:00:00,Beauty,103.56,PayPal,,0
TXN-12150,CUST-997,2023-03-31 14:00:00,Home & Kitchen,99.45,PayPal,34.0,0
TXN-12151,CUST-443,2023-03-31 15:00:00,Beauty,153.39,UPI,,0
TXN-12152,CUST-646,2023-03-31 16:00:00,Books,148.73,Credit Card,45.0,0
TXN-12153,CUST-212,2023-03-31 17:00:00,Electronics,115.17,Credit Card,18.0,0
TXN-12154,CUST-677,2023-03-31 18:00:00,Electronics,97.04,Credit Card,52.0,1
TXN-12155,CUST-879,2023-03-31 19:00:00,Clothing,52.54,Credit Card,45.0,0
TXN-12156,CUST-140,2023-03-31 20:00:00,Clothing,119.38,PayPal,25.0,0
TXN-12157,CUST-798,2023-03-31 21:00:00,Electronics,81.82,Credit Card,34.0,0
TXN-12158,CUST-827,2023-03-31 22:00:00,Books,76.86,Credit Card,45.0,0
TXN-12159,CUST-330,2023-03-31 23:00:00,Clothing,157.05,Debit Card,52.0,0
TXN-12160,CUST-868,2023-04-01 00:00:00,Beauty,152.88,Credit Card,,0
TXN-12161,CUST-761,2023-04-01 01:00:00,Beauty,100.46,Credit Card,52.0,0
TXN-12162,CUST-971,2023-04-01 02:00:00,Books,57.24,PayPal,25.0,1
TXN-12163,CUST-664,2023-04-01 03:00:00,Clothing,86.97,UPI,,0
TXN-12164,CUST-162,2023-04-01 04:00:00,Beauty,159.73,Debit Card,25.0,0
TXN-12165,CUST-205,2023-04-01 05:00:00,Clothing,138.71,Debit Card,60.0,1
TXN-12166,CUST-572,2023-04-01 06:00:00,Clothing,101.13,UPI,60.0,0
TXN-12167,CUST-838,2023-04-01 07:00:00,Beauty,122.35,Debit Card,45.0,1
TXN-12168,CUST-991,2023-04-01 08:00:00,Electronics,37.01,Credit Card,18.0,1
TXN-12169,CUST-479,2023-04-01 09:00:00,Beauty,33.98,Credit Card,,1
TXN-12170,CUST-624,2023-04-01 10:00:00,Books,199.09,UPI,52.0,0
TXN-12171,CUST-665,2023-04-01 11:00:00,Home & Kitchen,140.26,PayPal,18.0,0
TXN-12172,CUST-393,2023-04-01 12:00:00,Beauty,120.07,PayPal,,0
TXN-12173,CUST-661,2023-04-01 13:00:00,Clothing,104.12,Debit Card,,0
TXN-12174,CUST-506,2023-04-01 14:00:00,Clothing,49.53,PayPal,,0
TXN-12175,CUST-373,2023-04-01 15:00:00,Beauty,159.73,PayPal,,1
TXN-12176,CUST-373,2023-04-01 16:00:00,Home & Kitchen,74.52,PayPal,18.0,0
TXN-12177,CUST-485,2023-04-01 17:00:00,Beauty,148.17,PayPal,45.0,0
TXN-12178,CUST-575,2023-04-01 18:00:00,Home & Kitchen,125.28,PayPal,34.0,1
TXN-12179,CUST-866,2023-04-01 19:00:00,Home & Kitchen,117.92,PayPal,34.0,0
TXN-12180,CUST-665,2023-04-01 20:00:00,Books,67.91,PayPal,34.0,0
TXN-12181,CUST-653,2023-04-01 21:00:00,Clothing,68.44,Debit Card,25.0,0
TXN-12182,CUST-199,2023-04-01 22:00:00,Clothing,135.6,Credit Card,,0
TXN-12183,CUST-962,2023-04-01 23:00:00,Home & Kitchen,123.17,PayPal,,0
TXN-12184,CUST-938,2023-04-02 00:00:00,Clothing,121.89,Credit Card,52.0,0
TXN-12185,CUST-962,2023-04-02 01:00:00,Electronics,131.44,UPI,25.0,0
TXN-12186,CUST-113,2023-04-02 02:00:00,Home & Kitchen,42.53,Credit Card,52.0,1
TXN-12187,CUST-206,2023-04-02 03:00:00,Clothing,160.61,UPI,60.0,1
TXN-12188,CUST-535,2023-04-02 04:00:00,Electronics,105.76,Debit Card,52.0,0
TXN-12189,CUST-408,2023-04-02 05:00:00,Books,166.79,Credit Card,52.0,0
TXN-12190,CUST-152,2023-04-02 06:00:00,Clothing,39.67,UPI,45.0,0
TXN-12191,CUST-746,2023-04-02 07:00:00,Electronics,142.76,Credit Card,34.0,0
TXN-12192,CUST-341,2023-04-02 08:00:00,Beauty,142.38,Debit Card,,0
TXN-12193,CUST-962,2023-04-02 09:00:00,Beauty,60.55,Credit Card,25.0,1
TXN-12194,CUST-127,2023-04-02 10:00:00,Electronics,94.43,UPI,60.0,0
TXN-12195,CUST-938,2023-04-02 11:00:00,Home & Kitchen,77.62,PayPal,25.0,1
TXN-12196,CUST-317,2023-04-02 12:00:00,Home & Kitchen,154.53,PayPal,,0
TXN-12197,CUST-665,2023-04-02 13:00:00,Clothing,132.36,PayPal,45.0,1
TXN-12198,CUST-608,2023-04-02 14:00:00,Beauty,183.95,Debit Card,52.0,0
TXN-12199,CUST-297,2023-04-02 15:00:00,Home & Kitchen,128.12,PayPal,60.0,0
TXN-12200,CUST-940,2023-04-02 16:00:00,Home & Kitchen,149.29,Debit Card,34.0,0
TXN-12201,CUST-388,2023-04-02 17:00:00,Beauty,166.88,PayPal,,1
TXN-12202,CUST-915,2023-04-02 18:00:00,Books,142.18,Debit Card,18.0,0
TXN-12203,CUST-754,2023-04-02 19:00:00,Home & Kitchen,104.63,Debit Card,18.0,0
TXN-12204,CUST-771,2023-04-02 20:00:00,Electronics,97.19,Credit Card,45.0,0
TXN-12205,CUST-975,2023-04-02 21:00:00,Clothing,116.81,PayPal,34.0,0
TXN-12206,CUST-559,2023-04-02 22:00:00,Home & Kitchen,151.86,Credit Card,18.0,0
TXN-12207,CUST-829,2023-04-02 23:00:00,Home & Kitchen,89.36,UPI,18.0,1
TXN-12208,CUST-230,2023-04-03 00:00:00,Books,146.09,PayPal,,0
TXN-12209,CUST-827,2023-04-03 01:00:00,Electronics,132.91,PayPal,60.0,0
TXN-12210,CUST-445,2023-04-03 02:00:00,Clothing,69.87,PayPal,60.0,0
TXN-12211,CUST-430,2023-04-03 03:00:00,Home & Kitchen,144.14,PayPal,,1
TXN-12212,CUST-140,2023-04-03 04:00:00,Clothing,125.68,Credit Card,25.0,1
TXN-12213,CUST-510,2023-04-03 05:00:00,Beauty,97.98,Credit Card,,0
TXN-12214,CUST-897,2023-04-03 06:00:00,Home & Kitchen,125.1,Debit Card,34.0,0
TXN-12215,CUST-305,2023-04-03 07:00:00,Home & Kitchen,99.53,Credit Card,18.0,0
TXN-12216,CUST-430,2023-04-03 08:00:00,Beauty,129.91,Debit Card,60.0,0
TXN-12217,CUST-287,2023-04-03 09:00:00,Books,113.28,UPI,,0
TXN-12218,CUST-501,2023-04-03 10:00:00,Home & Kitchen,58.8,Credit Card,60.0,0
TXN-12219,CUST-324,2023-04-03 11:00:00,Clothing,114.48,Debit Card,60.0,0
TXN-12220,CUST-602,2023-04-03 12:00:00,Electronics,102.29,PayPal,25.0,0
TXN-12221,CUST-120,2023-04-03 13:00:00,Clothing,145.42,UPI,34.0,0
TXN-12222,CUST-302,2023-04-03 14:00:00,Books,155.19,Debit Card,52.0,1
TXN-12223,CUST-513,2023-04-03 15:00:00,Electronics,99.64,UPI,60.0,0
TXN-12224,CUST-341,2023-04-03 16:00:00,Clothing,88.42,PayPal,34.0,0
TXN-12225,CUST-212,2023-04-03 17:00:00,Clothing,52.79,PayPal,45.0,0
TXN-12226,CUST-609,2023-04-03 18:00:00,Beauty,87.44,Debit Card,25.0,0
TXN-12227,CUST-799,2023-04-03 19:00:00,Books,107.07,Debit Card,52.0,0
TXN-12228,CUST-369,2023-04-03 20:00:00,Beauty,66.43,PayPal,60.0,1
TXN-12229,CUST-781,2023-04-03 21:00:00,Electronics,155.73,Debit Card,,0
TXN-12230,CUST-844,2023-04-03 22:00:00,Beauty,130.49,PayPal,60.0,0
TXN-12231,CUST-798,2023-04-03 23:00:00,Books,115.18,Credit Card,25.0,0
TXN-12232,CUST-317,2023-04-04 00:00:00,Home & Kitchen,119.33,Debit Card,25.0,0
TXN-12233,CUST-809,2023-04-04 01:00:00,Home & Kitchen,132.24,UPI,18.0,0
TXN-12234,CUST-921,2023-04-04 02:00:00,Electronics,145.32,PayPal,60.0,1
TXN-12235,CUST-991,2023-04-04 03:00:00,Home & Kitchen,152.36,Credit Card,34.0,0
TXN-12236,CUST-259,2023-04-04 04:00:00,Beauty,107.63,Debit Card,25.0,1
TXN-12237,CUST-665,2023-04-04 05:00:00,Electronics,114.32,PayPal,25.0,1
TXN-12238,CUST-954,2023-04-04 06:00:00,Books,126.92,Credit Card,45.0,0
TXN-12239,CUST-554,2023-04-04 07:00:00,Electronics,112.69,Debit Card,45.0,0
TXN-12240,CUST-120,2023-04-04 08:00:00,Electronics,154.89,PayPal,45.0,0
TXN-12241,CUST-243,2023-04-04 09:00:00,Clothing,169.09,PayPal,25.0,0
TXN-12242,CUST-742,2023-04-04 10:00:00,Clothing,133.76,PayPal,52.0,0
TXN-12243,CUST-489,2023-04-04 11:00:00,Electronics,83.67,Debit Card,34.0,0
TXN-12244,CUST-191,2023-04-04 12:00:00,Home & Kitchen,140.34,Credit Card,25.0,0
TXN-12245,CUST-584,2023-04-04 13:00:00,Clothing,135.35,PayPal,,0
TXN-12246,CUST-786,2023-04-04 14:00:00,Books,80.32,Credit Card,,0
TXN-12247,CUST-333,2023-04-04 15:00:00,Beauty,135.3,Credit Card,18.0,0
TXN-12248,CUST-351,2023-04-04 16:00:00,Clothing,98.23,UPI,,0
TXN-12249,CUST-719,2023-04-04 17:00:00,Electronics,149.84,Credit Card,60.0,0
TXN-12250,CUST-781,2023-04-04 18:00:00,Home & Kitchen,140.01,Credit Card,52.0,1
TXN-12251,CUST-954,2023-04-04 19:00:00,Beauty,128.92,Credit Card,52.0,0
TXN-12252,CUST-212,2023-04-04 20:00:00,Clothing,121.54,Credit Card,34.0,0
TXN-12253,CUST-712,2023-04-04 21:00:00,Home & Kitchen,34.67,Credit Card,52.0,0
TXN-12254,CUST-538,2023-04-04 22:00:00,Home & Kitchen,71.43,Debit Card,34.0,0
TXN-12255,CUST-316,2023-04-04 23:00:00,Home & Kitchen,114.77,UPI,,0
TXN-12256,CUST-158,2023-04-05 00:00:00,Electronics,180.78,PayPal,52.0,1
TXN-12257,CUST-289,2023-04-05 01:00:00,Books,142.59,UPI,60.0,0
TXN-12258,CUST-747,2023-04-05 02:00:00,Home & Kitchen,192.56,UPI,34.0,1
TXN-12259,CUST-120,2023-04-05 03:00:00,Beauty,123.32,PayPal,45.0,1
TXN-12260,CUST-555,2023-04-05 04:00:00,Clothing,118.77,Credit Card,45.0,0
TXN-12261,CUST-957,2023-04-05 05:00:00,Beauty,177.01,PayPal,52.0,0
TXN-12262,CUST-824,2023-04-05 06:00:00,Electronics,113.63,Credit Card,52.0,1
TXN-12263,CUST-555,2023-04-05 07:00:00,Electronics,80.54,PayPal,,0
TXN-12264,CUST-724,2023-04-05 08:00:00,Beauty,132.67,Debit Card,34.0,0
TXN-12265,CUST-332,2023-04-05 09:00:00,Books,164.9,UPI,,0
TXN-12266,CUST-152,2023-04-05 10:00:00,Electronics,86.96,Credit Card,34.0,0
TXN-12267,CUST-559,2023-04-05 11:00:00,Electronics,143.56,UPI,60.0,0
TXN-12268,CUST-518,2023-04-05 12:00:00,Beauty,116.27,Credit Card,25.0,0
TXN-12269,CUST-314,2023-04-05 13:00:00,Electronics,138.05,PayPal,45.0,1
TXN-12270,CUST-472,2023-04-05 14:00:00,Books,132.54,PayPal,25.0,0
TXN-12271,CUST-747,2023-04-05 15:00:00,Books,103.43,PayPal,25.0,1
TXN-12272,CUST-700,2023-04-05 16:00:00,Books,115.75,Debit Card,18.0,0
TXN-12273,CUST-848,2023-04-05 17:00:00,Clothing,105.87,PayPal,34.0,0
TXN-12274,CUST-761,2023-04-05 18:00:00,Books,124.75,PayPal,18.0,1
TXN-12275,CUST-971,2023-04-05 19:00:00,Books,86.16,Debit Card,18.0,1
TXN-12276,CUST-835,2023-04-05 20:00:00,Clothing,95.72,UPI,25.0,0
TXN-12277,CUST-712,2023-04-05 21:00:00,Home & Kitchen,103.44,UPI,18.0,0
TXN-12278,CUST-724,2023-04-05 22:00:00,Electronics,135.67,Credit Card,60.0,0
TXN-12279,CUST-561,2023-04-05 23:00:00,Books,63.38,UPI,34.0,1
TXN-12280,CUST-476,2023-04-06 00:00:00,Electronics,115.71,Credit Card,25.0,0
TXN-12281,CUST-940,2023-04-06 01:00:00,Beauty,91.67,Credit Card,34.0,0
TXN-12282,CUST-791,2023-04-06 02:00:00,Electronics,103.54,UPI,60.0,0
TXN-12283,CUST-228,2023-04-06 03:00:00,Clothing,93.59,UPI,52.0,0
TXN-12284,CUST-538,2023-04-06 04:00:00,Electronics,127.78,Debit Card,18.0,1
TXN-12285,CUST-591,2023-04-06 05:00:00,Electronics,113.72,Credit Card,25.0,0
TXN-12286,CUST-162,2023-04-06 06:00:00,Electronics,148.46,UPI,45.0,0
TXN-12287,CUST-624,2023-04-06 07:00:00,Home & Kitchen,136.07,UPI,34.0,1
TXN-12288,CUST-346,2023-04-06 08:00:00,Home & Kitchen,58.52,Debit Card,,0
TXN-12289,CUST-827,2023-04-06 09:00:00,Beauty,81.6,UPI,60.0,0
TXN-12290,CUST-598,2023-04-06 10:00:00,Clothing,113.08,PayPal,18.0,1
TXN-12291,CUST-844,2023-04-06 11:00:00,Electronics,118.28,PayPal,34.0,0
TXN-12292,CUST-506,2023-04-06 12:00:00,Electronics,85.13,Credit Card,60.0,1
TXN-12293,CUST-741,2023-04-06 13:00:00,Electronics,172.16,Debit Card,34.0,0
TXN-12294,CUST-692,2023-04-06 14:00:00,Electronics,154.59,UPI,52.0,0
TXN-12295,CUST-655,2023-04-06 15:00:00,Home & Kitchen,54.21,Credit Card,,0
TXN-12296,CUST-266,2023-04-06 16:00:00,Beauty,133.82,UPI,60.0,0
TXN-12297,CUST-897,2023-04-06 17:00:00,Books,118.17,PayPal,34.0,0
TXN-12298,CUST-605,2023-04-06 18:00:00,Clothing,169.76,UPI,,0
TXN-12299,CUST-727,2023-04-06 19:00:00,Electronics,57.2,UPI,52.0,0
TXN-12300,CUST-162,2023-04-06 20:00:00,Beauty,202.39,UPI,52.0,0
TXN-12301,CUST-608,2023-04-06 21:00:00,Books,86.28,PayPal,52.0,1
TXN-12302,CUST-222,2023-04-06 22:00:00,Beauty,135.14,PayPal,18.0,0
TXN-12303,CUST-829,2023-04-06 23:00:00,Home & Kitchen,95.75,Debit Card,60.0,0
TXN-12304,CUST-198,2023-04-07 00:00:00,Books,104.95,PayPal,34.0,0
TXN-12305,CUST-212,2023-04-07 01:00:00,Beauty,52.42,Credit Card,34.0,0
TXN-12306,CUST-572,2023-04-07 02:00:00,Home & Kitchen,167.88,UPI,,0
TXN-12307,CUST-330,2023-04-07 03:00:00,Beauty,109.21,PayPal,,1
TXN-12308,CUST-561,2023-04-07 04:00:00,Beauty,111.93,Credit Card,60.0,0
TXN-12309,CUST-790,2023-04-07 05:00:00,Books,212.5,PayPal,52.0,0
TXN-12310,CUST-121,2023-04-07 06:00:00,Home & Kitchen,158.38,UPI,34.0,0
TXN-12311,CUST-610,2023-04-07 07:00:00,Electronics,93.27,Credit Card,34.0,0
TXN-12312,CUST-527,2023-04-07 08:00:00,Clothing,95.59,PayPal,52.0,0
TXN-12313,CUST-809,2023-04-07 09:00:00,Books,130.39,PayPal,45.0,0
TXN-12314,CUST-957,2023-04-07 10:00:00,Home & Kitchen,150.83,Credit Card,45.0,0
TXN-12315,CUST-147,2023-04-07 11:00:00,Beauty,190.1,Debit Card,52.0,1
TXN-12316,CUST-737,2023-04-07 12:00:00,Home & Kitchen,55.68,Credit Card,,0
TXN-12317,CUST-819,2023-04-07 13:00:00,Clothing,149.08,Credit Card,18.0,0
TXN-12318,CUST-478,2023-04-07 14:00:00,Clothing,155.51,Credit Card,,1
TXN-12319,CUST-484,2023-04-07 15:00:00,Electronics,88.42,Credit Card,,0
TXN-12320,CUST-393,2023-04-07 16:00:00,Electronics,105.59,PayPal,34.0,0
TXN-12321,CUST-439,2023-04-07 17:00:00,Clothing,54.79,Credit Card,,1
TXN-12322,CUST-502,2023-04-07 18:00:00,Books,99.96,Credit Card,34.0,1
TXN-12323,CUST-341,2023-04-07 19:00:00,Books,129.28,UPI,45.0,0
TXN-12324,CUST-212,2023-04-07 20:00:00,Beauty,183.76,PayPal,,0
TXN-12325,CUST-198,2023-04-07 21:00:00,Electronics,187.45,UPI,52.0,0
TXN-12326,CUST-786,2023-04-07 22:00:00,Beauty,78.83,PayPal,60.0,0
TXN-12327,CUST-185,2023-04-07 23:00:00,Electronics,178.31,Debit Card,60.0,1
TXN-12328,CUST-879,2023-04-08 00:00:00,Clothing,42.03,Debit Card,,0
TXN-12329,CUST-956,2023-04-08 01:00:00,Books,96.6,PayPal,18.0,1
TXN-12330,CUST-202,2023-04-08 02:00:00,Books,107.93,Debit Card,,0
TXN-12331,CUST-791,2023-04-08 03:00:00,Clothing,130.07,Debit Card,52.0,0
TXN-12332,CUST-228,2023-04-08 04:00:00,Beauty,124.26,PayPal,45.0,1
TXN-12333,CUST-848,2023-04-08 05:00:00,Beauty,134.63,Credit Card,45.0,0
TXN-12334,CUST-876,2023-04-08 06:00:00,Home & Kitchen,112.68,UPI,,0
TXN-12335,CUST-370,2023-04-08 07:00:00,Electronics,158.38,PayPal,34.0,1
TXN-12336,CUST-297,2023-04-08 08:00:00,Beauty,147.67,PayPal,25.0,0
TXN-12337,CUST-140,2023-04-08 09:00:00,Clothing,108.42,PayPal,18.0,0
TXN-12338,CUST-848,2023-04-08 10:00:00,Beauty,153.7,UPI,18.0,1
TXN-12339,CUST-761,2023-04-08 11:00:00,Books,202.74,PayPal,25.0,1
TXN-12340,CUST-844,2023-04-08 12:00:00,Electronics,93.07,UPI,60.0,1
TXN-12341,CUST-479,2023-04-08 13:00:00,Home & Kitchen,187.01,UPI,60.0,0
TXN-12342,CUST-330,2023-04-08 14:00:00,Electronics,96.66,Debit Card,60.0,0
TXN-12343,CUST-574,2023-04-08 15:00:00,Books,176.41,Credit Card,45.0,0
TXN-12344,CUST-663,2023-04-08 16:00:00,Books,98.16,Debit Card,52.0,0
TXN-12345,CUST-745,2023-04-08 17:00:00,Books,150.63,PayPal,18.0,1
TXN-12346,CUST-719,2023-04-08 18:00:00,Books,127.19,PayPal,25.0,0
TXN-12347,CUST-863,2023-04-08 19:00:00,Clothing,48.59,UPI,34.0,0
TXN-12348,CUST-732,2023-04-08 20:00:00,Home & Kitchen,196.62,Debit Card,,0
TXN-12349,CUST-692,2023-04-08 21:00:00,Books,84.18,UPI,34.0,1
TXN-12350,CUST-541,2023-04-08 22:00:00,Books,69.22,Debit Card,,1
TXN-12351,CUST-330,2023-04-08 23:00:00,Beauty,94.42,Debit Card,45.0,0
TXN-12352,CUST-802,2023-04-09 00:00:00,Home & Kitchen,221.25,Debit Card,18.0,0
TXN-12353,CUST-289,2023-04-09 01:00:00,Electronics,69.85,Debit Card,52.0,0
TXN-12354,CUST-660,2023-04-09 02:00:00,Home & Kitchen,127.13,Debit Card,18.0,1
TXN-12355,CUST-330,2023-04-09 03:00:00,Home & Kitchen,75.07,Credit Card,,0
TXN-12356,CUST-370,2023-04-09 04:00:00,Home & Kitchen,81.93,PayPal,60.0,0
TXN-12357,CUST-330,2023-04-09 05:00:00,Books,56.02,Debit Card,34.0,0
TXN-12358,CUST-352,2023-04-09 06:00:00,Books,132.61,Debit Card,18.0,0
TXN-12359,CUST-939,2023-04-09 07:00:00,Clothing,113.55,UPI,34.0,0
TXN-12360,CUST-376,2023-04-09 08:00:00,Electronics,74.75,PayPal,25.0,1
TXN-12361,CUST-101,2023-04-09 09:00:00,Beauty,154.93,PayPal,25.0,1
TXN-12362,CUST-346,2023-04-09 10:00:00,Home & Kitchen,159.15,PayPal,34.0,1
TXN-12363,CUST-324,2023-04-09 11:00:00,Electronics,136.29,Debit Card,52.0,1
TXN-12364,CUST-827,2023-04-09 12:00:00,Electronics,166.83,UPI,52.0,0
TXN-12365,CUST-561,2023-04-09 13:00:00,Clothing,106.04,PayPal,18.0,0
TXN-12366,CUST-739,2023-04-09 14:00:00,Beauty,132.89,UPI,34.0,1
TXN-12367,CUST-147,2023-04-09 15:00:00,Home & Kitchen,106.19,Credit Card,45.0,0
TXN-12368,CUST-487,2023-04-09 16:00:00,Beauty,59.71,Credit Card,52.0,0
TXN-12369,CUST-437,2023-04-09 17:00:00,Clothing,128.77,UPI,,0
TXN-12370,CUST-152,2023-04-09 18:00:00,Books,126.35,Debit Card,52.0,0
TXN-12371,CUST-185,2023-04-09 19:00:00,Electronics,118.79,PayPal,60.0,0
TXN-12372,CUST-302,2023-04-09 20:00:00,Home & Kitchen,134.96,Credit Card,25.0,0
TXN-12373,CUST-492,2023-04-09 21:00:00,Books,176.48,Credit Card,52.0,0
TXN-12374,CUST-673,2023-04-09 22:00:00,Clothing,111.82,UPI,,0
TXN-12375,CUST-700,2023-04-09 23:00:00,Beauty,81.71,Debit Card,52.0,1
TXN-12376,CUST-466,2023-04-10 00:00:00,Electronics,110.09,UPI,,0
TXN-12377,CUST-541,2023-04-10 01:00:00,Home & Kitchen,114.53,UPI,60.0,0
TXN-12378,CUST-956,2023-04-10 02:00:00,Books,159.34,UPI,,0
TXN-12379,CUST-114,2023-04-10 03:00:00,Books,124.27,UPI,52.0,1
TXN-12380,CUST-152,2023-04-10 04:00:00,Electronics,74.07,UPI,60.0,0
TXN-12381,CUST-256,2023-04-10 05:00:00,Beauty,152.22,Debit Card,34.0,0
TXN-12382,CUST-742,2023-04-10 06:00:00,Clothing,145.81,UPI,34.0,1
TXN-12383,CUST-222,2023-04-10 07:00:00,Beauty,124.28,Debit Card,25.0,0
TXN-12384,CUST-741,2023-04-10 08:00:00,Beauty,157.93,PayPal,18.0,0
TXN-12385,CUST-838,2023-04-10 09:00:00,Beauty,164.62,PayPal,60.0,0
TXN-12386,CUST-921,2023-04-10 10:00:00,Electronics,104.9,PayPal,52.0,0
TXN-12387,CUST-330,2023-04-10 11:00:00,Electronics,83.99,PayPal,18.0,1
TXN-12388,CUST-677,2023-04-10 12:00:00,Clothing,119.52,Credit Card,34.0,0
TXN-12389,CUST-844,2023-04-10 13:00:00,Beauty,141.46,Debit Card,52.0,0
TXN-12390,CUST-484,2023-04-10 14:00:00,Electronics,115.79,PayPal,18.0,0
TXN-12391,CUST-610,2023-04-10 15:00:00,Clothing,80.46,Credit Card,60.0,0
TXN-12392,CUST-624,2023-04-10 16:00:00,Clothing,126.51,Debit Card,60.0,0
TXN-12393,CUST-445,2023-04-10 17:00:00,Beauty,38.66,Credit Card,18.0,0
TXN-12394,CUST-101,2023-04-10 18:00:00,Home & Kitchen,107.02,Credit Card,,0
TXN-12395,CUST-535,2023-04-10 19:00:00,Beauty,154.05,UPI,60.0,0
TXN-12396,CUST-938,2023-04-10 20:00:00,Home & Kitchen,156.22,Credit Card,45.0,1
TXN-12397,CUST-437,2023-04-10 21:00:00,Clothing,-30.39,Credit Card,34.0,0
TXN-12398,CUST-665,2023-04-10 22:00:00,Electronics,112.3,Debit Card,25.0,0
TXN-12399,CUST-256,2023-04-10 23:00:00,Books,143.97,Credit Card,25.0,0
TXN-12400,CUST-443,2023-04-11 00:00:00,Clothing,72.96,UPI,45.0,1
TXN-12401,CUST-906,2023-04-11 01:00:00,Electronics,105.12,PayPal,18.0,0
TXN-12402,CUST-842,2023-04-11 02:00:00,Clothing,168.31,PayPal,60.0,0
TXN-12403,CUST-472,2023-04-11 03:00:00,Beauty,100.63,Debit Card,45.0,0
TXN-12404,CUST-487,2023-04-11 04:00:00,Home & Kitchen,183.95,Debit Card,45.0,0
TXN-12405,CUST-971,2023-04-11 05:00:00,Clothing,90.35,Credit Card,60.0,0
TXN-12406,CUST-954,2023-04-11 06:00:00,Electronics,176.4,Debit Card,34.0,0
TXN-12407,CUST-352,2023-04-11 07:00:00,Beauty,121.34,Credit Card,60.0,0
TXN-12408,CUST-665,2023-04-11 08:00:00,Books,84.87,Debit Card,60.0,1
TXN-12409,CUST-415,2023-04-11 09:00:00,Beauty,176.53,PayPal,,0
TXN-12410,CUST-666,2023-04-11 10:00:00,Home & Kitchen,71.74,PayPal,52.0,0
TXN-12411,CUST-906,2023-04-11 11:00:00,Beauty,88.16,PayPal,18.0,0
TXN-12412,CUST-132,2023-04-11 12:00:00,Books,139.6,PayPal,25.0,0
TXN-12413,CUST-783,2023-04-11 13:00:00,Electronics,123.23,Credit Card,25.0,0
TXN-12414,CUST-894,2023-04-11 14:00:00,Clothing,130.96,Credit Card,45.0,0
TXN-12415,CUST-185,2023-04-11 15:00:00,Home & Kitchen,105.27,Credit Card,,0
TXN-12416,CUST-352,2023-04-11 16:00:00,Books,72.02,PayPal,45.0,0
TXN-12417,CUST-605,2023-04-11 17:00:00,Home & Kitchen,93.91,UPI,45.0,0
TXN-12418,CUST-113,2023-04-11 18:00:00,Beauty,172.82,PayPal,18.0,1
TXN-12419,CUST-120,2023-04-11 19:00:00,Home & Kitchen,66.52,PayPal,45.0,0
TXN-12420,CUST-608,2023-04-11 20:00:00,Books,185.78,UPI,45.0,1
TXN-12421,CUST-306,2023-04-11 21:00:00,Clothing,132.63,UPI,52.0,1
TXN-12422,CUST-786,2023-04-11 22:00:00,Clothing,96.13,Debit Card,18.0,0
TXN-12423,CUST-187,2023-04-11 23:00:00,Home & Kitchen,39.92,PayPal,34.0,1
TXN-12424,CUST-939,2023-04-12 00:00:00,Electronics,45.17,UPI,,0
TXN-12425,CUST-513,2023-04-12 01:00:00,Home & Kitchen,105.76,Debit Card,34.0,0
TXN-12426,CUST-829,2023-04-12 02:00:00,Beauty,100.92,UPI,60.0,0
TXN-12427,CUST-510,2023-04-12 03:00:00,Clothing,124.71,UPI,52.0,0
TXN-12428,CUST-761,2023-04-12 04:00:00,Clothing,188.77,Debit Card,25.0,0
TXN-12429,CUST-660,2023-04-12 05:00:00,Clothing,141.5,PayPal,60.0,0
TXN-12430,CUST-783,2023-04-12 06:00:00,Electronics,114.85,Debit Card,34.0,0
TXN-12431,CUST-783,2023-04-12 07:00:00,Electronics,168.67,PayPal,18.0,0
TXN-12432,CUST-560,2023-04-12 08:00:00,Books,126.03,UPI,25.0,0
TXN-12433,CUST-238,2023-04-12 09:00:00,Home & Kitchen,183.99,Debit Card,45.0,1
TXN-12434,CUST-485,2023-04-12 10:00:00,Home & Kitchen,93.12,Credit Card,18.0,1
TXN-12435,CUST-724,2023-04-12 11:00:00,Beauty,74.09,UPI,25.0,1
TXN-12436,CUST-608,2023-04-12 12:00:00,Clothing,39.99,Debit Card,34.0,1
TXN-12437,CUST-876,2023-04-12 13:00:00,Electronics,115.78,UPI,60.0,0
TXN-12438,CUST-640,2023-04-12 14:00:00,Beauty,70.61,Debit Card,45.0,0
TXN-12439,CUST-712,2023-04-12 15:00:00,Beauty,70.05,PayPal,45.0,0
TXN-12440,CUST-486,2023-04-12 16:00:00,Electronics,161.37,Credit Card,,1
TXN-12441,CUST-191,2023-04-12 17:00:00,Home & Kitchen,51.12,UPI,18.0,0
TXN-12442,CUST-205,2023-04-12 18:00:00,Clothing,124.14,Credit Card,60.0,0
TXN-12443,CUST-798,2023-04-12 19:00:00,Home & Kitchen,116.67,PayPal,45.0,0
TXN-12444,CUST-430,2023-04-12 20:00:00,Beauty,123.69,Debit Card,25.0,0
TXN-12445,CUST-673,2023-04-12 21:00:00,Clothing,175.36,Credit Card,,0
TXN-12446,CUST-719,2023-04-12 22:00:00,Books,86.97,Debit Card,,0
TXN-12447,CUST-373,2023-04-12 23:00:00,Beauty,175.4,PayPal,52.0,0
TXN-12448,CUST-954,2023-04-13 00:00:00,Home & Kitchen,49.59,UPI,34.0,0
TXN-12449,CUST-798,2023-04-13 01:00:00,Home & Kitchen,146.03,PayPal,18.0,1
TXN-12450,CUST-572,2023-04-13 02:00:00,Home & Kitchen,179.05,Credit Card,60.0,1
TXN-12451,CUST-538,2023-04-13 03:00:00,Electronics,-42.16,Credit Card,52.0,0
TXN-12452,CUST-774,2023-04-13 04:00:00,Beauty,118.58,Credit Card,52.0,1
TXN-12453,CUST-829,2023-04-13 05:00:00,Clothing,115.33,Debit Card,18.0,1
TXN-12454,CUST-848,2023-04-13 06:00:00,Home & Kitchen,122.87,UPI,25.0,0
TXN-12455,CUST-926,2023-04-13 07:00:00,Home & Kitchen,188.46,Credit Card,60.0,0
TXN-12456,CUST-330,2023-04-13 08:00:00,Electronics,89.45,Credit Card,34.0,0
TXN-12457,CUST-936,2023-04-13 09:00:00,Clothing,72.62,Credit Card,18.0,0
TXN-12458,CUST-918,2023-04-13 10:00:00,Beauty,123.16,PayPal,60.0,0
TXN-12459,CUST-653,2023-04-13 11:00:00,Books,164.97,Credit Card,52.0,0
TXN-12460,CUST-589,2023-04-13 12:00:00,Electronics,142.35,PayPal,52.0,1
TXN-12461,CUST-506,2023-04-13 13:00:00,Beauty,121.37,Credit Card,18.0,0
TXN-12462,CUST-975,2023-04-13 14:00:00,Books,110.83,PayPal,60.0,0
TXN-12463,CUST-330,2023-04-13 15:00:00,Home & Kitchen,39.72,Debit Card,52.0,0
TXN-12464,CUST-774,2023-04-13 16:00:00,Home & Kitchen,143.43,Debit Card,18.0,0
TXN-12465,CUST-575,2023-04-13 17:00:00,Clothing,148.21,PayPal,,0
TXN-12466,CUST-576,2023-04-13 18:00:00,Books,92.31,UPI,18.0,0
TXN-12467,CUST-610,2023-04-13 19:00:00,Home & Kitchen,101.41,UPI,34.0,1
TXN-12468,CUST-571,2023-04-13 20:00:00,Home & Kitchen,78.07,PayPal,18.0,1
TXN-12469,CUST-754,2023-04-13 21:00:00,Clothing,154.72,Debit Card,,0
TXN-12470,CUST-395,2023-04-13 22:00:00,Beauty,105.37,PayPal,60.0,0
TXN-12471,CUST-748,2023-04-13 23:00:00,Home & Kitchen,114.03,UPI,60.0,0
TXN-12472,CUST-741,2023-04-14 00:00:00,Electronics,145.17,PayPal,52.0,1
TXN-12473,CUST-956,2023-04-14 01:00:00,Electronics,133.08,Debit Card,45.0,0
TXN-12474,CUST-610,2023-04-14 02:00:00,Beauty,142.53,UPI,34.0,0
TXN-12475,CUST-199,2023-04-14 03:00:00,Books,126.99,UPI,60.0,1
TXN-12476,CUST-829,2023-04-14 04:00:00,Clothing,127.88,Credit Card,52.0,1
TXN-12477,CUST-940,2023-04-14 05:00:00,Electronics,127.51,Credit Card,52.0,0
TXN-12478,CUST-842,2023-04-14 06:00:00,Electronics,138.12,UPI,34.0,0
TXN-12479,CUST-610,2023-04-14 07:00:00,Beauty,140.06,UPI,34.0,0
TXN-12480,CUST-574,2023-04-14 08:00:00,Books,71.01,PayPal,52.0,1
TXN-12481,CUST-754,2023-04-14 09:00:00,Books,96.11,Debit Card,,0
TXN-12482,CUST-665,2023-04-14 10:00:00,Beauty,111.87,UPI,45.0,0
TXN-12483,CUST-939,2023-04-14 11:00:00,Electronics,138.07,Debit Card,,0
TXN-12484,CUST-443,2023-04-14 12:00:00,Clothing,183.9,UPI,25.0,0
TXN-12485,CUST-289,2023-04-14 13:00:00,Electronics,87.47,Debit Card,,0
TXN-12486,CUST-882,2023-04-14 14:00:00,Books,155.15,Credit Card,52.0,0
TXN-12487,CUST-202,2023-04-14 15:00:00,Electronics,97.24,UPI,34.0,0
TXN-12488,CUST-602,2023-04-14 16:00:00,Clothing,174.82,PayPal,18.0,0
TXN-12489,CUST-819,2023-04-14 17:00:00,Home & Kitchen,196.49,Debit Card,18.0,0
TXN-12490,CUST-763,2023-04-14 18:00:00,Electronics,50.08,UPI,34.0,0
TXN-12491,CUST-191,2023-04-14 19:00:00,Beauty,106.95,Credit Card,,0
TXN-12492,CUST-848,2023-04-14 20:00:00,Home & Kitchen,25.99,Credit Card,34.0,0
TXN-12493,CUST-954,2023-04-14 21:00:00,Beauty,52.41,Credit Card,25.0,0
TXN-12494,CUST-763,2023-04-14 22:00:00,Beauty,54.9,Credit Card,60.0,1
TXN-12495,CUST-576,2023-04-14 23:00:00,Beauty,144.96,UPI,34.0,0
TXN-12496,CUST-826,2023-04-15 00:00:00,Electronics,137.48,PayPal,18.0,0
TXN-12497,CUST-596,2023-04-15 01:00:00,Books,152.05,Debit Card,45.0,0
TXN-12498,CUST-120,2023-04-15 02:00:00,Home & Kitchen,144.32,PayPal,34.0,0
TXN-12499,CUST-673,2023-04-15 03:00:00,Clothing,139.4,Debit Card,25.0,1
TXN-12500,CUST-306,2023-04-15 04:00:00,Books,124.47,PayPal,45.0,0
TXN-12501,CUST-971,2023-04-15 05:00:00,Electronics,114.76,UPI,25.0,1
TXN-12502,CUST-739,2023-04-15 06:00:00,Beauty,160.78,UPI,45.0,0
TXN-12503,CUST-653,2023-04-15 07:00:00,Clothing,120.49,Debit Card,34.0,0
TXN-12504,CUST-114,2023-04-15 08:00:00,Home & Kitchen,141.01,UPI,18.0,0
TXN-12505,CUST-300,2023-04-15 09:00:00,Books,26.79,Debit Card,45.0,1
TXN-12506,CUST-838,2023-04-15 10:00:00,Books,73.0,PayPal,52.0,1
TXN-12507,CUST-443,2023-04-15 11:00:00,Clothing,159.21,UPI,60.0,0
TXN-12508,CUST-971,2023-04-15 12:00:00,Electronics,93.26,UPI,25.0,0
TXN-12509,CUST-939,2023-04-15 13:00:00,Home & Kitchen,64.19,Debit Card,45.0,0
TXN-12510,CUST-783,2023-04-15 14:00:00,Clothing,145.65,Debit Card,25.0,1
TXN-12511,CUST-101,2023-04-15 15:00:00,Beauty,120.05,Debit Card,18.0,0
TXN-12512,CUST-891,2023-04-15 16:00:00,Home & Kitchen,103.72,Debit Card,25.0,0
TXN-12513,CUST-732,2023-04-15 17:00:00,Books,180.36,Credit Card,25.0,0
TXN-12514,CUST-771,2023-04-15 18:00:00,Clothing,173.5,Debit Card,52.0,0
TXN-12515,CUST-140,2023-04-15 19:00:00,Books,112.49,Credit Card,25.0,0
TXN-12516,CUST-610,2023-04-15 20:00:00,Books,148.9,PayPal,45.0,0
TXN-12517,CUST-212,2023-04-15 21:00:00,Books,30.45,Debit Card,25.0,1
TXN-12518,CUST-283,2023-04-15 22:00:00,Electronics,163.73,Credit Card,34.0,0
TXN-12519,CUST-801,2023-04-15 23:00:00,Books,76.54,Credit Card,25.0,0
TXN-12520,CUST-895,2023-04-16 00:00:00,Beauty,61.91,Credit Card,34.0,0
TXN-12521,CUST-319,2023-04-16 01:00:00,Beauty,48.59,UPI,60.0,0
TXN-12522,CUST-719,2023-04-16 02:00:00,Home & Kitchen,45.5,Credit Card,25.0,0
TXN-12523,CUST-343,2023-04-16 03:00:00,Books,163.21,Debit Card,,1
TXN-12524,CUST-592,2023-04-16 04:00:00,Books,145.25,Debit Card,60.0,1
TXN-12525,CUST-185,2023-04-16 05:00:00,Clothing,89.37,Debit Card,,1
TXN-12526,CUST-574,2023-04-16 06:00:00,Electronics,154.2,Credit Card,25.0,1
TXN-12527,CUST-485,2023-04-16 07:00:00,Home & Kitchen,96.2,Credit Card,45.0,0
TXN-12528,CUST-712,2023-04-16 08:00:00,Books,132.95,UPI,,0
TXN-12529,CUST-101,2023-04-16 09:00:00,Clothing,100.71,PayPal,34.0,0
TXN-12530,CUST-904,2023-04-16 10:00:00,Electronics,115.2,UPI,60.0,0
TXN-12531,CUST-479,2023-04-16 11:00:00,Home & Kitchen,83.67,Debit Card,60.0,0
TXN-12532,CUST-535,2023-04-16 12:00:00,Home & Kitchen,89.61,Debit Card,34.0,0
TXN-12533,CUST-829,2023-04-16 13:00:00,Books,141.76,Debit Card,52.0,1
TXN-12534,CUST-104,2023-04-16 14:00:00,Home & Kitchen,148.19,UPI,25.0,1
TXN-12535,CUST-851,2023-04-16 15:00:00,Clothing,103.44,Debit Card,25.0,1
TXN-12536,CUST-212,2023-04-16 16:00:00,Home & Kitchen,58.98,Debit Card,45.0,0
TXN-12537,CUST-661,2023-04-16 17:00:00,Beauty,218.85,Debit Card,52.0,1
TXN-12538,CUST-954,2023-04-16 18:00:00,Clothing,121.47,Credit Card,52.0,0
TXN-12539,CUST-776,2023-04-16 19:00:00,Electronics,132.49,PayPal,,0
TXN-12540,CUST-897,2023-04-16 20:00:00,Electronics,69.55,Credit Card,45.0,0
TXN-12541,CUST-487,2023-04-16 21:00:00,Books,168.61,Credit Card,60.0,0
TXN-12542,CUST-975,2023-04-16 22:00:00,Books,174.72,PayPal,34.0,1
TXN-12543,CUST-443,2023-04-16 23:00:00,Beauty,51.68,PayPal,60.0,0
TXN-12544,CUST-476,2023-04-17 00:00:00,Electronics,115.9,UPI,18.0,0
TXN-12545,CUST-809,2023-04-17 01:00:00,Electronics,112.78,PayPal,45.0,0
TXN-12546,CUST-297,2023-04-17 02:00:00,Electronics,215.54,UPI,34.0,1
TXN-12547,CUST-302,2023-04-17 03:00:00,Electronics,177.74,UPI,60.0,0
TXN-12548,CUST-829,2023-04-17 04:00:00,Home & Kitchen,61.97,Credit Card,60.0,0
TXN-12549,CUST-824,2023-04-17 05:00:00,Clothing,90.88,Debit Card,52.0,0
TXN-12550,CUST-300,2023-04-17 06:00:00,Clothing,84.28,Credit Card,45.0,0
TXN-12551,CUST-915,2023-04-17 07:00:00,Beauty,134.87,Credit Card,18.0,0
TXN-12552,CUST-466,2023-04-17 08:00:00,Home & Kitchen,182.89,PayPal,25.0,0
TXN-12553,CUST-912,2023-04-17 09:00:00,Electronics,124.37,PayPal,45.0,0
TXN-12554,CUST-376,2023-04-17 10:00:00,Electronics,140.05,UPI,18.0,1
TXN-12555,CUST-584,2023-04-17 11:00:00,Books,93.43,UPI,18.0,1
TXN-12556,CUST-866,2023-04-17 12:00:00,Books,139.83,UPI,45.0,0
TXN-12557,CUST-135,2023-04-17 13:00:00,Beauty,101.12,PayPal,34.0,0
TXN-12558,CUST-198,2023-04-17 14:00:00,Electronics,54.37,UPI,45.0,0
TXN-12559,CUST-894,2023-04-17 15:00:00,Beauty,137.23,UPI,60.0,1
TXN-12560,CUST-610,2023-04-17 16:00:00,Home & Kitchen,119.61,PayPal,,0
TXN-12561,CUST-700,2023-04-17 17:00:00,Clothing,76.11,Debit Card,52.0,0
TXN-12562,CUST-869,2023-04-17 18:00:00,Electronics,185.82,Credit Card,60.0,1
TXN-12563,CUST-527,2023-04-17 19:00:00,Home & Kitchen,89.34,PayPal,18.0,0
TXN-12564,CUST-662,2023-04-17 20:00:00,Electronics,144.36,UPI,18.0,0
TXN-12565,CUST-646,2023-04-17 21:00:00,Books,105.5,Credit Card,25.0,1
TXN-12566,CUST-592,2023-04-17 22:00:00,Beauty,181.74,PayPal,18.0,0
TXN-12567,CUST-370,2023-04-17 23:00:00,Books,110.5,Credit Card,,0
TXN-12568,CUST-317,2023-04-18 00:00:00,Clothing,53.01,Credit Card,25.0,0
TXN-12569,CUST-379,2023-04-18 01:00:00,Books,152.4,Debit Card,18.0,0
TXN-12570,CUST-198,2023-04-18 02:00:00,Electronics,181.58,UPI,18.0,0
TXN-12571,CUST-800,2023-04-18 03:00:00,Books,102.9,PayPal,45.0,0
TXN-12572,CUST-624,2023-04-18 04:00:00,Electronics,147.16,UPI,45.0,0
TXN-12573,CUST-918,2023-04-18 05:00:00,Clothing,125.18,Debit Card,52.0,0
TXN-12574,CUST-270,2023-04-18 06:00:00,Books,104.69,Debit Card,60.0,0
TXN-12575,CUST-786,2023-04-18 07:00:00,Beauty,153.63,PayPal,34.0,0
TXN-12576,CUST-879,2023-04-18 08:00:00,Beauty,88.0,PayPal,52.0,0
TXN-12577,CUST-152,2023-04-18 09:00:00,Beauty,121.3,Debit Card,18.0,1
TXN-12578,CUST-783,2023-04-18 10:00:00,Books,130.29,PayPal,52.0,0
TXN-12579,CUST-895,2023-04-18 11:00:00,Books,128.84,Credit Card,45.0,0
TXN-12580,CUST-620,2023-04-18 12:00:00,Books,88.98,Credit Card,60.0,0
TXN-12581,CUST-297,2023-04-18 13:00:00,Electronics,202.38,Debit Card,18.0,0
TXN-12582,CUST-415,2023-04-18 14:00:00,Clothing,170.49,UPI,18.0,0
TXN-12583,CUST-957,2023-04-18 15:00:00,Beauty,159.62,PayPal,52.0,0
TXN-12584,CUST-287,2023-04-18 16:00:00,Electronics,177.33,PayPal,60.0,0
TXN-12585,CUST-781,2023-04-18 17:00:00,Beauty,122.75,Credit Card,,1
TXN-12586,CUST-260,2023-04-18 18:00:00,Electronics,105.15,PayPal,25.0,0
TXN-12587,CUST-891,2023-04-18 19:00:00,Books,76.44,UPI,,1
TXN-12588,CUST-876,2023-04-18 20:00:00,Beauty,91.86,PayPal,34.0,0
TXN-12589,CUST-527,2023-04-18 21:00:00,Books,79.44,PayPal,60.0,0
TXN-12590,CUST-882,2023-04-18 22:00:00,Beauty,98.88,Credit Card,52.0,1
TXN-12591,CUST-724,2023-04-18 23:00:00,Home & Kitchen,131.06,PayPal,,0
TXN-12592,CUST-827,2023-04-19 00:00:00,Electronics,156.56,Debit Card,52.0,0
TXN-12593,CUST-904,2023-04-19 01:00:00,Home & Kitchen,155.45,Debit Card,34.0,0
TXN-12594,CUST-417,2023-04-19 02:00:00,Electronics,73.14,UPI,18.0,0
TXN-12595,CUST-343,2023-04-19 03:00:00,Clothing,147.57,UPI,18.0,0
TXN-12596,CUST-798,2023-04-19 04:00:00,Beauty,165.75,UPI,25.0,0
TXN-12597,CUST-938,2023-04-19 05:00:00,Clothing,109.83,UPI,52.0,1
TXN-12598,CUST-571,2023-04-19 06:00:00,Clothing,167.91,Credit Card,34.0,0
TXN-12599,CUST-376,2023-04-19 07:00:00,Electronics,155.03,PayPal,52.0,1
TXN-12600,CUST-912,2023-04-19 08:00:00,Home & Kitchen,69.42,Credit Card,45.0,0
TXN-12601,CUST-938,2023-04-19 09:00:00,Books,207.67,UPI,52.0,0
TXN-12602,CUST-956,2023-04-19 10:00:00,Electronics,91.37,PayPal,52.0,0
TXN-12603,CUST-497,2023-04-19 11:00:00,Books,158.3,Debit Card,45.0,0
TXN-12604,CUST-956,2023-04-19 12:00:00,Clothing,156.85,Credit Card,45.0,0
TXN-12605,CUST-352,2023-04-19 13:00:00,Books,71.04,PayPal,,0
TXN-12606,CUST-205,2023-04-19 14:00:00,Home & Kitchen,127.16,Debit Card,34.0,1
TXN-12607,CUST-692,2023-04-19 15:00:00,Electronics,156.36,Debit Card,,0
TXN-12608,CUST-624,2023-04-19 16:00:00,Home & Kitchen,70.62,UPI,18.0,0
TXN-12609,CUST-229,2023-04-19 17:00:00,Home & Kitchen,123.98,Debit Card,25.0,0
TXN-12610,CUST-185,2023-04-19 18:00:00,Electronics,159.71,Debit Card,,1
TXN-12611,CUST-283,2023-04-19 19:00:00,Home & Kitchen,162.29,UPI,45.0,0
TXN-12612,CUST-875,2023-04-19 20:00:00,Beauty,104.12,PayPal,18.0,0
TXN-12613,CUST-940,2023-04-19 21:00:00,Beauty,181.77,PayPal,34.0,0
TXN-12614,CUST-620,2023-04-19 22:00:00,Beauty,172.22,UPI,60.0,0
TXN-12615,CUST-848,2023-04-19 23:00:00,Books,129.65,Credit Card,52.0,0
TXN-12616,CUST-382,2023-04-20 00:00:00,Home & Kitchen,93.64,UPI,34.0,0
TXN-12617,CUST-771,2023-04-20 01:00:00,Electronics,73.37,PayPal,34.0,0
TXN-12618,CUST-445,2023-04-20 02:00:00,Electronics,135.1,Credit Card,45.0,0
TXN-12619,CUST-664,2023-04-20 03:00:00,Books,178.58,UPI,25.0,1
TXN-12620,CUST-868,2023-04-20 04:00:00,Electronics,114.11,PayPal,,0
TXN-12621,CUST-712,2023-04-20 05:00:00,Beauty,85.64,PayPal,45.0,0
TXN-12622,CUST-781,2023-04-20 06:00:00,Home & Kitchen,153.0,PayPal,52.0,0
TXN-12623,CUST-848,2023-04-20 07:00:00,Electronics,126.98,Debit Card,45.0,0
TXN-12624,CUST-343,2023-04-20 08:00:00,Electronics,140.64,Debit Card,52.0,0
TXN-12625,CUST-596,2023-04-20 09:00:00,Clothing,98.99,Credit Card,45.0,0
TXN-12626,CUST-761,2023-04-20 10:00:00,Clothing,105.21,Credit Card,60.0,0
TXN-12627,CUST-223,2023-04-20 11:00:00,Clothing,98.8,Credit Card,25.0,0
TXN-12628,CUST-478,2023-04-20 12:00:00,Home & Kitchen,139.97,Debit Card,60.0,1
TXN-12629,CUST-501,2023-04-20 13:00:00,Beauty,106.42,Credit Card,18.0,0
TXN-12630,CUST-515,2023-04-20 14:00:00,Beauty,143.7,PayPal,25.0,0
TXN-12631,CUST-938,2023-04-20 15:00:00,Beauty,95.15,PayPal,,0
TXN-12632,CUST-978,2023-04-20 16:00:00,Home & Kitchen,139.9,Credit Card,45.0,0
TXN-12633,CUST-478,2023-04-20 17:00:00,Home & Kitchen,148.15,Credit Card,34.0,0
TXN-12634,CUST-737,2023-04-20 18:00:00,Clothing,133.26,Debit Card,18.0,0
TXN-12635,CUST-915,2023-04-20 19:00:00,Electronics,156.68,PayPal,34.0,0
TXN-12636,CUST-663,2023-04-20 20:00:00,Books,100.74,UPI,60.0,0
TXN-12637,CUST-351,2023-04-20 21:00:00,Books,147.71,UPI,,0
TXN-12638,CUST-430,2023-04-20 22:00:00,Electronics,129.33,Debit Card,25.0,1
TXN-12639,CUST-929,2023-04-20 23:00:00,Clothing,87.61,Debit Card,,0
TXN-12640,CUST-506,2023-04-21 00:00:00,Electronics,43.72,Debit Card,18.0,0
TXN-12641,CUST-596,2023-04-21 01:00:00,Electronics,52.27,PayPal,60.0,0
TXN-12642,CUST-152,2023-04-21 02:00:00,Books,31.67,Credit Card,45.0,0
TXN-12643,CUST-868,2023-04-21 03:00:00,Clothing,137.05,Credit Card,34.0,0
TXN-12644,CUST-120,2023-04-21 04:00:00,Home & Kitchen,107.01,Debit Card,45.0,0
TXN-12645,CUST-302,2023-04-21 05:00:00,Books,123.49,PayPal,52.0,0
TXN-12646,CUST-206,2023-04-21 06:00:00,Home & Kitchen,112.78,UPI,,0
TXN-12647,CUST-234,2023-04-21 07:00:00,Clothing,143.27,Debit Card,18.0,0
TXN-12648,CUST-555,2023-04-21 08:00:00,Electronics,144.44,PayPal,34.0,0
TXN-12649,CUST-742,2023-04-21 09:00:00,Beauty,121.72,Debit Card,25.0,0
TXN-12650,CUST-939,2023-04-21 10:00:00,Beauty,124.14,PayPal,25.0,1
TXN-12651,CUST-415,2023-04-21 11:00:00,Clothing,125.73,PayPal,25.0,0
TXN-12652,CUST-802,2023-04-21 12:00:00,Beauty,175.67,Debit Card,60.0,0
TXN-12653,CUST-479,2023-04-21 13:00:00,Home & Kitchen,39.82,Credit Card,25.0,0
TXN-12654,CUST-665,2023-04-21 14:00:00,Beauty,93.18,Debit Card,34.0,0
TXN-12655,CUST-492,2023-04-21 15:00:00,Clothing,154.61,Credit Card,,1
TXN-12656,CUST-786,2023-04-21 16:00:00,Clothing,164.32,Credit Card,,0
TXN-12657,CUST-872,2023-04-21 17:00:00,Home & Kitchen,137.09,UPI,,0
TXN-12658,CUST-332,2023-04-21 18:00:00,Beauty,112.63,PayPal,60.0,0
TXN-12659,CUST-132,2023-04-21 19:00:00,Beauty,194.46,Debit Card,52.0,0
TXN-12660,CUST-332,2023-04-21 20:00:00,Electronics,127.11,PayPal,25.0,0
TXN-12661,CUST-206,2023-04-21 21:00:00,Books,121.23,UPI,,0
TXN-12662,CUST-340,2023-04-21 22:00:00,Clothing,173.27,Credit Card,25.0,0
TXN-12663,CUST-230,2023-04-21 23:00:00,Electronics,139.02,Debit Card,60.0,0
TXN-12664,CUST-289,2023-04-22 00:00:00,Clothing,157.59,PayPal,25.0,0
TXN-12665,CUST-314,2023-04-22 01:00:00,Electronics,162.28,UPI,52.0,1
TXN-12666,CUST-997,2023-04-22 02:00:00,Books,105.1,Credit Card,60.0,0
TXN-12667,CUST-199,2023-04-22 03:00:00,Electronics,190.71,Credit Card,60.0,0
TXN-12668,CUST-939,2023-04-22 04:00:00,Clothing,21.52,PayPal,18.0,1
TXN-12669,CUST-827,2023-04-22 05:00:00,Beauty,40.81,Credit Card,60.0,1
TXN-12670,CUST-819,2023-04-22 06:00:00,Clothing,92.79,UPI,25.0,0
TXN-12671,CUST-324,2023-04-22 07:00:00,Home & Kitchen,103.07,Credit Card,60.0,0
TXN-12672,CUST-997,2023-04-22 08:00:00,Home & Kitchen,134.5,Debit Card,25.0,0
TXN-12673,CUST-842,2023-04-22 09:00:00,Home & Kitchen,92.42,Debit Card,25.0,0
TXN-12674,CUST-596,2023-04-22 10:00:00,Home & Kitchen,119.52,PayPal,,1
TXN-12675,CUST-358,2023-04-22 11:00:00,Books,111.79,UPI,60.0,0
TXN-12676,CUST-561,2023-04-22 12:00:00,Beauty,200.18,Credit Card,18.0,0
TXN-12677,CUST-527,2023-04-22 13:00:00,Beauty,87.8,Credit Card,25.0,1
TXN-12678,CUST-605,2023-04-22 14:00:00,Clothing,52.68,Credit Card,,0
TXN-12679,CUST-677,2023-04-22 15:00:00,Electronics,164.76,Debit Card,18.0,1
TXN-12680,CUST-754,2023-04-22 16:00:00,Clothing,91.44,UPI,18.0,1
TXN-12681,CUST-929,2023-04-22 17:00:00,Clothing,116.33,Credit Card,60.0,0
TXN-12682,CUST-473,2023-04-22 18:00:00,Clothing,94.15,PayPal,45.0,0
TXN-12683,CUST-560,2023-04-22 19:00:00,Clothing,149.49,UPI,,0
TXN-12684,CUST-330,2023-04-22 20:00:00,Beauty,65.03,UPI,45.0,1
TXN-12685,CUST-971,2023-04-22 21:00:00,Electronics,8.03,Credit Card,25.0,1
TXN-12686,CUST-501,2023-04-22 22:00:00,Clothing,171.83,Debit Card,34.0,0
TXN-12687,CUST-114,2023-04-22 23:00:00,Beauty,129.9,UPI,45.0,0
TXN-12688,CUST-783,2023-04-23 00:00:00,Clothing,162.91,PayPal,,0
TXN-12689,CUST-724,2023-04-23 01:00:00,Home & Kitchen,170.49,UPI,60.0,1
TXN-12690,CUST-561,2023-04-23 02:00:00,Clothing,83.34,Debit Card,,0
TXN-12691,CUST-662,2023-04-23 03:00:00,Clothing,122.43,PayPal,60.0,0
TXN-12692,CUST-287,2023-04-23 04:00:00,Books,140.22,Debit Card,45.0,0
TXN-12693,CUST-732,2023-04-23 05:00:00,Home & Kitchen,115.67,Credit Card,34.0,0
TXN-12694,CUST-939,2023-04-23 06:00:00,Electronics,107.51,UPI,52.0,1
TXN-12695,CUST-700,2023-04-23 07:00:00,Clothing,111.45,PayPal,25.0,0
TXN-12696,CUST-297,2023-04-23 08:00:00,Electronics,163.34,Debit Card,,0
TXN-12697,CUST-430,2023-04-23 09:00:00,Home & Kitchen,109.64,Credit Card,52.0,0
TXN-12698,CUST-506,2023-04-23 10:00:00,Clothing,144.01,PayPal,52.0,1
TXN-12699,CUST-500,2023-04-23 11:00:00,Books,133.88,UPI,18.0,0
TXN-12700,CUST-895,2023-04-23 12:00:00,Beauty,81.43,UPI,18.0,0
TXN-12701,CUST-316,2023-04-23 13:00:00,Books,132.08,Debit Card,25.0,0
TXN-12702,CUST-408,2023-04-23 14:00:00,Books,58.45,PayPal,34.0,0
TXN-12703,CUST-430,2023-04-23 15:00:00,Beauty,136.06,Credit Card,18.0,0
TXN-12704,CUST-970,2023-04-23 16:00:00,Beauty,155.64,Credit Card,,0
TXN-12705,CUST-230,2023-04-23 17:00:00,Beauty,164.86,Credit Card,,0
TXN-12706,CUST-708,2023-04-23 18:00:00,Clothing,81.89,Debit Card,45.0,0
TXN-12707,CUST-620,2023-04-23 19:00:00,Electronics,98.55,Credit Card,,0
TXN-12708,CUST-829,2023-04-23 20:00:00,Electronics,131.36,PayPal,25.0,0
TXN-12709,CUST-781,2023-04-23 21:00:00,Beauty,100.96,Debit Card,60.0,0
TXN-12710,CUST-640,2023-04-23 22:00:00,Books,42.84,UPI,52.0,0
TXN-12711,CUST-866,2023-04-23 23:00:00,Home & Kitchen,98.33,Debit Card,,0
TXN-12712,CUST-506,2023-04-24 00:00:00,Beauty,131.21,Debit Card,25.0,1
TXN-12713,CUST-352,2023-04-24 01:00:00,Books,162.7,Debit Card,60.0,0
TXN-12714,CUST-340,2023-04-24 02:00:00,Books,187.57,PayPal,60.0,0
TXN-12715,CUST-222,2023-04-24 03:00:00,Clothing,125.0,UPI,18.0,0
TXN-12716,CUST-746,2023-04-24 04:00:00,Clothing,142.66,UPI,60.0,1
TXN-12717,CUST-484,2023-04-24 05:00:00,Electronics,158.43,Debit Card,34.0,0
TXN-12718,CUST-561,2023-04-24 06:00:00,Electronics,37.98,Debit Card,60.0,0
TXN-12719,CUST-763,2023-04-24 07:00:00,Home & Kitchen,79.23,Debit Card,60.0,0
TXN-12720,CUST-101,2023-04-24 08:00:00,Home & Kitchen,124.1,PayPal,52.0,0
TXN-12721,CUST-935,2023-04-24 09:00:00,Home & Kitchen,182.24,PayPal,34.0,0
TXN-12722,CUST-891,2023-04-24 10:00:00,Home & Kitchen,145.19,Credit Card,25.0,0
TXN-12723,CUST-376,2023-04-24 11:00:00,Books,133.19,UPI,34.0,1
TXN-12724,CUST-491,2023-04-24 12:00:00,Books,110.88,Credit Card,34.0,0
TXN-12725,CUST-876,2023-04-24 13:00:00,Electronics,137.07,Credit Card,25.0,1
TXN-12726,CUST-113,2023-04-24 14:00:00,Clothing,96.14,Debit Card,52.0,0
TXN-12727,CUST-983,2023-04-24 15:00:00,Clothing,88.81,PayPal,,1
TXN-12728,CUST-591,2023-04-24 16:00:00,Beauty,92.28,Credit Card,60.0,0
TXN-12729,CUST-956,2023-04-24 17:00:00,Books,173.62,Credit Card,34.0,0
TXN-12730,CUST-202,2023-04-24 18:00:00,Home & Kitchen,86.39,Credit Card,34.0,0
TXN-12731,CUST-956,2023-04-24 19:00:00,Home & Kitchen,104.05,Debit Card,,1
TXN-12732,CUST-589,2023-04-24 20:00:00,Beauty,138.84,Debit Card,25.0,0
TXN-12733,CUST-510,2023-04-24 21:00:00,Clothing,84.79,PayPal,45.0,0
TXN-12734,CUST-774,2023-04-24 22:00:00,Home & Kitchen,129.05,Credit Card,,0
TXN-12735,CUST-584,2023-04-24 23:00:00,Clothing,129.03,Credit Card,34.0,1
TXN-12736,CUST-228,2023-04-25 00:00:00,Beauty,95.02,PayPal,18.0,0
TXN-12737,CUST-185,2023-04-25 01:00:00,Clothing,109.65,PayPal,60.0,0
TXN-12738,CUST-443,2023-04-25 02:00:00,Clothing,82.26,PayPal,60.0,1
TXN-12739,CUST-486,2023-04-25 03:00:00,Clothing,175.31,UPI,,1
TXN-12740,CUST-742,2023-04-25 04:00:00,Home & Kitchen,130.3,PayPal,52.0,0
TXN-12741,CUST-352,2023-04-25 05:00:00,Electronics,78.05,Debit Card,,1
TXN-12742,CUST-640,2023-04-25 06:00:00,Books,125.05,UPI,34.0,0
TXN-12743,CUST-848,2023-04-25 07:00:00,Clothing,126.86,PayPal,25.0,0
TXN-12744,CUST-351,2023-04-25 08:00:00,Clothing,30.27,Debit Card,18.0,1
TXN-12745,CUST-869,2023-04-25 09:00:00,Clothing,173.62,PayPal,,1
TXN-12746,CUST-741,2023-04-25 10:00:00,Electronics,80.42,PayPal,25.0,0
TXN-12747,CUST-379,2023-04-25 11:00:00,Beauty,203.61,UPI,,0
TXN-12748,CUST-724,2023-04-25 12:00:00,Home & Kitchen,151.81,Debit Card,34.0,0
TXN-12749,CUST-527,2023-04-25 13:00:00,Electronics,74.93,Credit Card,18.0,1
TXN-12750,CUST-191,2023-04-25 14:00:00,Clothing,107.43,PayPal,52.0,1
TXN-12751,CUST-712,2023-04-25 15:00:00,Electronics,156.9,UPI,52.0,0
TXN-12752,CUST-584,2023-04-25 16:00:00,Electronics,110.49,Debit Card,,1
TXN-12753,CUST-492,2023-04-25 17:00:00,Electronics,167.13,PayPal,52.0,0
TXN-12754,CUST-379,2023-04-25 18:00:00,Beauty,104.96,Credit Card,45.0,0
TXN-12755,CUST-882,2023-04-25 19:00:00,Books,116.85,Debit Card,25.0,0
TXN-12756,CUST-373,2023-04-25 20:00:00,Home & Kitchen,158.01,Debit Card,34.0,0
TXN-12757,CUST-487,2023-04-25 21:00:00,Beauty,144.14,UPI,18.0,0
TXN-12758,CUST-164,2023-04-25 22:00:00,Beauty,82.99,PayPal,,1
TXN-12759,CUST-472,2023-04-25 23:00:00,Books,137.36,PayPal,,0
TXN-12760,CUST-341,2023-04-26 00:00:00,Beauty,126.7,Debit Card,60.0,0
TXN-12761,CUST-234,2023-04-26 01:00:00,Electronics,83.53,PayPal,60.0,1
TXN-12762,CUST-712,2023-04-26 02:00:00,Electronics,64.38,Debit Card,25.0,0
TXN-12763,CUST-417,2023-04-26 03:00:00,Clothing,42.74,Credit Card,34.0,0
TXN-12764,CUST-127,2023-04-26 04:00:00,Beauty,108.22,UPI,45.0,0
TXN-12765,CUST-584,2023-04-26 05:00:00,Clothing,117.84,PayPal,34.0,1
TXN-12766,CUST-430,2023-04-26 06:00:00,Home & Kitchen,140.18,PayPal,25.0,0
TXN-12767,CUST-340,2023-04-26 07:00:00,Electronics,152.82,UPI,34.0,0
TXN-12768,CUST-978,2023-04-26 08:00:00,Home & Kitchen,103.45,Credit Card,60.0,0
TXN-12769,CUST-379,2023-04-26 09:00:00,Books,116.68,Credit Card,60.0,1
TXN-12770,CUST-610,2023-04-26 10:00:00,Electronics,89.65,Credit Card,18.0,0
TXN-12771,CUST-739,2023-04-26 11:00:00,Home & Kitchen,123.49,Credit Card,45.0,0
TXN-12772,CUST-256,2023-04-26 12:00:00,Books,158.74,Credit Card,60.0,0
TXN-12773,CUST-584,2023-04-26 13:00:00,Home & Kitchen,124.05,Debit Card,18.0,0
TXN-12774,CUST-905,2023-04-26 14:00:00,Books,166.53,PayPal,45.0,0
TXN-12775,CUST-592,2023-04-26 15:00:00,Books,158.07,PayPal,60.0,1
TXN-12776,CUST-324,2023-04-26 16:00:00,Electronics,178.31,PayPal,45.0,0
TXN-12777,CUST-555,2023-04-26 17:00:00,Clothing,125.17,Debit Card,34.0,1
TXN-12778,CUST-604,2023-04-26 18:00:00,Books,98.7,UPI,18.0,1
TXN-12779,CUST-610,2023-04-26 19:00:00,Books,144.85,Credit Card,45.0,0
TXN-12780,CUST-748,2023-04-26 20:00:00,Electronics,105.08,UPI,,0
TXN-12781,CUST-971,2023-04-26 21:00:00,Clothing,143.59,Credit Card,45.0,1
TXN-12782,CUST-835,2023-04-26 22:00:00,Beauty,93.49,Credit Card,34.0,1
TXN-12783,CUST-761,2023-04-26 23:00:00,Beauty,86.86,UPI,60.0,0
TXN-12784,CUST-604,2023-04-27 00:00:00,Clothing,168.66,PayPal,60.0,0
TXN-12785,CUST-152,2023-04-27 01:00:00,Home & Kitchen,79.5,Debit Card,,0
TXN-12786,CUST-346,2023-04-27 02:00:00,Electronics,160.89,UPI,25.0,0
TXN-12787,CUST-430,2023-04-27 03:00:00,Clothing,143.44,PayPal,25.0,0
TXN-12788,CUST-260,2023-04-27 04:00:00,Beauty,123.77,Credit Card,60.0,1
TXN-12789,CUST-842,2023-04-27 05:00:00,Books,44.29,PayPal,,0
TXN-12790,CUST-869,2023-04-27 06:00:00,Beauty,179.43,Credit Card,52.0,1
TXN-12791,CUST-559,2023-04-27 07:00:00,Books,82.61,Credit Card,52.0,0
TXN-12792,CUST-554,2023-04-27 08:00:00,Electronics,158.13,PayPal,,0
TXN-12793,CUST-221,2023-04-27 09:00:00,Books,92.36,Credit Card,45.0,0
TXN-12794,CUST-230,2023-04-27 10:00:00,Clothing,89.15,Debit Card,60.0,0
TXN-12795,CUST-931,2023-04-27 11:00:00,Books,146.74,PayPal,25.0,0
TXN-12796,CUST-879,2023-04-27 12:00:00,Home & Kitchen,141.54,UPI,45.0,0
TXN-12797,CUST-646,2023-04-27 13:00:00,Clothing,74.2,Credit Card,18.0,0
TXN-12798,CUST-558,2023-04-27 14:00:00,Electronics,177.47,Credit Card,,0
TXN-12799,CUST-991,2023-04-27 15:00:00,Clothing,111.76,Debit Card,,1
TXN-12800,CUST-604,2023-04-27 16:00:00,Home & Kitchen,122.76,Debit Card,25.0,1
TXN-12801,CUST-408,2023-04-27 17:00:00,Electronics,108.12,UPI,25.0,0
TXN-12802,CUST-376,2023-04-27 18:00:00,Beauty,75.89,Credit Card,25.0,1
TXN-12803,CUST-848,2023-04-27 19:00:00,Home & Kitchen,149.41,UPI,,0
TXN-12804,CUST-724,2023-04-27 20:00:00,Electronics,131.58,UPI,52.0,0
TXN-12805,CUST-656,2023-04-27 21:00:00,Books,87.8,Credit Card,34.0,0
TXN-12806,CUST-940,2023-04-27 22:00:00,Clothing,157.77,UPI,34.0,0
TXN-12807,CUST-101,2023-04-27 23:00:00,Electronics,122.19,UPI,,0
TXN-12808,CUST-314,2023-04-28 00:00:00,Clothing,123.06,Debit Card,52.0,0
TXN-12809,CUST-140,2023-04-28 01:00:00,Books,191.06,Debit Card,60.0,0
TXN-12810,CUST-379,2023-04-28 02:00:00,Electronics,55.68,UPI,60.0,0
TXN-12811,CUST-212,2023-04-28 03:00:00,Beauty,55.15,Credit Card,,1
TXN-12812,CUST-443,2023-04-28 04:00:00,Home & Kitchen,64.16,Debit Card,,1
TXN-12813,CUST-527,2023-04-28 05:00:00,Electronics,134.55,UPI,52.0,0
TXN-12814,CUST-781,2023-04-28 06:00:00,Books,105.64,PayPal,52.0,0
TXN-12815,CUST-975,2023-04-28 07:00:00,Electronics,108.82,PayPal,60.0,0
TXN-12816,CUST-305,2023-04-28 08:00:00,Clothing,82.3,UPI,34.0,1
TXN-12817,CUST-926,2023-04-28 09:00:00,Electronics,186.61,PayPal,45.0,0
TXN-12818,CUST-827,2023-04-28 10:00:00,Beauty,200.04,Debit Card,52.0,0
TXN-12819,CUST-229,2023-04-28 11:00:00,Electronics,155.96,Credit Card,45.0,0
TXN-12820,CUST-301,2023-04-28 12:00:00,Home & Kitchen,59.71,UPI,45.0,0
TXN-12821,CUST-430,2023-04-28 13:00:00,Electronics,100.52,Debit Card,18.0,0
TXN-12822,CUST-297,2023-04-28 14:00:00,Clothing,153.1,Credit Card,34.0,0
TXN-12823,CUST-127,2023-04-28 15:00:00,Electronics,118.17,PayPal,,1
TXN-12824,CUST-871,2023-04-28 16:00:00,Beauty,156.09,PayPal,45.0,0
TXN-12825,CUST-101,2023-04-28 17:00:00,Books,169.91,PayPal,,0
TXN-12826,CUST-783,2023-04-28 18:00:00,Electronics,196.29,PayPal,,0
TXN-12827,CUST-198,2023-04-28 19:00:00,Electronics,93.81,Debit Card,34.0,0
TXN-12828,CUST-478,2023-04-28 20:00:00,Home & Kitchen,123.25,Debit Card,34.0,0
TXN-12829,CUST-114,2023-04-28 21:00:00,Beauty,102.37,Credit Card,18.0,0
TXN-12830,CUST-113,2023-04-28 22:00:00,Books,39.97,UPI,,1
TXN-12831,CUST-824,2023-04-28 23:00:00,Clothing,148.06,Credit Card,60.0,0
TXN-12832,CUST-939,2023-04-29 00:00:00,Electronics,142.54,UPI,34.0,1
TXN-12833,CUST-518,2023-04-29 01:00:00,Books,98.13,PayPal,45.0,1
TXN-12834,CUST-712,2023-04-29 02:00:00,Clothing,56.08,PayPal,60.0,1
TXN-12835,CUST-370,2023-04-29 03:00:00,Beauty,104.64,PayPal,60.0,0
TXN-12836,CUST-589,2023-04-29 04:00:00,Beauty,149.25,PayPal,25.0,0
TXN-12837,CUST-487,2023-04-29 05:00:00,Books,173.49,Debit Card,45.0,0
TXN-12838,CUST-653,2023-04-29 06:00:00,Clothing,91.5,Credit Card,45.0,0
TXN-12839,CUST-938,2023-04-29 07:00:00,Beauty,164.31,UPI,34.0,0
TXN-12840,CUST-152,2023-04-29 08:00:00,Books,144.9,UPI,45.0,1
TXN-12841,CUST-918,2023-04-29 09:00:00,Beauty,136.53,Debit Card,,1
TXN-12842,CUST-560,2023-04-29 10:00:00,Beauty,68.26,PayPal,25.0,1
TXN-12843,CUST-195,2023-04-29 11:00:00,Beauty,70.0,Credit Card,34.0,0
TXN-12844,CUST-572,2023-04-29 12:00:00,Home & Kitchen,86.77,PayPal,52.0,0
TXN-12845,CUST-447,2023-04-29 13:00:00,Clothing,106.94,Debit Card,45.0,0
TXN-12846,CUST-256,2023-04-29 14:00:00,Books,192.03,UPI,45.0,0
TXN-12847,CUST-114,2023-04-29 15:00:00,Books,93.51,Debit Card,18.0,1
TXN-12848,CUST-869,2023-04-29 16:00:00,Clothing,150.85,UPI,52.0,0
TXN-12849,CUST-897,2023-04-29 17:00:00,Clothing,101.41,Credit Card,52.0,0
TXN-12850,CUST-776,2023-04-29 18:00:00,Clothing,138.91,UPI,,1
TXN-12851,CUST-430,2023-04-29 19:00:00,Clothing,117.48,Credit Card,25.0,0
TXN-12852,CUST-555,2023-04-29 20:00:00,Electronics,127.08,PayPal,,1
TXN-12853,CUST-443,2023-04-29 21:00:00,Books,134.78,PayPal,52.0,0
TXN-12854,CUST-566,2023-04-29 22:00:00,Electronics,110.02,Debit Card,,1
TXN-12855,CUST-737,2023-04-29 23:00:00,Beauty,134.98,Credit Card,,0
TXN-12856,CUST-346,2023-04-30 00:00:00,Beauty,169.36,PayPal,18.0,0
TXN-12857,CUST-655,2023-04-30 01:00:00,Books,89.84,Credit Card,25.0,0
TXN-12858,CUST-185,2023-04-30 02:00:00,Beauty,167.43,PayPal,,0
TXN-12859,CUST-761,2023-04-30 03:00:00,Clothing,109.39,PayPal,,1
TXN-12860,CUST-655,2023-04-30 04:00:00,Electronics,105.16,UPI,52.0,0
TXN-12861,CUST-872,2023-04-30 05:00:00,Clothing,147.98,Debit Card,25.0,1
TXN-12862,CUST-709,2023-04-30 06:00:00,Beauty,106.35,UPI,52.0,1
TXN-12863,CUST-708,2023-04-30 07:00:00,Electronics,132.77,Credit Card,52.0,0
TXN-12864,CUST-555,2023-04-30 08:00:00,Clothing,129.03,PayPal,,0
TXN-12865,CUST-485,2023-04-30 09:00:00,Books,36.66,Debit Card,60.0,0
TXN-12866,CUST-610,2023-04-30 10:00:00,Clothing,136.7,PayPal,52.0,0
TXN-12867,CUST-300,2023-04-30 11:00:00,Beauty,62.36,PayPal,,0
TXN-12868,CUST-485,2023-04-30 12:00:00,Electronics,65.4,UPI,45.0,0
TXN-12869,CUST-844,2023-04-30 13:00:00,Books,134.66,Credit Card,52.0,0
TXN-12870,CUST-324,2023-04-30 14:00:00,Electronics,141.46,Debit Card,45.0,0
TXN-12871,CUST-430,2023-04-30 15:00:00,Books,168.2,Debit Card,34.0,0
TXN-12872,CUST-719,2023-04-30 16:00:00,Electronics,76.43,Debit Card,60.0,1
TXN-12873,CUST-458,2023-04-30 17:00:00,Beauty,90.35,Credit Card,18.0,0
TXN-12874,CUST-370,2023-04-30 18:00:00,Books,138.57,Debit Card,25.0,1
TXN-12875,CUST-260,2023-04-30 19:00:00,Home & Kitchen,168.97,Credit Card,25.0,0
TXN-12876,CUST-472,2023-04-30 20:00:00,Electronics,127.69,Debit Card,34.0,0
TXN-12877,CUST-518,2023-04-30 21:00:00,Electronics,84.88,PayPal,52.0,1
TXN-12878,CUST-104,2023-04-30 22:00:00,Clothing,180.26,Credit Card,18.0,0
TXN-12879,CUST-370,2023-04-30 23:00:00,Books,109.51,UPI,34.0,0
TXN-12880,CUST-848,2023-05-01 00:00:00,Home & Kitchen,110.75,Debit Card,34.0,0
TXN-12881,CUST-492,2023-05-01 01:00:00,Beauty,62.57,UPI,25.0,0
TXN-12882,CUST-918,2023-05-01 02:00:00,Clothing,148.96,Credit Card,45.0,0
TXN-12883,CUST-712,2023-05-01 03:00:00,Home & Kitchen,154.1,PayPal,45.0,0
TXN-12884,CUST-605,2023-05-01 04:00:00,Books,91.77,UPI,52.0,0
TXN-12885,CUST-101,2023-05-01 05:00:00,Home & Kitchen,190.05,UPI,52.0,1
TXN-12886,CUST-212,2023-05-01 06:00:00,Electronics,96.51,PayPal,,1
TXN-12887,CUST-983,2023-05-01 07:00:00,Electronics,145.01,PayPal,,0
TXN-12888,CUST-229,2023-05-01 08:00:00,Clothing,128.95,Credit Card,34.0,0
TXN-12889,CUST-960,2023-05-01 09:00:00,Books,38.98,Debit Card,52.0,0
TXN-12890,CUST-485,2023-05-01 10:00:00,Books,141.76,UPI,45.0,1
TXN-12891,CUST-132,2023-05-01 11:00:00,Home & Kitchen,138.16,UPI,18.0,0
TXN-12892,CUST-485,2023-05-01 12:00:00,Clothing,49.34,Credit Card,25.0,0
TXN-12893,CUST-113,2023-05-01 13:00:00,Books,181.01,Debit Card,45.0,0
TXN-12894,CUST-761,2023-05-01 14:00:00,Electronics,138.33,Credit Card,,0
TXN-12895,CUST-663,2023-05-01 15:00:00,Home & Kitchen,169.58,UPI,60.0,0
TXN-12896,CUST-776,2023-05-01 16:00:00,Beauty,51.36,UPI,52.0,0
TXN-12897,CUST-844,2023-05-01 17:00:00,Electronics,103.58,PayPal,25.0,0
TXN-12898,CUST-430,2023-05-01 18:00:00,Clothing,167.22,PayPal,60.0,0
TXN-12899,CUST-975,2023-05-01 19:00:00,Books,57.27,Debit Card,25.0,0
TXN-12900,CUST-592,2023-05-01 20:00:00,Electronics,104.76,UPI,34.0,0
TXN-12901,CUST-230,2023-05-01 21:00:00,Beauty,136.26,UPI,52.0,1
TXN-12902,CUST-388,2023-05-01 22:00:00,Beauty,44.22,PayPal,34.0,0
TXN-12903,CUST-604,2023-05-01 23:00:00,Clothing,67.14,Credit Card,25.0,0
TXN-12904,CUST-799,2023-05-02 00:00:00,Electronics,175.28,Credit Card,34.0,0
TXN-12905,CUST-604,2023-05-02 01:00:00,Home & Kitchen,122.39,UPI,52.0,0
TXN-12906,CUST-554,2023-05-02 02:00:00,Electronics,167.07,UPI,45.0,0
TXN-12907,CUST-289,2023-05-02 03:00:00,Beauty,127.28,Debit Card,18.0,0
TXN-12908,CUST-430,2023-05-02 04:00:00,Clothing,218.24,Debit Card,60.0,0
TXN-12909,CUST-868,2023-05-02 05:00:00,Clothing,137.55,PayPal,45.0,0
TXN-12910,CUST-561,2023-05-02 06:00:00,Home & Kitchen,170.79,UPI,25.0,0
TXN-12911,CUST-515,2023-05-02 07:00:00,Clothing,110.16,Credit Card,45.0,0
TXN-12912,CUST-212,2023-05-02 08:00:00,Clothing,128.43,Debit Card,34.0,1
TXN-12913,CUST-388,2023-05-02 09:00:00,Clothing,145.67,PayPal,52.0,0
TXN-12914,CUST-561,2023-05-02 10:00:00,Clothing,152.31,PayPal,45.0,0
TXN-12915,CUST-978,2023-05-02 11:00:00,Clothing,118.44,Credit Card,45.0,0
TXN-12916,CUST-561,2023-05-02 12:00:00,Beauty,120.11,Debit Card,52.0,0
TXN-12917,CUST-199,2023-05-02 13:00:00,Electronics,140.08,Credit Card,34.0,0
TXN-12918,CUST-954,2023-05-02 14:00:00,Books,140.05,PayPal,18.0,1
TXN-12919,CUST-963,2023-05-02 15:00:00,Clothing,79.0,UPI,45.0,0
TXN-12920,CUST-443,2023-05-02 16:00:00,Books,129.0,Credit Card,60.0,0
TXN-12921,CUST-291,2023-05-02 17:00:00,Books,132.83,PayPal,25.0,0
TXN-12922,CUST-970,2023-05-02 18:00:00,Beauty,80.95,UPI,,0
TXN-12923,CUST-358,2023-05-02 19:00:00,Clothing,156.24,UPI,34.0,1
TXN-12924,CUST-584,2023-05-02 20:00:00,Books,136.51,Debit Card,34.0,0
TXN-12925,CUST-809,2023-05-02 21:00:00,Clothing,213.23,Debit Card,45.0,0
TXN-12926,CUST-140,2023-05-02 22:00:00,Home & Kitchen,118.96,PayPal,60.0,0
TXN-12927,CUST-198,2023-05-02 23:00:00,Home & Kitchen,165.44,Credit Card,,0
TXN-12928,CUST-502,2023-05-03 00:00:00,Home & Kitchen,141.57,UPI,52.0,0
TXN-12929,CUST-114,2023-05-03 01:00:00,Books,196.86,Debit Card,,0
TXN-12930,CUST-351,2023-05-03 02:00:00,Home & Kitchen,81.2,Debit Card,45.0,0
TXN-12931,CUST-501,2023-05-03 03:00:00,Beauty,100.19,Credit Card,45.0,0
TXN-12932,CUST-195,2023-05-03 04:00:00,Beauty,82.57,Debit Card,52.0,0
TXN-12933,CUST-538,2023-05-03 05:00:00,Books,116.88,PayPal,25.0,0
TXN-12934,CUST-674,2023-05-03 06:00:00,Clothing,75.01,Credit Card,52.0,0
TXN-12935,CUST-497,2023-05-03 07:00:00,Electronics,58.96,UPI,45.0,0
TXN-12936,CUST-833,2023-05-03 08:00:00,Clothing,34.66,PayPal,18.0,0
TXN-12937,CUST-114,2023-05-03 09:00:00,Clothing,32.1,UPI,52.0,1
TXN-12938,CUST-484,2023-05-03 10:00:00,Clothing,146.26,UPI,25.0,0
TXN-12939,CUST-748,2023-05-03 11:00:00,Clothing,101.78,Debit Card,52.0,0
TXN-12940,CUST-712,2023-05-03 12:00:00,Electronics,70.65,PayPal,52.0,1
TXN-12941,CUST-692,2023-05-03 13:00:00,Home & Kitchen,93.64,PayPal,34.0,0
TXN-12942,CUST-382,2023-05-03 14:00:00,Clothing,98.88,Credit Card,34.0,1
TXN-12943,CUST-673,2023-05-03 15:00:00,Beauty,81.42,PayPal,45.0,0
TXN-12944,CUST-413,2023-05-03 16:00:00,Books,184.22,Credit Card,45.0,1
TXN-12945,CUST-584,2023-05-03 17:00:00,Books,176.67,PayPal,,0
TXN-12946,CUST-800,2023-05-03 18:00:00,Beauty,183.54,UPI,52.0,0
TXN-12947,CUST-707,2023-05-03 19:00:00,Clothing,127.17,Credit Card,18.0,0
TXN-12948,CUST-620,2023-05-03 20:00:00,Electronics,131.22,PayPal,60.0,1
TXN-12949,CUST-314,2023-05-03 21:00:00,Home & Kitchen,93.9,Credit Card,45.0,0
TXN-12950,CUST-472,2023-05-03 22:00:00,Books,86.12,Debit Card,52.0,0
TXN-12951,CUST-895,2023-05-03 23:00:00,Home & Kitchen,120.87,Debit Card,52.0,0
TXN-12952,CUST-575,2023-05-04 00:00:00,Electronics,146.09,Credit Card,60.0,1
TXN-12953,CUST-491,2023-05-04 01:00:00,Books,167.83,Credit Card,52.0,0
TXN-12954,CUST-358,2023-05-04 02:00:00,Home & Kitchen,98.16,UPI,60.0,0
TXN-12955,CUST-978,2023-05-04 03:00:00,Electronics,69.89,PayPal,60.0,0
TXN-12956,CUST-646,2023-05-04 04:00:00,Home & Kitchen,149.36,Debit Card,,0
TXN-12957,CUST-101,2023-05-04 05:00:00,Clothing,47.27,Debit Card,52.0,0
TXN-12958,CUST-732,2023-05-04 06:00:00,Electronics,118.43,PayPal,,0
TXN-12959,CUST-447,2023-05-04 07:00:00,Home & Kitchen,123.57,Debit Card,52.0,1
TXN-12960,CUST-882,2023-05-04 08:00:00,Clothing,104.85,Debit Card,34.0,0
TXN-12961,CUST-430,2023-05-04 09:00:00,Clothing,58.19,Credit Card,60.0,1
TXN-12962,CUST-940,2023-05-04 10:00:00,Electronics,105.38,Debit Card,25.0,0
TXN-12963,CUST-238,2023-05-04 11:00:00,Beauty,185.7,Debit Card,60.0,0
TXN-12964,CUST-351,2023-05-04 12:00:00,Books,143.67,Debit Card,25.0,0
TXN-12965,CUST-135,2023-05-04 13:00:00,Electronics,166.47,PayPal,52.0,0
TXN-12966,CUST-783,2023-05-04 14:00:00,Clothing,71.31,UPI,45.0,0
TXN-12967,CUST-962,2023-05-04 15:00:00,Clothing,130.23,Credit Card,18.0,0
TXN-12968,CUST-727,2023-05-04 16:00:00,Electronics,123.53,UPI,,1
TXN-12969,CUST-656,2023-05-04 17:00:00,Beauty,124.31,Debit Card,52.0,0
TXN-12970,CUST-305,2023-05-04 18:00:00,Books,142.23,Debit Card,18.0,1
TXN-12971,CUST-956,2023-05-04 19:00:00,Home & Kitchen,125.89,Debit Card,34.0,0
TXN-12972,CUST-572,2023-05-04 20:00:00,Electronics,72.42,UPI,25.0,0
TXN-12973,CUST-370,2023-05-04 21:00:00,Books,144.53,PayPal,,0
TXN-12974,CUST-576,2023-05-04 22:00:00,Books,153.64,PayPal,34.0,0
TXN-12975,CUST-351,2023-05-04 23:00:00,Clothing,172.78,Credit Card,45.0,0
TXN-12976,CUST-140,2023-05-05 00:00:00,Home & Kitchen,174.55,UPI,45.0,1
TXN-12977,CUST-598,2023-05-05 01:00:00,Electronics,139.06,PayPal,60.0,1
TXN-12978,CUST-301,2023-05-05 02:00:00,Clothing,74.29,Credit Card,,0
TXN-12979,CUST-140,2023-05-05 03:00:00,Clothing,58.82,Debit Card,,1
TXN-12980,CUST-866,2023-05-05 04:00:00,Beauty,110.92,Debit Card,,0
TXN-12981,CUST-485,2023-05-05 05:00:00,Books,156.78,Credit Card,52.0,0
TXN-12982,CUST-771,2023-05-05 06:00:00,Electronics,154.2,PayPal,60.0,0
TXN-12983,CUST-748,2023-05-05 07:00:00,Electronics,130.96,UPI,45.0,0
TXN-12984,CUST-199,2023-05-05 08:00:00,Electronics,118.54,Credit Card,45.0,0
TXN-12985,CUST-940,2023-05-05 09:00:00,Clothing,196.15,PayPal,60.0,0
TXN-12986,CUST-576,2023-05-05 10:00:00,Beauty,142.96,Credit Card,34.0,0
TXN-12987,CUST-798,2023-05-05 11:00:00,Home & Kitchen,116.51,PayPal,18.0,0
TXN-12988,CUST-513,2023-05-05 12:00:00,Clothing,94.18,Debit Card,25.0,0
TXN-12989,CUST-591,2023-05-05 13:00:00,Home & Kitchen,79.66,Credit Card,45.0,0
TXN-12990,CUST-665,2023-05-05 14:00:00,Beauty,75.72,UPI,60.0,0
TXN-12991,CUST-674,2023-05-05 15:00:00,Books,79.66,Credit Card,45.0,0
TXN-12992,CUST-445,2023-05-05 16:00:00,Electronics,131.24,Debit Card,34.0,1
TXN-12993,CUST-975,2023-05-05 17:00:00,Home & Kitchen,119.28,Debit Card,,0
TXN-12994,CUST-114,2023-05-05 18:00:00,Clothing,106.96,PayPal,,0
TXN-12995,CUST-931,2023-05-05 19:00:00,Home & Kitchen,149.46,Debit Card,25.0,0
TXN-12996,CUST-561,2023-05-05 20:00:00,Books,192.37,PayPal,,0
TXN-12997,CUST-605,2023-05-05 21:00:00,Electronics,87.07,Debit Card,,0
TXN-12998,CUST-584,2023-05-05 22:00:00,Home & Kitchen,93.03,PayPal,34.0,0
TXN-12999,CUST-746,2023-05-05 23:00:00,Books,31.32,UPI,18.0,0
TXN-13000,CUST-786,2023-05-06 00:00:00,Clothing,118.95,PayPal,34.0,0
TXN-13001,CUST-825,2023-05-06 01:00:00,Beauty,114.9,PayPal,25.0,0
TXN-13002,CUST-306,2023-05-06 02:00:00,Clothing,155.71,UPI,,1
TXN-13003,CUST-473,2023-05-06 03:00:00,Electronics,116.53,PayPal,25.0,0
TXN-13004,CUST-935,2023-05-06 04:00:00,Clothing,96.48,PayPal,45.0,1
TXN-13005,CUST-926,2023-05-06 05:00:00,Clothing,127.71,UPI,18.0,0
TXN-13006,CUST-206,2023-05-06 06:00:00,Clothing,142.28,Debit Card,52.0,1
TXN-13007,CUST-101,2023-05-06 07:00:00,Clothing,55.29,Credit Card,45.0,0
TXN-13008,CUST-212,2023-05-06 08:00:00,Electronics,160.28,PayPal,,0
TXN-13009,CUST-230,2023-05-06 09:00:00,Books,172.25,Debit Card,60.0,0
TXN-13010,CUST-838,2023-05-06 10:00:00,Home & Kitchen,141.9,Credit Card,34.0,0
TXN-13011,CUST-727,2023-05-06 11:00:00,Beauty,82.62,UPI,34.0,1
TXN-13012,CUST-187,2023-05-06 12:00:00,Home & Kitchen,106.96,PayPal,25.0,0
TXN-13013,CUST-382,2023-05-06 13:00:00,Home & Kitchen,167.31,PayPal,60.0,0
TXN-13014,CUST-373,2023-05-06 14:00:00,Beauty,80.87,UPI,25.0,0
TXN-13015,CUST-912,2023-05-06 15:00:00,Electronics,145.15,PayPal,60.0,0
TXN-13016,CUST-829,2023-05-06 16:00:00,Beauty,117.97,Credit Card,25.0,0
TXN-13017,CUST-289,2023-05-06 17:00:00,Electronics,126.41,Credit Card,52.0,1
TXN-13018,CUST-297,2023-05-06 18:00:00,Home & Kitchen,86.57,UPI,52.0,0
TXN-13019,CUST-487,2023-05-06 19:00:00,Electronics,133.23,PayPal,45.0,1
TXN-13020,CUST-665,2023-05-06 20:00:00,Books,130.36,Debit Card,52.0,1
TXN-13021,CUST-719,2023-05-06 21:00:00,Beauty,59.63,PayPal,60.0,1
TXN-13022,CUST-134,2023-05-06 22:00:00,Books,119.82,UPI,25.0,0
TXN-13023,CUST-895,2023-05-06 23:00:00,Home & Kitchen,144.56,Debit Card,60.0,0
TXN-13024,CUST-476,2023-05-07 00:00:00,Beauty,104.59,Credit Card,45.0,0
TXN-13025,CUST-484,2023-05-07 01:00:00,Home & Kitchen,22.09,Credit Card,45.0,1
TXN-13026,CUST-960,2023-05-07 02:00:00,Books,115.41,Debit Card,,1
TXN-13027,CUST-171,2023-05-07 03:00:00,Home & Kitchen,178.66,Debit Card,18.0,0
TXN-13028,CUST-829,2023-05-07 04:00:00,Beauty,106.22,UPI,52.0,0
TXN-13029,CUST-120,2023-05-07 05:00:00,Beauty,177.15,PayPal,34.0,1
TXN-13030,CUST-776,2023-05-07 06:00:00,Home & Kitchen,87.51,Credit Card,34.0,0
TXN-13031,CUST-819,2023-05-07 07:00:00,Beauty,73.56,PayPal,18.0,0
TXN-13032,CUST-838,2023-05-07 08:00:00,Beauty,119.8,Credit Card,25.0,1
TXN-13033,CUST-127,2023-05-07 09:00:00,Home & Kitchen,87.1,PayPal,18.0,1
TXN-13034,CUST-763,2023-05-07 10:00:00,Books,133.19,Credit Card,25.0,1
TXN-13035,CUST-666,2023-05-07 11:00:00,Beauty,105.1,PayPal,52.0,0
TXN-13036,CUST-566,2023-05-07 12:00:00,Beauty,178.96,UPI,52.0,0
TXN-13037,CUST-198,2023-05-07 13:00:00,Beauty,102.33,Credit Card,45.0,0
TXN-13038,CUST-997,2023-05-07 14:00:00,Beauty,123.59,UPI,45.0,0
TXN-13039,CUST-866,2023-05-07 15:00:00,Home & Kitchen,143.85,Credit Card,45.0,0
TXN-13040,CUST-502,2023-05-07 16:00:00,Books,158.25,Credit Card,45.0,1
TXN-13041,CUST-445,2023-05-07 17:00:00,Books,179.19,Credit Card,34.0,1
TXN-13042,CUST-663,2023-05-07 18:00:00,Electronics,110.61,PayPal,,0
TXN-13043,CUST-662,2023-05-07 19:00:00,Beauty,104.03,Credit Card,45.0,0
TXN-13044,CUST-340,2023-05-07 20:00:00,Beauty,43.44,UPI,45.0,0
TXN-13045,CUST-833,2023-05-07 21:00:00,Electronics,201.67,PayPal,45.0,0
TXN-13046,CUST-576,2023-05-07 22:00:00,Books,134.44,PayPal,25.0,0
TXN-13047,CUST-478,2023-05-07 23:00:00,Clothing,150.07,Credit Card,60.0,0
TXN-13048,CUST-921,2023-05-08 00:00:00,Clothing,142.23,Debit Card,45.0,0
TXN-13049,CUST-229,2023-05-08 01:00:00,Books,121.98,PayPal,18.0,1
TXN-13050,CUST-763,2023-05-08 02:00:00,Beauty,134.01,Credit Card,45.0,0
TXN-13051,CUST-827,2023-05-08 03:00:00,Clothing,97.61,UPI,45.0,0
TXN-13052,CUST-724,2023-05-08 04:00:00,Home & Kitchen,107.92,Debit Card,34.0,0
TXN-13053,CUST-819,2023-05-08 05:00:00,Home & Kitchen,81.99,PayPal,60.0,0
TXN-13054,CUST-283,2023-05-08 06:00:00,Electronics,182.29,Debit Card,45.0,1
TXN-13055,CUST-940,2023-05-08 07:00:00,Books,142.46,PayPal,60.0,0
TXN-13056,CUST-938,2023-05-08 08:00:00,Books,199.05,Debit Card,25.0,1
TXN-13057,CUST-737,2023-05-08 09:00:00,Clothing,211.86,Debit Card,52.0,0
TXN-13058,CUST-824,2023-05-08 10:00:00,Beauty,63.83,UPI,60.0,0
TXN-13059,CUST-300,2023-05-08 11:00:00,Books,159.41,Debit Card,60.0,0
TXN-13060,CUST-571,2023-05-08 12:00:00,Clothing,65.68,UPI,45.0,1
TXN-13061,CUST-791,2023-05-08 13:00:00,Clothing,127.1,Credit Card,,0
TXN-13062,CUST-120,2023-05-08 14:00:00,Books,132.59,PayPal,45.0,0
TXN-13063,CUST-589,2023-05-08 15:00:00,Clothing,68.51,UPI,45.0,0
TXN-13064,CUST-120,2023-05-08 16:00:00,Electronics,90.5,PayPal,34.0,0
TXN-13065,CUST-655,2023-05-08 17:00:00,Electronics,134.41,UPI,,0
TXN-13066,CUST-574,2023-05-08 18:00:00,Books,127.05,PayPal,52.0,1
TXN-13067,CUST-661,2023-05-08 19:00:00,Beauty,79.27,UPI,34.0,1
TXN-13068,CUST-833,2023-05-08 20:00:00,Electronics,92.08,PayPal,34.0,0
TXN-13069,CUST-101,2023-05-08 21:00:00,Electronics,60.34,Credit Card,34.0,0
TXN-13070,CUST-871,2023-05-08 22:00:00,Books,71.88,PayPal,,0
TXN-13071,CUST-473,2023-05-08 23:00:00,Home & Kitchen,105.14,Credit Card,25.0,0
TXN-13072,CUST-829,2023-05-09 00:00:00,Clothing,159.5,Credit Card,52.0,0
TXN-13073,CUST-665,2023-05-09 01:00:00,Electronics,164.57,Credit Card,25.0,0
TXN-13074,CUST-799,2023-05-09 02:00:00,Home & Kitchen,193.34,Debit Card,25.0,0
TXN-13075,CUST-518,2023-05-09 03:00:00,Beauty,136.97,PayPal,52.0,0
TXN-13076,CUST-554,2023-05-09 04:00:00,Home & Kitchen,127.53,Debit Card,25.0,1
TXN-13077,CUST-847,2023-05-09 05:00:00,Books,139.81,Debit Card,,0
TXN-13078,CUST-555,2023-05-09 06:00:00,Beauty,139.42,PayPal,52.0,0
TXN-13079,CUST-198,2023-05-09 07:00:00,Beauty,55.34,Credit Card,60.0,1
TXN-13080,CUST-906,2023-05-09 08:00:00,Home & Kitchen,195.55,Debit Card,60.0,0
TXN-13081,CUST-970,2023-05-09 09:00:00,Books,42.76,Debit Card,45.0,0
TXN-13082,CUST-605,2023-05-09 10:00:00,Electronics,165.95,UPI,34.0,0
TXN-13083,CUST-497,2023-05-09 11:00:00,Home & Kitchen,122.26,PayPal,60.0,0
TXN-13084,CUST-663,2023-05-09 12:00:00,Electronics,76.42,Debit Card,60.0,0
TXN-13085,CUST-584,2023-05-09 13:00:00,Home & Kitchen,141.25,PayPal,25.0,0
TXN-13086,CUST-802,2023-05-09 14:00:00,Electronics,115.27,PayPal,52.0,0
TXN-13087,CUST-771,2023-05-09 15:00:00,Home & Kitchen,92.7,Debit Card,18.0,0
TXN-13088,CUST-555,2023-05-09 16:00:00,Beauty,64.74,PayPal,25.0,1
TXN-13089,CUST-904,2023-05-09 17:00:00,Clothing,61.38,Credit Card,25.0,0
TXN-13090,CUST-589,2023-05-09 18:00:00,Beauty,95.56,Debit Card,,1
TXN-13091,CUST-492,2023-05-09 19:00:00,Electronics,104.52,Debit Card,52.0,1
TXN-13092,CUST-221,2023-05-09 20:00:00,Books,71.58,Debit Card,18.0,1
TXN-13093,CUST-358,2023-05-09 21:00:00,Beauty,121.54,UPI,18.0,0
TXN-13094,CUST-741,2023-05-09 22:00:00,Clothing,77.27,UPI,45.0,0
TXN-13095,CUST-212,2023-05-09 23:00:00,Electronics,134.41,UPI,25.0,0
TXN-13096,CUST-791,2023-05-10 00:00:00,Beauty,169.26,UPI,,0
TXN-13097,CUST-904,2023-05-10 01:00:00,Home & Kitchen,131.57,Debit Card,34.0,0
TXN-13098,CUST-121,2023-05-10 02:00:00,Books,116.25,Credit Card,60.0,0
TXN-13099,CUST-747,2023-05-10 03:00:00,Electronics,98.6,PayPal,25.0,0
TXN-13100,CUST-646,2023-05-10 04:00:00,Beauty,177.84,PayPal,34.0,0
TXN-13101,CUST-921,2023-05-10 05:00:00,Electronics,112.26,Debit Card,34.0,0
TXN-13102,CUST-829,2023-05-10 06:00:00,Home & Kitchen,219.61,Credit Card,52.0,0
TXN-13103,CUST-926,2023-05-10 07:00:00,Clothing,72.68,PayPal,25.0,0
TXN-13104,CUST-479,2023-05-10 08:00:00,Beauty,131.6,Credit Card,52.0,1
TXN-13105,CUST-655,2023-05-10 09:00:00,Electronics,176.51,Debit Card,45.0,0
TXN-13106,CUST-561,2023-05-10 10:00:00,Electronics,92.39,UPI,34.0,0
TXN-13107,CUST-915,2023-05-10 11:00:00,Electronics,110.56,Credit Card,18.0,0
TXN-13108,CUST-891,2023-05-10 12:00:00,Clothing,145.05,PayPal,34.0,0
TXN-13109,CUST-802,2023-05-10 13:00:00,Electronics,135.52,PayPal,45.0,0
TXN-13110,CUST-673,2023-05-10 14:00:00,Books,142.39,PayPal,34.0,0
TXN-13111,CUST-199,2023-05-10 15:00:00,Books,166.41,UPI,52.0,1
TXN-13112,CUST-229,2023-05-10 16:00:00,Electronics,106.13,Credit Card,25.0,1
TXN-13113,CUST-492,2023-05-10 17:00:00,Books,177.48,Credit Card,18.0,0
TXN-13114,CUST-287,2023-05-10 18:00:00,Beauty,51.2,PayPal,52.0,0
TXN-13115,CUST-674,2023-05-10 19:00:00,Books,163.1,Credit Card,60.0,1
TXN-13116,CUST-802,2023-05-10 20:00:00,Electronics,165.89,PayPal,25.0,0
TXN-13117,CUST-971,2023-05-10 21:00:00,Home & Kitchen,89.02,Credit Card,18.0,0
TXN-13118,CUST-316,2023-05-10 22:00:00,Beauty,61.97,UPI,45.0,1
TXN-13119,CUST-486,2023-05-10 23:00:00,Clothing,110.71,UPI,34.0,1
TXN-13120,CUST-120,2023-05-11 00:00:00,Electronics,136.15,Debit Card,18.0,0
TXN-13121,CUST-827,2023-05-11 01:00:00,Clothing,106.6,Debit Card,,0
TXN-13122,CUST-287,2023-05-11 02:00:00,Home & Kitchen,140.08,Debit Card,60.0,0
TXN-13123,CUST-319,2023-05-11 03:00:00,Clothing,197.51,Credit Card,45.0,0
TXN-13124,CUST-677,2023-05-11 04:00:00,Electronics,65.41,UPI,25.0,0
TXN-13125,CUST-610,2023-05-11 05:00:00,Electronics,41.84,UPI,,0
TXN-13126,CUST-801,2023-05-11 06:00:00,Home & Kitchen,117.23,UPI,18.0,0
TXN-13127,CUST-270,2023-05-11 07:00:00,Electronics,92.79,PayPal,45.0,0
TXN-13128,CUST-771,2023-05-11 08:00:00,Home & Kitchen,100.79,Credit Card,25.0,1
TXN-13129,CUST-918,2023-05-11 09:00:00,Home & Kitchen,170.68,Credit Card,,0
TXN-13130,CUST-324,2023-05-11 10:00:00,Electronics,115.18,Debit Card,,0
TXN-13131,CUST-445,2023-05-11 11:00:00,Books,118.84,PayPal,52.0,0
TXN-13132,CUST-259,2023-05-11 12:00:00,Home & Kitchen,102.53,PayPal,34.0,0
TXN-13133,CUST-485,2023-05-11 13:00:00,Electronics,118.45,UPI,45.0,0
TXN-13134,CUST-478,2023-05-11 14:00:00,Books,130.74,Debit Card,,1
TXN-13135,CUST-132,2023-05-11 15:00:00,Home & Kitchen,231.38,Credit Card,52.0,0
TXN-13136,CUST-915,2023-05-11 16:00:00,Books,131.19,PayPal,60.0,0
TXN-13137,CUST-608,2023-05-11 17:00:00,Beauty,166.51,UPI,60.0,0
TXN-13138,CUST-935,2023-05-11 18:00:00,Beauty,127.46,Credit Card,25.0,0
TXN-13139,CUST-848,2023-05-11 19:00:00,Books,38.89,UPI,,0
TXN-13140,CUST-584,2023-05-11 20:00:00,Home & Kitchen,97.32,Credit Card,,0
TXN-13141,CUST-798,2023-05-11 21:00:00,Electronics,131.16,UPI,18.0,0
TXN-13142,CUST-827,2023-05-11 22:00:00,Clothing,148.94,Credit Card,,0
TXN-13143,CUST-158,2023-05-11 23:00:00,Electronics,128.41,Debit Card,34.0,0
TXN-13144,CUST-598,2023-05-12 00:00:00,Clothing,156.81,Credit Card,25.0,0
TXN-13145,CUST-238,2023-05-12 01:00:00,Clothing,61.6,Credit Card,45.0,0
TXN-13146,CUST-809,2023-05-12 02:00:00,Home & Kitchen,121.95,Credit Card,,1
TXN-13147,CUST-101,2023-05-12 03:00:00,Books,173.12,UPI,34.0,0
TXN-13148,CUST-473,2023-05-12 04:00:00,Electronics,81.14,PayPal,,1
TXN-13149,CUST-287,2023-05-12 05:00:00,Books,164.82,Credit Card,52.0,0
TXN-13150,CUST-848,2023-05-12 06:00:00,Beauty,162.76,Credit Card,34.0,0
TXN-13151,CUST-324,2023-05-12 07:00:00,Home & Kitchen,70.52,Debit Card,52.0,0
TXN-13152,CUST-610,2023-05-12 08:00:00,Home & Kitchen,133.52,Credit Card,25.0,0
TXN-13153,CUST-939,2023-05-12 09:00:00,Beauty,126.35,Debit Card,,0
TXN-13154,CUST-152,2023-05-12 10:00:00,Electronics,112.95,Credit Card,18.0,0
TXN-13155,CUST-826,2023-05-12 11:00:00,Beauty,58.92,UPI,60.0,1
TXN-13156,CUST-289,2023-05-12 12:00:00,Electronics,109.48,PayPal,34.0,0
TXN-13157,CUST-484,2023-05-12 13:00:00,Clothing,113.75,PayPal,18.0,0
TXN-13158,CUST-135,2023-05-12 14:00:00,Home & Kitchen,52.07,PayPal,18.0,0
TXN-13159,CUST-515,2023-05-12 15:00:00,Electronics,67.79,UPI,60.0,0
TXN-13160,CUST-538,2023-05-12 16:00:00,Books,82.92,Debit Card,34.0,1
TXN-13161,CUST-158,2023-05-12 17:00:00,Books,78.07,PayPal,,1
TXN-13162,CUST-506,2023-05-12 18:00:00,Home & Kitchen,133.05,UPI,34.0,0
TXN-13163,CUST-742,2023-05-12 19:00:00,Beauty,156.46,UPI,18.0,0
TXN-13164,CUST-443,2023-05-12 20:00:00,Beauty,107.58,Credit Card,45.0,1
TXN-13165,CUST-443,2023-05-12 21:00:00,Electronics,150.65,Debit Card,45.0,0
TXN-13166,CUST-370,2023-05-12 22:00:00,Beauty,158.1,UPI,34.0,0
TXN-13167,CUST-379,2023-05-12 23:00:00,Home & Kitchen,116.59,Debit Card,18.0,1
TXN-13168,CUST-674,2023-05-13 00:00:00,Electronics,136.32,PayPal,18.0,0
TXN-13169,CUST-212,2023-05-13 01:00:00,Clothing,111.07,PayPal,25.0,0
TXN-13170,CUST-287,2023-05-13 02:00:00,Beauty,75.09,PayPal,18.0,1
TXN-13171,CUST-809,2023-05-13 03:00:00,Beauty,90.13,Credit Card,60.0,1
TXN-13172,CUST-664,2023-05-13 04:00:00,Electronics,133.05,Credit Card,45.0,0
TXN-13173,CUST-609,2023-05-13 05:00:00,Books,115.15,Debit Card,25.0,0
TXN-13174,CUST-674,2023-05-13 06:00:00,Beauty,149.49,Debit Card,,1
TXN-13175,CUST-866,2023-05-13 07:00:00,Home & Kitchen,44.52,Credit Card,60.0,1
TXN-13176,CUST-929,2023-05-13 08:00:00,Beauty,54.14,UPI,,1
TXN-13177,CUST-584,2023-05-13 09:00:00,Clothing,58.87,Debit Card,45.0,0
TXN-13178,CUST-230,2023-05-13 10:00:00,Beauty,126.67,Debit Card,60.0,1
TXN-13179,CUST-388,2023-05-13 11:00:00,Books,64.88,PayPal,52.0,0
TXN-13180,CUST-602,2023-05-13 12:00:00,Beauty,132.81,Debit Card,34.0,0
TXN-13181,CUST-826,2023-05-13 13:00:00,Electronics,150.12,Debit Card,52.0,0
TXN-13182,CUST-489,2023-05-13 14:00:00,Beauty,180.65,UPI,34.0,0
TXN-13183,CUST-439,2023-05-13 15:00:00,Books,176.24,Debit Card,45.0,1
TXN-13184,CUST-960,2023-05-13 16:00:00,Electronics,92.18,UPI,45.0,1
TXN-13185,CUST-560,2023-05-13 17:00:00,Home & Kitchen,53.21,PayPal,52.0,0
TXN-13186,CUST-660,2023-05-13 18:00:00,Electronics,94.72,Credit Card,60.0,0
TXN-13187,CUST-783,2023-05-13 19:00:00,Clothing,159.07,PayPal,,0
TXN-13188,CUST-866,2023-05-13 20:00:00,Electronics,104.41,UPI,34.0,1
TXN-13189,CUST-376,2023-05-13 21:00:00,Home & Kitchen,119.03,UPI,34.0,0
TXN-13190,CUST-330,2023-05-13 22:00:00,Beauty,97.71,Debit Card,25.0,0
TXN-13191,CUST-591,2023-05-13 23:00:00,Electronics,183.25,Debit Card,18.0,0
TXN-13192,CUST-152,2023-05-14 00:00:00,Electronics,79.42,Credit Card,60.0,1
TXN-13193,CUST-673,2023-05-14 01:00:00,Electronics,122.67,UPI,60.0,0
TXN-13194,CUST-663,2023-05-14 02:00:00,Electronics,164.33,UPI,25.0,0
TXN-13195,CUST-786,2023-05-14 03:00:00,Home & Kitchen,193.66,PayPal,45.0,1
TXN-13196,CUST-358,2023-05-14 04:00:00,Books,92.21,Credit Card,52.0,0
TXN-13197,CUST-574,2023-05-14 05:00:00,Books,158.43,PayPal,60.0,0
TXN-13198,CUST-472,2023-05-14 06:00:00,Electronics,94.71,Debit Card,34.0,0
TXN-13199,CUST-408,2023-05-14 07:00:00,Home & Kitchen,175.09,Debit Card,25.0,1
TXN-13200,CUST-897,2023-05-14 08:00:00,Home & Kitchen,189.18,PayPal,52.0,0
TXN-13201,CUST-132,2023-05-14 09:00:00,Electronics,84.42,Debit Card,,0
TXN-13202,CUST-926,2023-05-14 10:00:00,Clothing,146.14,PayPal,52.0,0
TXN-13203,CUST-502,2023-05-14 11:00:00,Electronics,164.53,UPI,60.0,1
TXN-13204,CUST-940,2023-05-14 12:00:00,Clothing,108.23,UPI,18.0,0
TXN-13205,CUST-500,2023-05-14 13:00:00,Electronics,141.91,Debit Card,34.0,0
TXN-13206,CUST-895,2023-05-14 14:00:00,Clothing,144.0,Credit Card,52.0,0
TXN-13207,CUST-559,2023-05-14 15:00:00,Clothing,200.39,UPI,,0
TXN-13208,CUST-712,2023-05-14 16:00:00,Electronics,41.16,Debit Card,34.0,0
TXN-13209,CUST-906,2023-05-14 17:00:00,Clothing,117.76,Credit Card,60.0,1
TXN-13210,CUST-609,2023-05-14 18:00:00,Beauty,69.99,Debit Card,25.0,1
TXN-13211,CUST-714,2023-05-14 19:00:00,Books,120.55,PayPal,,0
TXN-13212,CUST-478,2023-05-14 20:00:00,Home & Kitchen,88.69,Debit Card,52.0,0
TXN-13213,CUST-221,2023-05-14 21:00:00,Clothing,109.8,PayPal,,0
TXN-13214,CUST-430,2023-05-14 22:00:00,Clothing,85.03,UPI,60.0,0
TXN-13215,CUST-737,2023-05-14 23:00:00,Home & Kitchen,126.21,UPI,52.0,0
TXN-13216,CUST-662,2023-05-15 00:00:00,Clothing,162.96,Debit Card,,1
TXN-13217,CUST-978,2023-05-15 01:00:00,Home & Kitchen,105.09,Credit Card,25.0,1
TXN-13218,CUST-673,2023-05-15 02:00:00,Electronics,177.22,Debit Card,,0
TXN-13219,CUST-164,2023-05-15 03:00:00,Beauty,161.76,Debit Card,34.0,0
TXN-13220,CUST-561,2023-05-15 04:00:00,Beauty,201.36,UPI,34.0,0
TXN-13221,CUST-926,2023-05-15 05:00:00,Books,136.45,UPI,52.0,1
TXN-13222,CUST-848,2023-05-15 06:00:00,Clothing,117.53,Debit Card,60.0,0
TXN-13223,CUST-447,2023-05-15 07:00:00,Books,56.59,UPI,25.0,0
TXN-13224,CUST-343,2023-05-15 08:00:00,Electronics,88.73,PayPal,45.0,0
TXN-13225,CUST-983,2023-05-15 09:00:00,Beauty,111.68,Debit Card,34.0,1
TXN-13226,CUST-661,2023-05-15 10:00:00,Electronics,116.42,UPI,,1
TXN-13227,CUST-871,2023-05-15 11:00:00,Electronics,213.95,Debit Card,45.0,0
TXN-13228,CUST-640,2023-05-15 12:00:00,Clothing,111.72,UPI,,0
TXN-13229,CUST-351,2023-05-15 13:00:00,Electronics,49.27,PayPal,52.0,0
TXN-13230,CUST-484,2023-05-15 14:00:00,Beauty,146.58,PayPal,45.0,1
TXN-13231,CUST-301,2023-05-15 15:00:00,Books,144.26,Debit Card,60.0,1
TXN-13232,CUST-938,2023-05-15 16:00:00,Beauty,101.64,PayPal,,0
TXN-13233,CUST-202,2023-05-15 17:00:00,Clothing,205.11,PayPal,60.0,0
TXN-13234,CUST-317,2023-05-15 18:00:00,Beauty,44.14,UPI,,0
TXN-13235,CUST-620,2023-05-15 19:00:00,Home & Kitchen,169.98,Debit Card,45.0,0
TXN-13236,CUST-661,2023-05-15 20:00:00,Books,108.36,UPI,60.0,0
TXN-13237,CUST-541,2023-05-15 21:00:00,Home & Kitchen,81.98,UPI,34.0,0
TXN-13238,CUST-866,2023-05-15 22:00:00,Home & Kitchen,216.02,Credit Card,52.0,0
TXN-13239,CUST-466,2023-05-15 23:00:00,Clothing,149.47,PayPal,45.0,0
TXN-13240,CUST-589,2023-05-16 00:00:00,Electronics,108.06,UPI,,0
TXN-13241,CUST-997,2023-05-16 01:00:00,Home & Kitchen,107.25,UPI,34.0,1
TXN-13242,CUST-798,2023-05-16 02:00:00,Beauty,131.02,UPI,,0
TXN-13243,CUST-571,2023-05-16 03:00:00,Electronics,101.52,PayPal,45.0,0
TXN-13244,CUST-960,2023-05-16 04:00:00,Beauty,171.98,PayPal,,0
TXN-13245,CUST-700,2023-05-16 05:00:00,Beauty,123.51,PayPal,34.0,0
TXN-13246,CUST-975,2023-05-16 06:00:00,Electronics,160.7,Debit Card,60.0,1
TXN-13247,CUST-608,2023-05-16 07:00:00,Electronics,128.32,UPI,60.0,0
TXN-13248,CUST-114,2023-05-16 08:00:00,Beauty,154.79,PayPal,52.0,0
TXN-13249,CUST-848,2023-05-16 09:00:00,Clothing,173.82,UPI,,0
TXN-13250,CUST-842,2023-05-16 10:00:00,Books,187.24,Debit Card,60.0,0
TXN-13251,CUST-754,2023-05-16 11:00:00,Books,139.64,Credit Card,25.0,0
TXN-13252,CUST-113,2023-05-16 12:00:00,Clothing,85.34,Debit Card,34.0,0
TXN-13253,CUST-484,2023-05-16 13:00:00,Electronics,113.1,PayPal,34.0,0
TXN-13254,CUST-370,2023-05-16 14:00:00,Beauty,118.95,PayPal,45.0,1
TXN-13255,CUST-559,2023-05-16 15:00:00,Books,97.07,Debit Card,52.0,0
TXN-13256,CUST-228,2023-05-16 16:00:00,Beauty,90.39,UPI,18.0,0
TXN-13257,CUST-575,2023-05-16 17:00:00,Clothing,126.98,PayPal,60.0,1
TXN-13258,CUST-134,2023-05-16 18:00:00,Beauty,80.67,PayPal,18.0,0
TXN-13259,CUST-393,2023-05-16 19:00:00,Clothing,72.9,Debit Card,25.0,1
TXN-13260,CUST-324,2023-05-16 20:00:00,Electronics,52.22,UPI,52.0,1
TXN-13261,CUST-712,2023-05-16 21:00:00,Clothing,139.21,Debit Card,34.0,0
TXN-13262,CUST-506,2023-05-16 22:00:00,Clothing,133.65,Debit Card,18.0,0
TXN-13263,CUST-791,2023-05-16 23:00:00,Books,107.01,UPI,25.0,0
TXN-13264,CUST-605,2023-05-17 00:00:00,Beauty,159.77,UPI,52.0,1
TXN-13265,CUST-602,2023-05-17 01:00:00,Books,80.05,Credit Card,25.0,0
TXN-13266,CUST-270,2023-05-17 02:00:00,Home & Kitchen,135.23,Debit Card,60.0,1
TXN-13267,CUST-538,2023-05-17 03:00:00,Clothing,122.17,UPI,18.0,1
TXN-13268,CUST-430,2023-05-17 04:00:00,Home & Kitchen,90.37,PayPal,45.0,1
TXN-13269,CUST-763,2023-05-17 05:00:00,Books,100.3,Credit Card,45.0,1
TXN-13270,CUST-939,2023-05-17 06:00:00,Beauty,97.22,Debit Card,52.0,0
TXN-13271,CUST-781,2023-05-17 07:00:00,Books,130.11,UPI,25.0,1
TXN-13272,CUST-180,2023-05-17 08:00:00,Beauty,143.74,Credit Card,34.0,0
TXN-13273,CUST-575,2023-05-17 09:00:00,Beauty,102.94,Credit Card,18.0,0
TXN-13274,CUST-921,2023-05-17 10:00:00,Electronics,91.52,PayPal,45.0,0
TXN-13275,CUST-879,2023-05-17 11:00:00,Clothing,125.49,Credit Card,45.0,0
TXN-13276,CUST-261,2023-05-17 12:00:00,Books,53.93,Debit Card,25.0,0
TXN-13277,CUST-602,2023-05-17 13:00:00,Beauty,121.37,UPI,45.0,0
TXN-13278,CUST-535,2023-05-17 14:00:00,Books,182.47,Credit Card,,0
TXN-13279,CUST-408,2023-05-17 15:00:00,Books,91.84,Credit Card,25.0,0
TXN-13280,CUST-800,2023-05-17 16:00:00,Beauty,112.93,Debit Card,18.0,0
TXN-13281,CUST-673,2023-05-17 17:00:00,Home & Kitchen,160.98,PayPal,25.0,1
TXN-13282,CUST-316,2023-05-17 18:00:00,Clothing,150.19,PayPal,45.0,0
TXN-13283,CUST-502,2023-05-17 19:00:00,Clothing,122.47,UPI,25.0,1
TXN-13284,CUST-487,2023-05-17 20:00:00,Electronics,117.66,Debit Card,45.0,0
TXN-13285,CUST-560,2023-05-17 21:00:00,Electronics,70.58,PayPal,60.0,0
TXN-13286,CUST-719,2023-05-17 22:00:00,Electronics,139.65,UPI,52.0,0
TXN-13287,CUST-956,2023-05-17 23:00:00,Clothing,66.26,UPI,45.0,0
TXN-13288,CUST-891,2023-05-18 00:00:00,Home & Kitchen,37.39,PayPal,,1
TXN-13289,CUST-314,2023-05-18 01:00:00,Clothing,160.32,Debit Card,,1
TXN-13290,CUST-620,2023-05-18 02:00:00,Clothing,135.48,Credit Card,,1
TXN-13291,CUST-604,2023-05-18 03:00:00,Clothing,155.19,PayPal,,0
TXN-13292,CUST-538,2023-05-18 04:00:00,Clothing,90.54,Credit Card,45.0,0
TXN-13293,CUST-872,2023-05-18 05:00:00,Home & Kitchen,138.65,Credit Card,45.0,0
TXN-13294,CUST-369,2023-05-18 06:00:00,Electronics,102.44,Debit Card,52.0,0
TXN-13295,CUST-206,2023-05-18 07:00:00,Books,106.91,Debit Card,60.0,1
TXN-13296,CUST-746,2023-05-18 08:00:00,Electronics,158.95,UPI,34.0,1
TXN-13297,CUST-664,2023-05-18 09:00:00,Electronics,114.01,Debit Card,45.0,0
TXN-13298,CUST-592,2023-05-18 10:00:00,Books,92.14,UPI,34.0,1
TXN-13299,CUST-940,2023-05-18 11:00:00,Clothing,65.38,PayPal,18.0,1
TXN-13300,CUST-413,2023-05-18 12:00:00,Home & Kitchen,134.43,Credit Card,60.0,0
TXN-13301,CUST-666,2023-05-18 13:00:00,Home & Kitchen,162.38,Debit Card,25.0,0
TXN-13302,CUST-763,2023-05-18 14:00:00,Electronics,88.67,PayPal,34.0,1
TXN-13303,CUST-430,2023-05-18 15:00:00,Books,147.56,UPI,,0
TXN-13304,CUST-259,2023-05-18 16:00:00,Beauty,82.29,Debit Card,60.0,0
TXN-13305,CUST-786,2023-05-18 17:00:00,Clothing,149.97,Credit Card,18.0,0
TXN-13306,CUST-317,2023-05-18 18:00:00,Electronics,121.32,PayPal,60.0,0
TXN-13307,CUST-393,2023-05-18 19:00:00,Home & Kitchen,130.71,Debit Card,25.0,0
TXN-13308,CUST-589,2023-05-18 20:00:00,Books,92.1,Debit Card,45.0,0
TXN-13309,CUST-101,2023-05-18 21:00:00,Books,134.3,PayPal,45.0,0
TXN-13310,CUST-963,2023-05-18 22:00:00,Electronics,96.09,UPI,,0
TXN-13311,CUST-305,2023-05-18 23:00:00,Beauty,103.45,UPI,45.0,1
TXN-13312,CUST-739,2023-05-19 00:00:00,Home & Kitchen,59.29,Debit Card,52.0,1
TXN-13313,CUST-558,2023-05-19 01:00:00,Electronics,89.11,UPI,52.0,0
TXN-13314,CUST-739,2023-05-19 02:00:00,Beauty,98.98,UPI,52.0,1
TXN-13315,CUST-228,2023-05-19 03:00:00,Books,132.51,PayPal,,1
TXN-13316,CUST-212,2023-05-19 04:00:00,Clothing,143.83,UPI,52.0,0
TXN-13317,CUST-291,2023-05-19 05:00:00,Home & Kitchen,95.68,UPI,18.0,1
TXN-13318,CUST-515,2023-05-19 06:00:00,Home & Kitchen,113.42,PayPal,,0
TXN-13319,CUST-895,2023-05-19 07:00:00,Beauty,187.46,Debit Card,60.0,0
TXN-13320,CUST-746,2023-05-19 08:00:00,Electronics,125.24,Debit Card,18.0,0
TXN-13321,CUST-572,2023-05-19 09:00:00,Books,98.52,PayPal,45.0,0
TXN-13322,CUST-487,2023-05-19 10:00:00,Beauty,52.81,Credit Card,25.0,0
TXN-13323,CUST-783,2023-05-19 11:00:00,Clothing,85.84,PayPal,52.0,1
TXN-13324,CUST-895,2023-05-19 12:00:00,Clothing,84.29,Credit Card,60.0,0
TXN-13325,CUST-199,2023-05-19 13:00:00,Clothing,199.11,UPI,25.0,1
TXN-13326,CUST-171,2023-05-19 14:00:00,Beauty,86.06,Debit Card,,0
TXN-13327,CUST-120,2023-05-19 15:00:00,Books,122.04,Credit Card,,1
TXN-13328,CUST-866,2023-05-19 16:00:00,Home & Kitchen,134.83,Credit Card,18.0,0
TXN-13329,CUST-971,2023-05-19 17:00:00,Electronics,164.26,UPI,52.0,0
TXN-13330,CUST-330,2023-05-19 18:00:00,Home & Kitchen,120.32,Debit Card,,0
TXN-13331,CUST-653,2023-05-19 19:00:00,Books,99.59,UPI,18.0,0
TXN-13332,CUST-781,2023-05-19 20:00:00,Home & Kitchen,96.94,Debit Card,18.0,0
TXN-13333,CUST-439,2023-05-19 21:00:00,Beauty,134.26,Debit Card,34.0,0
TXN-13334,CUST-319,2023-05-19 22:00:00,Clothing,92.63,UPI,60.0,0
TXN-13335,CUST-962,2023-05-19 23:00:00,Books,75.83,Credit Card,18.0,0
TXN-13336,CUST-936,2023-05-20 00:00:00,Books,99.58,PayPal,45.0,1
TXN-13337,CUST-895,2023-05-20 01:00:00,Home & Kitchen,67.02,Debit Card,,0
TXN-13338,CUST-535,2023-05-20 02:00:00,Beauty,194.02,Debit Card,18.0,0
TXN-13339,CUST-956,2023-05-20 03:00:00,Home & Kitchen,143.86,PayPal,52.0,1
TXN-13340,CUST-515,2023-05-20 04:00:00,Home & Kitchen,184.83,PayPal,,0
TXN-13341,CUST-554,2023-05-20 05:00:00,Books,139.42,UPI,,0
TXN-13342,CUST-104,2023-05-20 06:00:00,Home & Kitchen,180.98,Debit Card,45.0,0
TXN-13343,CUST-408,2023-05-20 07:00:00,Clothing,134.7,UPI,18.0,0
TXN-13344,CUST-827,2023-05-20 08:00:00,Home & Kitchen,149.05,PayPal,45.0,0
TXN-13345,CUST-610,2023-05-20 09:00:00,Clothing,34.65,UPI,18.0,0
TXN-13346,CUST-330,2023-05-20 10:00:00,Books,83.43,Debit Card,60.0,0
TXN-13347,CUST-783,2023-05-20 11:00:00,Beauty,121.48,Credit Card,45.0,1
TXN-13348,CUST-809,2023-05-20 12:00:00,Clothing,122.45,Credit Card,25.0,1
TXN-13349,CUST-230,2023-05-20 13:00:00,Beauty,116.94,Debit Card,34.0,1
TXN-13350,CUST-610,2023-05-20 14:00:00,Beauty,138.12,UPI,45.0,0
TXN-13351,CUST-879,2023-05-20 15:00:00,Clothing,139.77,PayPal,52.0,0
TXN-13352,CUST-819,2023-05-20 16:00:00,Books,154.6,PayPal,34.0,0
TXN-13353,CUST-101,2023-05-20 17:00:00,Electronics,146.76,Credit Card,34.0,0
TXN-13354,CUST-379,2023-05-20 18:00:00,Beauty,168.16,UPI,18.0,0
TXN-13355,CUST-692,2023-05-20 19:00:00,Beauty,168.49,PayPal,45.0,1
TXN-13356,CUST-745,2023-05-20 20:00:00,Books,126.99,PayPal,60.0,0
TXN-13357,CUST-538,2023-05-20 21:00:00,Books,203.27,Debit Card,,0
TXN-13358,CUST-319,2023-05-20 22:00:00,Home & Kitchen,174.37,UPI,34.0,0
TXN-13359,CUST-466,2023-05-20 23:00:00,Books,87.72,UPI,52.0,1
TXN-13360,CUST-662,2023-05-21 00:00:00,Beauty,135.7,PayPal,60.0,0
TXN-13361,CUST-748,2023-05-21 01:00:00,Clothing,46.3,UPI,60.0,0
TXN-13362,CUST-370,2023-05-21 02:00:00,Electronics,53.03,UPI,52.0,1
TXN-13363,CUST-940,2023-05-21 03:00:00,Home & Kitchen,100.02,UPI,,0
TXN-13364,CUST-212,2023-05-21 04:00:00,Clothing,84.98,Debit Card,52.0,0
TXN-13365,CUST-113,2023-05-21 05:00:00,Electronics,100.27,PayPal,18.0,1
TXN-13366,CUST-487,2023-05-21 06:00:00,Electronics,133.14,Credit Card,25.0,1
TXN-13367,CUST-827,2023-05-21 07:00:00,Electronics,169.01,UPI,,0
TXN-13368,CUST-319,2023-05-21 08:00:00,Clothing,166.87,PayPal,45.0,0
TXN-13369,CUST-305,2023-05-21 09:00:00,Home & Kitchen,136.53,Credit Card,34.0,0
TXN-13370,CUST-147,2023-05-21 10:00:00,Home & Kitchen,76.52,Debit Card,45.0,0
TXN-13371,CUST-662,2023-05-21 11:00:00,Electronics,97.7,PayPal,60.0,0
TXN-13372,CUST-212,2023-05-21 12:00:00,Clothing,145.49,Debit Card,34.0,1
TXN-13373,CUST-771,2023-05-21 13:00:00,Electronics,86.96,PayPal,,0
TXN-13374,CUST-962,2023-05-21 14:00:00,Books,69.32,Debit Card,18.0,0
TXN-13375,CUST-591,2023-05-21 15:00:00,Home & Kitchen,139.69,PayPal,45.0,0
TXN-13376,CUST-302,2023-05-21 16:00:00,Beauty,118.07,Debit Card,18.0,0
TXN-13377,CUST-445,2023-05-21 17:00:00,Electronics,111.56,Credit Card,18.0,0
TXN-13378,CUST-800,2023-05-21 18:00:00,Books,164.39,PayPal,,0
TXN-13379,CUST-518,2023-05-21 19:00:00,Home & Kitchen,163.55,Credit Card,45.0,1
TXN-13380,CUST-742,2023-05-21 20:00:00,Clothing,191.24,UPI,45.0,0
TXN-13381,CUST-487,2023-05-21 21:00:00,Home & Kitchen,93.94,Credit Card,,0
TXN-13382,CUST-388,2023-05-21 22:00:00,Clothing,137.19,PayPal,,0
TXN-13383,CUST-466,2023-05-21 23:00:00,Clothing,120.76,Credit Card,34.0,0
TXN-13384,CUST-918,2023-05-22 00:00:00,Electronics,133.53,PayPal,60.0,0
TXN-13385,CUST-289,2023-05-22 01:00:00,Electronics,74.62,Debit Card,60.0,1
TXN-13386,CUST-395,2023-05-22 02:00:00,Home & Kitchen,63.9,UPI,,1
TXN-13387,CUST-866,2023-05-22 03:00:00,Books,118.39,Credit Card,52.0,0
TXN-13388,CUST-798,2023-05-22 04:00:00,Home & Kitchen,86.3,UPI,18.0,1
TXN-13389,CUST-957,2023-05-22 05:00:00,Beauty,157.53,Credit Card,60.0,0
TXN-13390,CUST-104,2023-05-22 06:00:00,Clothing,59.97,PayPal,25.0,0
TXN-13391,CUST-234,2023-05-22 07:00:00,Clothing,63.27,Credit Card,,0
TXN-13392,CUST-538,2023-05-22 08:00:00,Electronics,103.33,UPI,,0
TXN-13393,CUST-230,2023-05-22 09:00:00,Books,58.48,Credit Card,34.0,0
TXN-13394,CUST-991,2023-05-22 10:00:00,Electronics,187.04,UPI,,0
TXN-13395,CUST-707,2023-05-22 11:00:00,Beauty,112.68,UPI,34.0,0
TXN-13396,CUST-443,2023-05-22 12:00:00,Home & Kitchen,95.89,PayPal,52.0,0
TXN-13397,CUST-484,2023-05-22 13:00:00,Home & Kitchen,138.72,Debit Card,52.0,0
TXN-13398,CUST-238,2023-05-22 14:00:00,Books,155.35,Debit Card,,0
TXN-13399,CUST-829,2023-05-22 15:00:00,Electronics,128.28,Credit Card,18.0,0
TXN-13400,CUST-466,2023-05-22 16:00:00,Electronics,117.28,UPI,34.0,0
TXN-13401,CUST-212,2023-05-22 17:00:00,Beauty,80.66,PayPal,34.0,0
TXN-13402,CUST-737,2023-05-22 18:00:00,Home & Kitchen,145.24,Debit Card,25.0,0
TXN-13403,CUST-575,2023-05-22 19:00:00,Electronics,176.67,PayPal,18.0,1
TXN-13404,CUST-610,2023-05-22 20:00:00,Books,111.21,PayPal,18.0,0
TXN-13405,CUST-497,2023-05-22 21:00:00,Home & Kitchen,86.05,UPI,60.0,1
TXN-13406,CUST-439,2023-05-22 22:00:00,Beauty,127.26,Credit Card,52.0,0
TXN-13407,CUST-602,2023-05-22 23:00:00,Books,120.11,UPI,60.0,1
TXN-13408,CUST-574,2023-05-23 00:00:00,Clothing,71.35,Debit Card,18.0,0
TXN-13409,CUST-571,2023-05-23 01:00:00,Beauty,99.89,Debit Card,,0
TXN-13410,CUST-602,2023-05-23 02:00:00,Books,191.54,PayPal,25.0,0
TXN-13411,CUST-978,2023-05-23 03:00:00,Electronics,66.1,UPI,,0
TXN-13412,CUST-786,2023-05-23 04:00:00,Clothing,92.38,UPI,,0
TXN-13413,CUST-700,2023-05-23 05:00:00,Beauty,82.05,PayPal,18.0,0
TXN-13414,CUST-732,2023-05-23 06:00:00,Electronics,85.59,Credit Card,60.0,0
TXN-13415,CUST-664,2023-05-23 07:00:00,Clothing,102.18,PayPal,45.0,0
TXN-13416,CUST-300,2023-05-23 08:00:00,Home & Kitchen,137.94,PayPal,,1
TXN-13417,CUST-379,2023-05-23 09:00:00,Electronics,172.34,Debit Card,,1
TXN-13418,CUST-851,2023-05-23 10:00:00,Books,128.13,UPI,45.0,0
TXN-13419,CUST-677,2023-05-23 11:00:00,Beauty,92.62,Debit Card,25.0,0
TXN-13420,CUST-373,2023-05-23 12:00:00,Clothing,181.6,PayPal,52.0,0
TXN-13421,CUST-838,2023-05-23 13:00:00,Electronics,37.26,UPI,34.0,1
TXN-13422,CUST-472,2023-05-23 14:00:00,Home & Kitchen,146.94,PayPal,18.0,1
TXN-13423,CUST-655,2023-05-23 15:00:00,Beauty,78.93,PayPal,60.0,1
TXN-13424,CUST-388,2023-05-23 16:00:00,Beauty,117.96,Credit Card,52.0,0
TXN-13425,CUST-660,2023-05-23 17:00:00,Electronics,142.52,Debit Card,60.0,1
TXN-13426,CUST-443,2023-05-23 18:00:00,Home & Kitchen,55.78,Debit Card,52.0,1
TXN-13427,CUST-152,2023-05-23 19:00:00,Clothing,125.67,PayPal,18.0,0
TXN-13428,CUST-742,2023-05-23 20:00:00,Electronics,128.74,Credit Card,34.0,1
TXN-13429,CUST-875,2023-05-23 21:00:00,Clothing,178.49,PayPal,18.0,0
TXN-13430,CUST-306,2023-05-23 22:00:00,Beauty,228.61,PayPal,34.0,0
TXN-13431,CUST-802,2023-05-23 23:00:00,Clothing,57.88,PayPal,60.0,1
TXN-13432,CUST-333,2023-05-24 00:00:00,Home & Kitchen,176.69,Credit Card,25.0,0
TXN-13433,CUST-101,2023-05-24 01:00:00,Books,118.48,UPI,34.0,0
TXN-13434,CUST-560,2023-05-24 02:00:00,Home & Kitchen,87.66,Credit Card,52.0,0
TXN-13435,CUST-127,2023-05-24 03:00:00,Clothing,134.76,PayPal,25.0,1
TXN-13436,CUST-466,2023-05-24 04:00:00,Electronics,67.91,UPI,60.0,0
TXN-13437,CUST-824,2023-05-24 05:00:00,Beauty,70.3,PayPal,45.0,1
TXN-13438,CUST-610,2023-05-24 06:00:00,Books,50.59,Credit Card,25.0,0
TXN-13439,CUST-302,2023-05-24 07:00:00,Electronics,141.84,Credit Card,34.0,0
TXN-13440,CUST-963,2023-05-24 08:00:00,Electronics,133.08,UPI,25.0,0
TXN-13441,CUST-956,2023-05-24 09:00:00,Home & Kitchen,87.42,Credit Card,60.0,1
TXN-13442,CUST-518,2023-05-24 10:00:00,Clothing,180.94,PayPal,25.0,0
TXN-13443,CUST-918,2023-05-24 11:00:00,Home & Kitchen,93.48,UPI,60.0,0
TXN-13444,CUST-833,2023-05-24 12:00:00,Clothing,171.32,Debit Card,45.0,0
TXN-13445,CUST-212,2023-05-24 13:00:00,Home & Kitchen,124.88,PayPal,34.0,1
TXN-13446,CUST-120,2023-05-24 14:00:00,Electronics,92.95,Debit Card,,0
TXN-13447,CUST-164,2023-05-24 15:00:00,Beauty,115.4,UPI,52.0,1
TXN-13448,CUST-584,2023-05-24 16:00:00,Clothing,69.85,UPI,25.0,0
TXN-13449,CUST-809,2023-05-24 17:00:00,Books,128.67,PayPal,,0
TXN-13450,CUST-602,2023-05-24 18:00:00,Books,121.22,Credit Card,18.0,0
TXN-13451,CUST-316,2023-05-24 19:00:00,Electronics,141.1,PayPal,52.0,1
TXN-13452,CUST-663,2023-05-24 20:00:00,Home & Kitchen,155.17,Credit Card,25.0,1
TXN-13453,CUST-824,2023-05-24 21:00:00,Home & Kitchen,124.62,Credit Card,52.0,0
TXN-13454,CUST-956,2023-05-24 22:00:00,Electronics,60.95,PayPal,,1
TXN-13455,CUST-501,2023-05-24 23:00:00,Books,157.29,UPI,18.0,0
TXN-13456,CUST-971,2023-05-25 00:00:00,Books,120.59,PayPal,52.0,0
TXN-13457,CUST-700,2023-05-25 01:00:00,Home & Kitchen,44.24,Debit Card,,0
TXN-13458,CUST-147,2023-05-25 02:00:00,Clothing,132.38,UPI,52.0,0
TXN-13459,CUST-478,2023-05-25 03:00:00,Beauty,135.4,Credit Card,18.0,0
TXN-13460,CUST-195,2023-05-25 04:00:00,Clothing,105.66,UPI,18.0,0
TXN-13461,CUST-663,2023-05-25 05:00:00,Books,112.09,PayPal,18.0,0
TXN-13462,CUST-656,2023-05-25 06:00:00,Clothing,96.19,UPI,45.0,0
TXN-13463,CUST-724,2023-05-25 07:00:00,Beauty,136.65,Credit Card,60.0,0
TXN-13464,CUST-430,2023-05-25 08:00:00,Clothing,125.6,Credit Card,60.0,0
TXN-13465,CUST-485,2023-05-25 09:00:00,Clothing,83.67,UPI,,0
TXN-13466,CUST-491,2023-05-25 10:00:00,Clothing,184.72,Debit Card,18.0,1
TXN-13467,CUST-373,2023-05-25 11:00:00,Clothing,93.37,Credit Card,,0
TXN-13468,CUST-871,2023-05-25 12:00:00,Electronics,11.74,Debit Card,60.0,1
TXN-13469,CUST-745,2023-05-25 13:00:00,Books,101.17,Credit Card,52.0,1
TXN-13470,CUST-747,2023-05-25 14:00:00,Beauty,161.24,UPI,18.0,0
TXN-13471,CUST-960,2023-05-25 15:00:00,Books,111.74,Credit Card,25.0,0
TXN-13472,CUST-473,2023-05-25 16:00:00,Electronics,54.61,Debit Card,18.0,0
TXN-13473,CUST-114,2023-05-25 17:00:00,Electronics,78.88,Debit Card,18.0,0
TXN-13474,CUST-561,2023-05-25 18:00:00,Electronics,76.76,UPI,60.0,0
TXN-13475,CUST-660,2023-05-25 19:00:00,Electronics,96.99,Debit Card,,0
TXN-13476,CUST-598,2023-05-25 20:00:00,Clothing,109.53,Debit Card,34.0,0
TXN-13477,CUST-895,2023-05-25 21:00:00,Books,139.75,UPI,52.0,0
TXN-13478,CUST-761,2023-05-25 22:00:00,Home & Kitchen,125.14,Credit Card,60.0,1
TXN-13479,CUST-473,2023-05-25 23:00:00,Beauty,127.06,UPI,,0
TXN-13480,CUST-848,2023-05-26 00:00:00,Electronics,191.17,Credit Card,,1
TXN-13481,CUST-101,2023-05-26 01:00:00,Books,154.43,Credit Card,52.0,0
TXN-13482,CUST-487,2023-05-26 02:00:00,Electronics,150.91,Credit Card,,0
TXN-13483,CUST-936,2023-05-26 03:00:00,Electronics,47.47,PayPal,25.0,0
TXN-13484,CUST-664,2023-05-26 04:00:00,Electronics,89.93,Credit Card,45.0,0
TXN-13485,CUST-747,2023-05-26 05:00:00,Electronics,56.12,UPI,34.0,1
TXN-13486,CUST-624,2023-05-26 06:00:00,Electronics,89.24,UPI,25.0,0
TXN-13487,CUST-872,2023-05-26 07:00:00,Beauty,151.79,UPI,25.0,0
TXN-13488,CUST-538,2023-05-26 08:00:00,Books,104.29,PayPal,52.0,0
TXN-13489,CUST-417,2023-05-26 09:00:00,Electronics,162.9,Debit Card,34.0,0
TXN-13490,CUST-869,2023-05-26 10:00:00,Electronics,147.73,PayPal,52.0,1
TXN-13491,CUST-673,2023-05-26 11:00:00,Electronics,122.02,UPI,45.0,0
TXN-13492,CUST-829,2023-05-26 12:00:00,Electronics,163.84,UPI,,0
TXN-13493,CUST-373,2023-05-26 13:00:00,Clothing,174.58,Debit Card,52.0,0
TXN-13494,CUST-931,2023-05-26 14:00:00,Clothing,138.18,PayPal,18.0,0
TXN-13495,CUST-673,2023-05-26 15:00:00,Home & Kitchen,129.2,UPI,52.0,0
TXN-13496,CUST-918,2023-05-26 16:00:00,Electronics,145.33,Credit Card,,1
TXN-13497,CUST-559,2023-05-26 17:00:00,Home & Kitchen,63.74,Credit Card,18.0,0
TXN-13498,CUST-584,2023-05-26 18:00:00,Beauty,115.3,UPI,25.0,1
TXN-13499,CUST-847,2023-05-26 19:00:00,Home & Kitchen,119.04,Credit Card,45.0,1
TXN-13500,CUST-437,2023-05-26 20:00:00,Books,105.25,Debit Card,,0
TXN-13501,CUST-653,2023-05-26 21:00:00,Clothing,88.42,UPI,60.0,0
TXN-13502,CUST-610,2023-05-26 22:00:00,Clothing,159.92,PayPal,18.0,0
TXN-13503,CUST-369,2023-05-26 23:00:00,Electronics,126.8,UPI,45.0,0
TXN-13504,CUST-897,2023-05-27 00:00:00,Electronics,130.44,Debit Card,52.0,0
TXN-13505,CUST-518,2023-05-27 01:00:00,Beauty,176.98,PayPal,60.0,0
TXN-13506,CUST-171,2023-05-27 02:00:00,Beauty,112.19,Debit Card,52.0,0
TXN-13507,CUST-848,2023-05-27 03:00:00,Books,104.45,Credit Card,,0
TXN-13508,CUST-352,2023-05-27 04:00:00,Electronics,174.45,Credit Card,25.0,0
TXN-13509,CUST-574,2023-05-27 05:00:00,Electronics,60.37,Credit Card,,0
TXN-13510,CUST-147,2023-05-27 06:00:00,Beauty,122.05,Debit Card,,0
TXN-13511,CUST-592,2023-05-27 07:00:00,Beauty,90.49,Debit Card,,0
TXN-13512,CUST-180,2023-05-27 08:00:00,Beauty,131.71,UPI,52.0,0
TXN-13513,CUST-205,2023-05-27 09:00:00,Clothing,142.88,PayPal,18.0,1
TXN-13514,CUST-608,2023-05-27 10:00:00,Home & Kitchen,145.1,PayPal,25.0,0
TXN-13515,CUST-430,2023-05-27 11:00:00,Home & Kitchen,161.05,Debit Card,45.0,1
TXN-13516,CUST-283,2023-05-27 12:00:00,Electronics,109.9,Debit Card,25.0,0
TXN-13517,CUST-783,2023-05-27 13:00:00,Clothing,112.39,Credit Card,45.0,0
TXN-13518,CUST-868,2023-05-27 14:00:00,Beauty,141.06,Debit Card,34.0,0
TXN-13519,CUST-205,2023-05-27 15:00:00,Electronics,155.5,Credit Card,18.0,0
TXN-13520,CUST-589,2023-05-27 16:00:00,Clothing,67.99,Debit Card,18.0,0
TXN-13521,CUST-646,2023-05-27 17:00:00,Books,132.56,PayPal,45.0,1
TXN-13522,CUST-289,2023-05-27 18:00:00,Clothing,104.19,UPI,52.0,1
TXN-13523,CUST-152,2023-05-27 19:00:00,Electronics,123.49,Debit Card,60.0,1
TXN-13524,CUST-882,2023-05-27 20:00:00,Home & Kitchen,105.73,Credit Card,52.0,0
TXN-13525,CUST-791,2023-05-27 21:00:00,Beauty,91.09,UPI,34.0,0
TXN-13526,CUST-351,2023-05-27 22:00:00,Books,79.26,Credit Card,45.0,0
TXN-13527,CUST-489,2023-05-27 23:00:00,Clothing,113.96,Credit Card,34.0,0
TXN-13528,CUST-692,2023-05-28 00:00:00,Electronics,134.34,UPI,45.0,1
TXN-13529,CUST-819,2023-05-28 01:00:00,Electronics,95.88,UPI,34.0,0
TXN-13530,CUST-971,2023-05-28 02:00:00,Beauty,167.59,UPI,45.0,1
TXN-13531,CUST-655,2023-05-28 03:00:00,Electronics,218.34,Debit Card,18.0,0
TXN-13532,CUST-147,2023-05-28 04:00:00,Electronics,136.53,UPI,34.0,0
TXN-13533,CUST-332,2023-05-28 05:00:00,Beauty,118.35,Debit Card,34.0,1
TXN-13534,CUST-393,2023-05-28 06:00:00,Books,83.51,PayPal,45.0,1
TXN-13535,CUST-127,2023-05-28 07:00:00,Home & Kitchen,134.8,PayPal,25.0,0
TXN-13536,CUST-620,2023-05-28 08:00:00,Home & Kitchen,179.09,Credit Card,25.0,0
TXN-13537,CUST-776,2023-05-28 09:00:00,Clothing,197.94,Credit Card,18.0,0
TXN-13538,CUST-912,2023-05-28 10:00:00,Books,175.85,Debit Card,52.0,0
TXN-13539,CUST-388,2023-05-28 11:00:00,Clothing,153.73,Credit Card,52.0,0
TXN-13540,CUST-863,2023-05-28 12:00:00,Home & Kitchen,136.41,PayPal,18.0,0
TXN-13541,CUST-712,2023-05-28 13:00:00,Beauty,78.05,Debit Card,52.0,0
TXN-13542,CUST-185,2023-05-28 14:00:00,Electronics,116.01,Debit Card,60.0,0
TXN-13543,CUST-417,2023-05-28 15:00:00,Home & Kitchen,111.36,UPI,60.0,0
TXN-13544,CUST-485,2023-05-28 16:00:00,Books,116.27,Debit Card,60.0,0
TXN-13545,CUST-566,2023-05-28 17:00:00,Home & Kitchen,91.22,Credit Card,,1
TXN-13546,CUST-673,2023-05-28 18:00:00,Books,150.31,PayPal,,0
TXN-13547,CUST-317,2023-05-28 19:00:00,Books,109.05,Credit Card,60.0,1
TXN-13548,CUST-791,2023-05-28 20:00:00,Books,105.8,PayPal,45.0,0
TXN-13549,CUST-786,2023-05-28 21:00:00,Clothing,91.36,UPI,25.0,0
TXN-13550,CUST-332,2023-05-28 22:00:00,Beauty,129.29,PayPal,18.0,1
TXN-13551,CUST-443,2023-05-28 23:00:00,Home & Kitchen,179.87,UPI,45.0,0
TXN-13552,CUST-939,2023-05-29 00:00:00,Beauty,119.59,Credit Card,60.0,0
TXN-13553,CUST-592,2023-05-29 01:00:00,Electronics,131.27,UPI,18.0,0
TXN-13554,CUST-506,2023-05-29 02:00:00,Home & Kitchen,197.41,Debit Card,25.0,0
TXN-13555,CUST-191,2023-05-29 03:00:00,Beauty,168.14,Debit Card,52.0,0
TXN-13556,CUST-518,2023-05-29 04:00:00,Beauty,143.51,PayPal,45.0,0
TXN-13557,CUST-114,2023-05-29 05:00:00,Electronics,141.83,Credit Card,25.0,0
TXN-13558,CUST-393,2023-05-29 06:00:00,Books,95.88,Credit Card,18.0,0
TXN-13559,CUST-763,2023-05-29 07:00:00,Home & Kitchen,91.97,PayPal,34.0,0
TXN-13560,CUST-135,2023-05-29 08:00:00,Home & Kitchen,125.66,Debit Card,45.0,0
TXN-13561,CUST-114,2023-05-29 09:00:00,Electronics,126.67,UPI,,0
TXN-13562,CUST-589,2023-05-29 10:00:00,Books,86.01,PayPal,18.0,0
TXN-13563,CUST-332,2023-05-29 11:00:00,Home & Kitchen,148.13,UPI,18.0,0
TXN-13564,CUST-829,2023-05-29 12:00:00,Home & Kitchen,108.91,UPI,,0
TXN-13565,CUST-783,2023-05-29 13:00:00,Home & Kitchen,165.09,Credit Card,25.0,1
TXN-13566,CUST-656,2023-05-29 14:00:00,Books,117.78,Debit Card,18.0,0
TXN-13567,CUST-662,2023-05-29 15:00:00,Electronics,114.24,UPI,45.0,1
TXN-13568,CUST-571,2023-05-29 16:00:00,Home & Kitchen,82.5,Debit Card,60.0,1
TXN-13569,CUST-610,2023-05-29 17:00:00,Beauty,86.89,Credit Card,,1
TXN-13570,CUST-228,2023-05-29 18:00:00,Books,172.71,PayPal,45.0,0
TXN-13571,CUST-935,2023-05-29 19:00:00,Clothing,130.76,PayPal,,0
TXN-13572,CUST-199,2023-05-29 20:00:00,Electronics,135.57,Credit Card,18.0,1
TXN-13573,CUST-439,2023-05-29 21:00:00,Beauty,184.03,Credit Card,25.0,0
TXN-13574,CUST-835,2023-05-29 22:00:00,Home & Kitchen,67.3,UPI,45.0,0
TXN-13575,CUST-935,2023-05-29 23:00:00,Clothing,146.85,Credit Card,34.0,0
TXN-13576,CUST-800,2023-05-30 00:00:00,Electronics,56.48,PayPal,60.0,0
TXN-13577,CUST-826,2023-05-30 01:00:00,Books,102.49,Debit Card,,0
TXN-13578,CUST-270,2023-05-30 02:00:00,Clothing,74.2,Debit Card,52.0,0
TXN-13579,CUST-926,2023-05-30 03:00:00,Clothing,154.34,Debit Card,25.0,0
TXN-13580,CUST-487,2023-05-30 04:00:00,Beauty,44.41,Debit Card,25.0,1
TXN-13581,CUST-199,2023-05-30 05:00:00,Electronics,110.8,Credit Card,52.0,1
TXN-13582,CUST-970,2023-05-30 06:00:00,Beauty,73.65,Credit Card,52.0,1
TXN-13583,CUST-591,2023-05-30 07:00:00,Beauty,85.81,Debit Card,45.0,1
TXN-13584,CUST-541,2023-05-30 08:00:00,Home & Kitchen,91.97,Credit Card,18.0,1
TXN-13585,CUST-367,2023-05-30 09:00:00,Books,172.76,UPI,18.0,1
TXN-13586,CUST-745,2023-05-30 10:00:00,Clothing,106.59,Credit Card,34.0,0
TXN-13587,CUST-291,2023-05-30 11:00:00,Electronics,189.09,UPI,60.0,0
TXN-13588,CUST-479,2023-05-30 12:00:00,Books,197.46,UPI,,0
TXN-13589,CUST-935,2023-05-30 13:00:00,Books,204.55,Credit Card,18.0,0
TXN-13590,CUST-127,2023-05-30 14:00:00,Electronics,117.65,Debit Card,34.0,1
TXN-13591,CUST-591,2023-05-30 15:00:00,Books,128.41,UPI,34.0,0
TXN-13592,CUST-198,2023-05-30 16:00:00,Home & Kitchen,135.12,Credit Card,25.0,0
TXN-13593,CUST-466,2023-05-30 17:00:00,Books,105.3,PayPal,25.0,0
TXN-13594,CUST-256,2023-05-30 18:00:00,Home & Kitchen,136.97,Debit Card,60.0,0
TXN-13595,CUST-829,2023-05-30 19:00:00,Clothing,82.59,PayPal,45.0,0
TXN-13596,CUST-665,2023-05-30 20:00:00,Clothing,44.98,UPI,52.0,0
TXN-13597,CUST-592,2023-05-30 21:00:00,Beauty,148.57,PayPal,52.0,0
TXN-13598,CUST-748,2023-05-30 22:00:00,Home & Kitchen,106.01,Credit Card,60.0,0
TXN-13599,CUST-798,2023-05-30 23:00:00,Clothing,80.93,Debit Card,34.0,0
TXN-13600,CUST-673,2023-05-31 00:00:00,Books,85.99,UPI,60.0,1
TXN-13601,CUST-939,2023-05-31 01:00:00,Electronics,180.6,Credit Card,52.0,0
TXN-13602,CUST-484,2023-05-31 02:00:00,Electronics,138.56,Debit Card,34.0,0
TXN-13603,CUST-478,2023-05-31 03:00:00,Home & Kitchen,59.11,UPI,52.0,0
TXN-13604,CUST-674,2023-05-31 04:00:00,Beauty,72.52,UPI,45.0,1
TXN-13605,CUST-376,2023-05-31 05:00:00,Books,108.32,UPI,25.0,0
TXN-13606,CUST-746,2023-05-31 06:00:00,Home & Kitchen,139.06,UPI,25.0,0
TXN-13607,CUST-510,2023-05-31 07:00:00,Electronics,88.22,PayPal,34.0,0
TXN-13608,CUST-300,2023-05-31 08:00:00,Home & Kitchen,113.08,PayPal,60.0,1
TXN-13609,CUST-662,2023-05-31 09:00:00,Books,124.58,PayPal,52.0,0
TXN-13610,CUST-640,2023-05-31 10:00:00,Clothing,125.41,UPI,18.0,0
TXN-13611,CUST-382,2023-05-31 11:00:00,Books,24.19,PayPal,45.0,0
TXN-13612,CUST-774,2023-05-31 12:00:00,Clothing,128.87,Debit Card,52.0,0
TXN-13613,CUST-408,2023-05-31 13:00:00,Clothing,50.69,UPI,,0
TXN-13614,CUST-171,2023-05-31 14:00:00,Clothing,108.54,Debit Card,18.0,0
TXN-13615,CUST-781,2023-05-31 15:00:00,Home & Kitchen,99.94,Debit Card,45.0,0
TXN-13616,CUST-783,2023-05-31 16:00:00,Electronics,76.85,PayPal,45.0,1
TXN-13617,CUST-663,2023-05-31 17:00:00,Home & Kitchen,153.73,UPI,25.0,0
TXN-13618,CUST-983,2023-05-31 18:00:00,Electronics,75.04,PayPal,34.0,0
TXN-13619,CUST-289,2023-05-31 19:00:00,Books,99.08,PayPal,52.0,0
TXN-13620,CUST-287,2023-05-31 20:00:00,Beauty,155.15,PayPal,45.0,0
TXN-13621,CUST-975,2023-05-31 21:00:00,Books,97.94,UPI,52.0,0
TXN-13622,CUST-492,2023-05-31 22:00:00,Home & Kitchen,89.66,UPI,45.0,0
TXN-13623,CUST-971,2023-05-31 23:00:00,Home & Kitchen,109.27,PayPal,60.0,0
TXN-13624,CUST-882,2023-06-01 00:00:00,Electronics,141.62,Debit Card,25.0,0
TXN-13625,CUST-230,2023-06-01 01:00:00,Home & Kitchen,177.85,Debit Card,34.0,0
TXN-13626,CUST-324,2023-06-01 02:00:00,Clothing,82.56,UPI,18.0,1
TXN-13627,CUST-164,2023-06-01 03:00:00,Home & Kitchen,85.8,Credit Card,18.0,0
TXN-13628,CUST-417,2023-06-01 04:00:00,Electronics,108.95,PayPal,60.0,0
TXN-13629,CUST-324,2023-06-01 05:00:00,Electronics,129.21,PayPal,,0
TXN-13630,CUST-960,2023-06-01 06:00:00,Clothing,89.19,Credit Card,25.0,0
TXN-13631,CUST-963,2023-06-01 07:00:00,Electronics,147.54,UPI,45.0,0
TXN-13632,CUST-673,2023-06-01 08:00:00,Beauty,83.31,Debit Card,25.0,0
TXN-13633,CUST-158,2023-06-01 09:00:00,Books,43.97,UPI,34.0,0
TXN-13634,CUST-940,2023-06-01 10:00:00,Home & Kitchen,141.27,Debit Card,18.0,0
TXN-13635,CUST-487,2023-06-01 11:00:00,Beauty,145.9,Debit Card,52.0,0
TXN-13636,CUST-238,2023-06-01 12:00:00,Home & Kitchen,161.79,UPI,18.0,0
TXN-13637,CUST-266,2023-06-01 13:00:00,Beauty,40.32,PayPal,,0
TXN-13638,CUST-912,2023-06-01 14:00:00,Home & Kitchen,93.38,PayPal,,0
TXN-13639,CUST-824,2023-06-01 15:00:00,Clothing,109.96,PayPal,,0
TXN-13640,CUST-301,2023-06-01 16:00:00,Electronics,190.28,Debit Card,,0
TXN-13641,CUST-776,2023-06-01 17:00:00,Electronics,113.63,PayPal,34.0,0
TXN-13642,CUST-487,2023-06-01 18:00:00,Clothing,66.14,Debit Card,45.0,0
TXN-13643,CUST-485,2023-06-01 19:00:00,Beauty,131.87,PayPal,25.0,0
TXN-13644,CUST-975,2023-06-01 20:00:00,Books,172.38,UPI,18.0,0
TXN-13645,CUST-825,2023-06-01 21:00:00,Beauty,163.87,Credit Card,,1
TXN-13646,CUST-956,2023-06-01 22:00:00,Electronics,142.47,Debit Card,18.0,1
TXN-13647,CUST-745,2023-06-01 23:00:00,Books,130.51,UPI,,0
TXN-13648,CUST-662,2023-06-02 00:00:00,Home & Kitchen,29.29,Debit Card,52.0,0
TXN-13649,CUST-774,2023-06-02 01:00:00,Books,121.03,Debit Card,25.0,1
TXN-13650,CUST-185,2023-06-02 02:00:00,Beauty,127.13,UPI,52.0,0
TXN-13651,CUST-596,2023-06-02 03:00:00,Clothing,113.6,PayPal,52.0,0
TXN-13652,CUST-610,2023-06-02 04:00:00,Home & Kitchen,148.28,Debit Card,,1
TXN-13653,CUST-127,2023-06-02 05:00:00,Beauty,112.96,Credit Card,45.0,0
TXN-13654,CUST-655,2023-06-02 06:00:00,Home & Kitchen,105.26,Credit Card,18.0,0
TXN-13655,CUST-754,2023-06-02 07:00:00,Books,161.56,UPI,60.0,0
TXN-13656,CUST-799,2023-06-02 08:00:00,Electronics,103.46,Credit Card,25.0,0
TXN-13657,CUST-291,2023-06-02 09:00:00,Beauty,122.59,UPI,45.0,0
TXN-13658,CUST-940,2023-06-02 10:00:00,Clothing,155.9,UPI,60.0,0
TXN-13659,CUST-439,2023-06-02 11:00:00,Books,79.57,Debit Card,45.0,0
TXN-13660,CUST-501,2023-06-02 12:00:00,Beauty,75.23,UPI,,0
TXN-13661,CUST-741,2023-06-02 13:00:00,Clothing,174.32,UPI,,0
TXN-13662,CUST-289,2023-06-02 14:00:00,Beauty,96.29,PayPal,45.0,0
TXN-13663,CUST-739,2023-06-02 15:00:00,Books,147.7,Debit Card,34.0,0
TXN-13664,CUST-829,2023-06-02 16:00:00,Beauty,48.99,Credit Card,34.0,0
TXN-13665,CUST-415,2023-06-02 17:00:00,Home & Kitchen,19.88,PayPal,45.0,0
TXN-13666,CUST-983,2023-06-02 18:00:00,Books,134.57,PayPal,34.0,0
TXN-13667,CUST-571,2023-06-02 19:00:00,Beauty,114.9,Debit Card,25.0,0
TXN-13668,CUST-487,2023-06-02 20:00:00,Electronics,134.95,Debit Card,18.0,0
TXN-13669,CUST-497,2023-06-02 21:00:00,Beauty,194.99,PayPal,60.0,0
TXN-13670,CUST-835,2023-06-02 22:00:00,Home & Kitchen,70.51,Debit Card,,0
TXN-13671,CUST-665,2023-06-02 23:00:00,Clothing,121.53,Debit Card,25.0,0
TXN-13672,CUST-230,2023-06-03 00:00:00,Clothing,179.1,UPI,18.0,0
TXN-13673,CUST-472,2023-06-03 01:00:00,Clothing,76.28,Debit Card,34.0,0
TXN-13674,CUST-120,2023-06-03 02:00:00,Electronics,96.61,UPI,60.0,0
TXN-13675,CUST-351,2023-06-03 03:00:00,Home & Kitchen,49.31,PayPal,25.0,0
TXN-13676,CUST-940,2023-06-03 04:00:00,Books,209.51,PayPal,52.0,1
TXN-13677,CUST-158,2023-06-03 05:00:00,Clothing,31.82,Credit Card,,0
TXN-13678,CUST-918,2023-06-03 06:00:00,Home & Kitchen,151.94,Debit Card,45.0,1
TXN-13679,CUST-655,2023-06-03 07:00:00,Beauty,67.21,PayPal,,1
TXN-13680,CUST-484,2023-06-03 08:00:00,Electronics,77.96,UPI,18.0,0
TXN-13681,CUST-781,2023-06-03 09:00:00,Home & Kitchen,162.56,PayPal,18.0,1
TXN-13682,CUST-388,2023-06-03 10:00:00,Home & Kitchen,90.3,Debit Card,52.0,1
TXN-13683,CUST-223,2023-06-03 11:00:00,Books,146.07,Credit Card,52.0,1
TXN-13684,CUST-745,2023-06-03 12:00:00,Home & Kitchen,175.2,Credit Card,45.0,0
TXN-13685,CUST-661,2023-06-03 13:00:00,Books,128.03,PayPal,34.0,0
TXN-13686,CUST-572,2023-06-03 14:00:00,Electronics,155.57,Credit Card,,0
TXN-13687,CUST-535,2023-06-03 15:00:00,Electronics,123.23,Debit Card,25.0,0
TXN-13688,CUST-991,2023-06-03 16:00:00,Beauty,125.08,Debit Card,25.0,0
TXN-13689,CUST-809,2023-06-03 17:00:00,Books,94.6,Credit Card,25.0,0
TXN-13690,CUST-300,2023-06-03 18:00:00,Books,197.15,UPI,34.0,1
TXN-13691,CUST-382,2023-06-03 19:00:00,Clothing,149.71,Credit Card,,0
TXN-13692,CUST-487,2023-06-03 20:00:00,Clothing,140.87,Credit Card,,0
TXN-13693,CUST-297,2023-06-03 21:00:00,Beauty,150.81,PayPal,45.0,0
TXN-13694,CUST-783,2023-06-03 22:00:00,Electronics,92.91,UPI,25.0,0
TXN-13695,CUST-135,2023-06-03 23:00:00,Clothing,157.24,Credit Card,18.0,0
TXN-13696,CUST-104,2023-06-04 00:00:00,Home & Kitchen,182.24,PayPal,18.0,0
TXN-13697,CUST-484,2023-06-04 01:00:00,Electronics,64.77,PayPal,18.0,1
TXN-13698,CUST-373,2023-06-04 02:00:00,Home & Kitchen,141.66,PayPal,52.0,0
TXN-13699,CUST-747,2023-06-04 03:00:00,Books,122.51,Debit Card,52.0,0
TXN-13700,CUST-492,2023-06-04 04:00:00,Electronics,99.23,PayPal,34.0,0
TXN-13701,CUST-198,2023-06-04 05:00:00,Beauty,76.27,PayPal,25.0,0
TXN-13702,CUST-437,2023-06-04 06:00:00,Books,162.08,Debit Card,52.0,0
TXN-13703,CUST-835,2023-06-04 07:00:00,Books,128.32,Debit Card,18.0,0
TXN-13704,CUST-771,2023-06-04 08:00:00,Home & Kitchen,111.71,PayPal,52.0,0
TXN-13705,CUST-554,2023-06-04 09:00:00,Books,141.7,Credit Card,,0
TXN-13706,CUST-745,2023-06-04 10:00:00,Clothing,114.9,UPI,18.0,0
TXN-13707,CUST-809,2023-06-04 11:00:00,Electronics,91.84,Debit Card,25.0,1
TXN-13708,CUST-781,2023-06-04 12:00:00,Clothing,125.16,UPI,,0
TXN-13709,CUST-838,2023-06-04 13:00:00,Home & Kitchen,118.88,Debit Card,34.0,0
TXN-13710,CUST-485,2023-06-04 14:00:00,Home & Kitchen,49.03,PayPal,45.0,0
TXN-13711,CUST-486,2023-06-04 15:00:00,Electronics,94.82,Debit Card,45.0,0
TXN-13712,CUST-868,2023-06-04 16:00:00,Books,69.42,PayPal,,1
TXN-13713,CUST-700,2023-06-04 17:00:00,Beauty,53.94,UPI,18.0,1
TXN-13714,CUST-408,2023-06-04 18:00:00,Home & Kitchen,138.71,Credit Card,52.0,0
TXN-13715,CUST-997,2023-06-04 19:00:00,Electronics,93.25,PayPal,52.0,0
TXN-13716,CUST-301,2023-06-04 20:00:00,Beauty,161.66,UPI,18.0,0
TXN-13717,CUST-561,2023-06-04 21:00:00,Books,46.86,UPI,25.0,1
TXN-13718,CUST-305,2023-06-04 22:00:00,Home & Kitchen,108.09,Debit Card,,0
TXN-13719,CUST-206,2023-06-04 23:00:00,Electronics,95.36,PayPal,18.0,0
TXN-13720,CUST-256,2023-06-05 00:00:00,Electronics,56.88,UPI,25.0,0
TXN-13721,CUST-991,2023-06-05 01:00:00,Electronics,120.2,Credit Card,34.0,0
TXN-13722,CUST-957,2023-06-05 02:00:00,Home & Kitchen,60.37,Debit Card,34.0,0
TXN-13723,CUST-447,2023-06-05 03:00:00,Beauty,128.91,Debit Card,,0
TXN-13724,CUST-918,2023-06-05 04:00:00,Electronics,148.83,UPI,18.0,0
TXN-13725,CUST-833,2023-06-05 05:00:00,Books,130.7,PayPal,34.0,0
TXN-13726,CUST-510,2023-06-05 06:00:00,Electronics,135.76,Debit Card,52.0,0
TXN-13727,CUST-906,2023-06-05 07:00:00,Beauty,161.25,PayPal,25.0,0
TXN-13728,CUST-351,2023-06-05 08:00:00,Home & Kitchen,118.93,UPI,45.0,1
TXN-13729,CUST-875,2023-06-05 09:00:00,Electronics,86.96,UPI,45.0,0
TXN-13730,CUST-809,2023-06-05 10:00:00,Electronics,95.64,PayPal,34.0,0
TXN-13731,CUST-212,2023-06-05 11:00:00,Books,96.51,Credit Card,25.0,0
TXN-13732,CUST-101,2023-06-05 12:00:00,Books,78.27,Debit Card,52.0,0
TXN-13733,CUST-963,2023-06-05 13:00:00,Electronics,151.37,UPI,45.0,0
TXN-13734,CUST-485,2023-06-05 14:00:00,Electronics,141.08,Credit Card,52.0,0
TXN-13735,CUST-660,2023-06-05 15:00:00,Books,53.4,Credit Card,52.0,1
TXN-13736,CUST-957,2023-06-05 16:00:00,Beauty,86.95,PayPal,45.0,1
TXN-13737,CUST-905,2023-06-05 17:00:00,Clothing,76.32,PayPal,45.0,0
TXN-13738,CUST-783,2023-06-05 18:00:00,Clothing,132.69,PayPal,34.0,0
TXN-13739,CUST-872,2023-06-05 19:00:00,Electronics,163.06,Credit Card,,0
TXN-13740,CUST-300,2023-06-05 20:00:00,Books,137.93,Debit Card,25.0,0
TXN-13741,CUST-500,2023-06-05 21:00:00,Home & Kitchen,91.95,PayPal,18.0,0
TXN-13742,CUST-802,2023-06-05 22:00:00,Home & Kitchen,107.24,Debit Card,25.0,0
TXN-13743,CUST-373,2023-06-05 23:00:00,Clothing,64.29,PayPal,18.0,1
TXN-13744,CUST-561,2023-06-06 00:00:00,Beauty,67.35,Credit Card,45.0,0
TXN-13745,CUST-140,2023-06-06 01:00:00,Clothing,153.84,Debit Card,52.0,0
TXN-13746,CUST-367,2023-06-06 02:00:00,Electronics,177.76,Debit Card,25.0,1
TXN-13747,CUST-835,2023-06-06 03:00:00,Beauty,91.41,Credit Card,52.0,0
TXN-13748,CUST-936,2023-06-06 04:00:00,Home & Kitchen,121.92,Debit Card,25.0,0
TXN-13749,CUST-833,2023-06-06 05:00:00,Books,148.82,Credit Card,,0
TXN-13750,CUST-936,2023-06-06 06:00:00,Books,53.45,Credit Card,60.0,1
TXN-13751,CUST-665,2023-06-06 07:00:00,Electronics,78.05,UPI,25.0,0
TXN-13752,CUST-104,2023-06-06 08:00:00,Clothing,199.75,PayPal,52.0,0
TXN-13753,CUST-316,2023-06-06 09:00:00,Electronics,81.69,UPI,60.0,0
TXN-13754,CUST-842,2023-06-06 10:00:00,Books,105.53,Credit Card,34.0,1
TXN-13755,CUST-745,2023-06-06 11:00:00,Home & Kitchen,95.88,Credit Card,,0
TXN-13756,CUST-485,2023-06-06 12:00:00,Books,40.21,Debit Card,45.0,0
TXN-13757,CUST-776,2023-06-06 13:00:00,Beauty,123.31,Credit Card,34.0,1
TXN-13758,CUST-960,2023-06-06 14:00:00,Books,118.99,Credit Card,34.0,1
TXN-13759,CUST-895,2023-06-06 15:00:00,Books,127.23,Credit Card,25.0,1
TXN-13760,CUST-259,2023-06-06 16:00:00,Beauty,116.62,PayPal,45.0,0
TXN-13761,CUST-938,2023-06-06 17:00:00,Clothing,101.61,UPI,,0
TXN-13762,CUST-388,2023-06-06 18:00:00,Books,99.31,UPI,60.0,0
TXN-13763,CUST-591,2023-06-06 19:00:00,Electronics,99.99,PayPal,25.0,0
TXN-13764,CUST-445,2023-06-06 20:00:00,Books,80.45,PayPal,18.0,1
TXN-13765,CUST-373,2023-06-06 21:00:00,Electronics,86.65,PayPal,25.0,1
TXN-13766,CUST-291,2023-06-06 22:00:00,Beauty,81.12,UPI,60.0,0
TXN-13767,CUST-763,2023-06-06 23:00:00,Books,142.94,UPI,52.0,0
TXN-13768,CUST-970,2023-06-07 00:00:00,Beauty,132.24,Credit Card,,0
TXN-13769,CUST-554,2023-06-07 01:00:00,Beauty,121.09,UPI,,0
TXN-13770,CUST-373,2023-06-07 02:00:00,Clothing,197.69,Debit Card,25.0,0
TXN-13771,CUST-673,2023-06-07 03:00:00,Books,82.97,UPI,18.0,0
TXN-13772,CUST-783,2023-06-07 04:00:00,Electronics,164.75,PayPal,25.0,0
TXN-13773,CUST-662,2023-06-07 05:00:00,Electronics,109.6,UPI,60.0,1
TXN-13774,CUST-655,2023-06-07 06:00:00,Books,126.29,Credit Card,,0
TXN-13775,CUST-478,2023-06-07 07:00:00,Clothing,146.85,UPI,18.0,0
TXN-13776,CUST-437,2023-06-07 08:00:00,Clothing,100.9,PayPal,45.0,1
TXN-13777,CUST-842,2023-06-07 09:00:00,Clothing,77.73,Debit Card,60.0,0
TXN-13778,CUST-485,2023-06-07 10:00:00,Electronics,84.33,PayPal,,0
TXN-13779,CUST-259,2023-06-07 11:00:00,Beauty,35.75,Debit Card,25.0,0
TXN-13780,CUST-848,2023-06-07 12:00:00,Clothing,144.27,Credit Card,,1
TXN-13781,CUST-343,2023-06-07 13:00:00,Electronics,143.31,Credit Card,18.0,0
TXN-13782,CUST-132,2023-06-07 14:00:00,Electronics,183.35,UPI,60.0,1
TXN-13783,CUST-954,2023-06-07 15:00:00,Beauty,136.6,Credit Card,45.0,0
TXN-13784,CUST-666,2023-06-07 16:00:00,Books,146.21,Credit Card,52.0,1
TXN-13785,CUST-332,2023-06-07 17:00:00,Books,116.74,PayPal,34.0,0
TXN-13786,CUST-891,2023-06-07 18:00:00,Clothing,138.6,PayPal,18.0,0
TXN-13787,CUST-497,2023-06-07 19:00:00,Clothing,163.58,UPI,52.0,1
TXN-13788,CUST-104,2023-06-07 20:00:00,Beauty,127.26,UPI,45.0,0
TXN-13789,CUST-558,2023-06-07 21:00:00,Clothing,99.15,UPI,52.0,1
TXN-13790,CUST-677,2023-06-07 22:00:00,Beauty,111.19,UPI,25.0,1
TXN-13791,CUST-866,2023-06-07 23:00:00,Electronics,150.07,PayPal,34.0,0
TXN-13792,CUST-506,2023-06-08 00:00:00,Clothing,100.35,UPI,18.0,0
TXN-13793,CUST-904,2023-06-08 01:00:00,Electronics,155.56,UPI,60.0,0
TXN-13794,CUST-584,2023-06-08 02:00:00,Home & Kitchen,196.34,Credit Card,,0
TXN-13795,CUST-963,2023-06-08 03:00:00,Beauty,156.06,UPI,45.0,0
TXN-13796,CUST-719,2023-06-08 04:00:00,Home & Kitchen,149.89,Debit Card,34.0,1
TXN-13797,CUST-527,2023-06-08 05:00:00,Clothing,133.91,Credit Card,45.0,0
TXN-13798,CUST-829,2023-06-08 06:00:00,Electronics,88.93,PayPal,,0
TXN-13799,CUST-598,2023-06-08 07:00:00,Clothing,85.3,Debit Card,52.0,0
TXN-13800,CUST-940,2023-06-08 08:00:00,Home & Kitchen,84.9,UPI,45.0,0
TXN-13801,CUST-963,2023-06-08 09:00:00,Clothing,142.19,Credit Card,45.0,1
TXN-13802,CUST-415,2023-06-08 10:00:00,Books,104.42,UPI,52.0,0
TXN-13803,CUST-724,2023-06-08 11:00:00,Home & Kitchen,118.84,Credit Card,52.0,0
TXN-13804,CUST-270,2023-06-08 12:00:00,Clothing,136.75,UPI,,0
TXN-13805,CUST-140,2023-06-08 13:00:00,Electronics,86.38,Debit Card,34.0,0
TXN-13806,CUST-351,2023-06-08 14:00:00,Clothing,99.92,PayPal,18.0,0
TXN-13807,CUST-430,2023-06-08 15:00:00,Electronics,132.92,Debit Card,52.0,0
TXN-13808,CUST-473,2023-06-08 16:00:00,Books,108.37,Debit Card,34.0,0
TXN-13809,CUST-127,2023-06-08 17:00:00,Clothing,112.1,PayPal,,0
TXN-13810,CUST-829,2023-06-08 18:00:00,Books,78.69,Credit Card,45.0,0
TXN-13811,CUST-330,2023-06-08 19:00:00,Home & Kitchen,112.64,Credit Card,45.0,0
TXN-13812,CUST-152,2023-06-08 20:00:00,Electronics,186.09,PayPal,60.0,0
TXN-13813,CUST-940,2023-06-08 21:00:00,Home & Kitchen,102.15,UPI,25.0,0
TXN-13814,CUST-575,2023-06-08 22:00:00,Electronics,74.12,Credit Card,52.0,0
TXN-13815,CUST-745,2023-06-08 23:00:00,Books,158.33,Debit Card,,0
TXN-13816,CUST-954,2023-06-09 00:00:00,Beauty,140.93,PayPal,34.0,0
TXN-13817,CUST-851,2023-06-09 01:00:00,Clothing,128.5,Debit Card,60.0,0
TXN-13818,CUST-592,2023-06-09 02:00:00,Books,67.25,Credit Card,34.0,0
TXN-13819,CUST-230,2023-06-09 03:00:00,Electronics,72.94,PayPal,18.0,0
TXN-13820,CUST-484,2023-06-09 04:00:00,Electronics,58.51,PayPal,60.0,0
TXN-13821,CUST-104,2023-06-09 05:00:00,Electronics,137.26,Credit Card,,1
TXN-13822,CUST-162,2023-06-09 06:00:00,Electronics,160.79,Credit Card,34.0,0
TXN-13823,CUST-198,2023-06-09 07:00:00,Clothing,138.61,PayPal,52.0,0
TXN-13824,CUST-340,2023-06-09 08:00:00,Home & Kitchen,198.0,UPI,34.0,0
TXN-13825,CUST-576,2023-06-09 09:00:00,Beauty,102.32,PayPal,25.0,1
TXN-13826,CUST-655,2023-06-09 10:00:00,Clothing,107.05,UPI,45.0,0
TXN-13827,CUST-430,2023-06-09 11:00:00,Electronics,124.26,Debit Card,45.0,1
TXN-13828,CUST-709,2023-06-09 12:00:00,Clothing,110.82,UPI,60.0,0
TXN-13829,CUST-809,2023-06-09 13:00:00,Books,139.95,UPI,34.0,0
TXN-13830,CUST-983,2023-06-09 14:00:00,Electronics,94.42,Credit Card,34.0,0
TXN-13831,CUST-513,2023-06-09 15:00:00,Beauty,64.21,PayPal,34.0,0
TXN-13832,CUST-527,2023-06-09 16:00:00,Electronics,48.43,Debit Card,34.0,1
TXN-13833,CUST-300,2023-06-09 17:00:00,Beauty,139.22,PayPal,25.0,1
TXN-13834,CUST-147,2023-06-09 18:00:00,Beauty,98.96,UPI,52.0,0
TXN-13835,CUST-879,2023-06-09 19:00:00,Home & Kitchen,73.22,UPI,25.0,0
TXN-13836,CUST-120,2023-06-09 20:00:00,Home & Kitchen,95.24,UPI,,1
TXN-13837,CUST-291,2023-06-09 21:00:00,Clothing,198.1,PayPal,,0
TXN-13838,CUST-851,2023-06-09 22:00:00,Clothing,75.56,UPI,25.0,0
TXN-13839,CUST-127,2023-06-09 23:00:00,Beauty,149.09,PayPal,25.0,0
TXN-13840,CUST-228,2023-06-10 00:00:00,Electronics,136.84,Debit Card,45.0,0
TXN-13841,CUST-287,2023-06-10 01:00:00,Books,173.66,Debit Card,,1
TXN-13842,CUST-127,2023-06-10 02:00:00,Books,115.08,PayPal,25.0,0
TXN-13843,CUST-776,2023-06-10 03:00:00,Electronics,57.59,Debit Card,34.0,0
TXN-13844,CUST-800,2023-06-10 04:00:00,Electronics,159.7,Credit Card,25.0,1
TXN-13845,CUST-882,2023-06-10 05:00:00,Home & Kitchen,110.01,UPI,34.0,0
TXN-13846,CUST-783,2023-06-10 06:00:00,Books,170.98,UPI,60.0,0
TXN-13847,CUST-904,2023-06-10 07:00:00,Beauty,152.64,UPI,,1
TXN-13848,CUST-674,2023-06-10 08:00:00,Clothing,159.83,Credit Card,52.0,0
TXN-13849,CUST-739,2023-06-10 09:00:00,Home & Kitchen,214.74,UPI,45.0,0
TXN-13850,CUST-871,2023-06-10 10:00:00,Books,131.28,PayPal,52.0,0
TXN-13851,CUST-485,2023-06-10 11:00:00,Electronics,177.71,UPI,60.0,0
TXN-13852,CUST-466,2023-06-10 12:00:00,Books,103.81,PayPal,52.0,0
TXN-13853,CUST-560,2023-06-10 13:00:00,Beauty,141.63,Debit Card,45.0,0
TXN-13854,CUST-439,2023-06-10 14:00:00,Home & Kitchen,99.91,PayPal,34.0,0
TXN-13855,CUST-709,2023-06-10 15:00:00,Electronics,139.17,PayPal,60.0,0
TXN-13856,CUST-417,2023-06-10 16:00:00,Beauty,134.99,PayPal,60.0,0
TXN-13857,CUST-783,2023-06-10 17:00:00,Clothing,37.58,UPI,34.0,1
TXN-13858,CUST-476,2023-06-10 18:00:00,Home & Kitchen,95.53,Credit Card,34.0,0
TXN-13859,CUST-140,2023-06-10 19:00:00,Beauty,129.21,Credit Card,45.0,0
TXN-13860,CUST-101,2023-06-10 20:00:00,Beauty,29.7,PayPal,,1
TXN-13861,CUST-745,2023-06-10 21:00:00,Electronics,116.17,UPI,25.0,0
TXN-13862,CUST-261,2023-06-10 22:00:00,Clothing,160.34,Credit Card,,0
TXN-13863,CUST-484,2023-06-10 23:00:00,Beauty,172.01,Debit Card,18.0,0
TXN-13864,CUST-783,2023-06-11 00:00:00,Home & Kitchen,88.7,Debit Card,25.0,0
TXN-13865,CUST-555,2023-06-11 01:00:00,Beauty,174.58,UPI,,0
TXN-13866,CUST-140,2023-06-11 02:00:00,Books,168.32,Debit Card,25.0,1
TXN-13867,CUST-954,2023-06-11 03:00:00,Home & Kitchen,34.08,Debit Card,52.0,1
TXN-13868,CUST-737,2023-06-11 04:00:00,Home & Kitchen,124.63,Debit Card,18.0,0
TXN-13869,CUST-415,2023-06-11 05:00:00,Beauty,129.06,Credit Card,34.0,1
TXN-13870,CUST-708,2023-06-11 06:00:00,Electronics,180.75,Debit Card,25.0,0
TXN-13871,CUST-566,2023-06-11 07:00:00,Home & Kitchen,131.46,PayPal,,0
TXN-13872,CUST-962,2023-06-11 08:00:00,Books,175.75,PayPal,45.0,0
TXN-13873,CUST-439,2023-06-11 09:00:00,Electronics,88.77,Debit Card,25.0,0
TXN-13874,CUST-120,2023-06-11 10:00:00,Electronics,56.08,PayPal,34.0,0
TXN-13875,CUST-379,2023-06-11 11:00:00,Electronics,94.09,Credit Card,,1
TXN-13876,CUST-541,2023-06-11 12:00:00,Home & Kitchen,183.08,UPI,25.0,1
TXN-13877,CUST-783,2023-06-11 13:00:00,Electronics,157.04,PayPal,60.0,0
TXN-13878,CUST-666,2023-06-11 14:00:00,Beauty,212.9,Debit Card,52.0,0
TXN-13879,CUST-605,2023-06-11 15:00:00,Electronics,62.27,UPI,52.0,0
TXN-13880,CUST-931,2023-06-11 16:00:00,Books,161.65,UPI,25.0,1
TXN-13881,CUST-484,2023-06-11 17:00:00,Clothing,150.19,Debit Card,52.0,0
TXN-13882,CUST-101,2023-06-11 18:00:00,Books,108.59,PayPal,45.0,0
TXN-13883,CUST-709,2023-06-11 19:00:00,Home & Kitchen,151.04,Credit Card,18.0,1
TXN-13884,CUST-620,2023-06-11 20:00:00,Electronics,125.6,PayPal,25.0,0
TXN-13885,CUST-851,2023-06-11 21:00:00,Electronics,138.41,PayPal,45.0,0
TXN-13886,CUST-191,2023-06-11 22:00:00,Beauty,147.22,Credit Card,60.0,0
TXN-13887,CUST-851,2023-06-11 23:00:00,Electronics,159.2,UPI,45.0,0
TXN-13888,CUST-324,2023-06-12 00:00:00,Books,123.47,Credit Card,45.0,0
TXN-13889,CUST-918,2023-06-12 01:00:00,Home & Kitchen,191.09,Credit Card,60.0,0
TXN-13890,CUST-437,2023-06-12 02:00:00,Clothing,111.37,Debit Card,34.0,0
TXN-13891,CUST-754,2023-06-12 03:00:00,Electronics,195.35,Debit Card,25.0,0
TXN-13892,CUST-829,2023-06-12 04:00:00,Clothing,74.89,PayPal,25.0,0
TXN-13893,CUST-918,2023-06-12 05:00:00,Electronics,80.6,Debit Card,25.0,0
TXN-13894,CUST-266,2023-06-12 06:00:00,Home & Kitchen,82.94,Credit Card,18.0,0
TXN-13895,CUST-388,2023-06-12 07:00:00,Books,158.27,Credit Card,45.0,1
TXN-13896,CUST-574,2023-06-12 08:00:00,Home & Kitchen,87.78,Debit Card,25.0,0
TXN-13897,CUST-485,2023-06-12 09:00:00,Clothing,179.61,Debit Card,52.0,0
TXN-13898,CUST-975,2023-06-12 10:00:00,Electronics,98.94,Debit Card,34.0,0
TXN-13899,CUST-938,2023-06-12 11:00:00,Clothing,135.97,Credit Card,60.0,0
TXN-13900,CUST-430,2023-06-12 12:00:00,Books,145.6,UPI,60.0,0
TXN-13901,CUST-847,2023-06-12 13:00:00,Home & Kitchen,79.37,UPI,18.0,1
TXN-13902,CUST-555,2023-06-12 14:00:00,Clothing,64.37,Debit Card,,0
TXN-13903,CUST-935,2023-06-12 15:00:00,Clothing,131.32,PayPal,60.0,1
TXN-13904,CUST-665,2023-06-12 16:00:00,Books,108.91,PayPal,34.0,0
TXN-13905,CUST-370,2023-06-12 17:00:00,Electronics,139.94,UPI,,0
TXN-13906,CUST-476,2023-06-12 18:00:00,Clothing,66.17,Debit Card,45.0,1
TXN-13907,CUST-104,2023-06-12 19:00:00,Books,105.73,Credit Card,60.0,0
TXN-13908,CUST-771,2023-06-12 20:00:00,Electronics,112.73,PayPal,,0
TXN-13909,CUST-571,2023-06-12 21:00:00,Electronics,22.5,PayPal,,0
TXN-13910,CUST-260,2023-06-12 22:00:00,Home & Kitchen,159.82,Credit Card,60.0,0
TXN-13911,CUST-566,2023-06-12 23:00:00,Books,89.7,Credit Card,52.0,0
TXN-13912,CUST-301,2023-06-13 00:00:00,Electronics,179.97,Debit Card,45.0,1
TXN-13913,CUST-330,2023-06-13 01:00:00,Home & Kitchen,92.29,Credit Card,25.0,0
TXN-13914,CUST-754,2023-06-13 02:00:00,Beauty,99.15,Credit Card,34.0,1
TXN-13915,CUST-319,2023-06-13 03:00:00,Books,70.32,Credit Card,60.0,0
TXN-13916,CUST-228,2023-06-13 04:00:00,Beauty,165.86,UPI,52.0,0
TXN-13917,CUST-333,2023-06-13 05:00:00,Electronics,138.17,Credit Card,34.0,0
TXN-13918,CUST-152,2023-06-13 06:00:00,Books,176.01,PayPal,,0
TXN-13919,CUST-234,2023-06-13 07:00:00,Home & Kitchen,111.71,Debit Card,18.0,0
TXN-13920,CUST-113,2023-06-13 08:00:00,Electronics,118.33,Debit Card,52.0,0
TXN-13921,CUST-791,2023-06-13 09:00:00,Books,52.72,Debit Card,,1
TXN-13922,CUST-476,2023-06-13 10:00:00,Books,95.04,UPI,18.0,0
TXN-13923,CUST-395,2023-06-13 11:00:00,Beauty,126.82,PayPal,60.0,0
TXN-13924,CUST-674,2023-06-13 12:00:00,Electronics,135.49,Credit Card,52.0,0
TXN-13925,CUST-340,2023-06-13 13:00:00,Home & Kitchen,192.96,PayPal,25.0,1
TXN-13926,CUST-727,2023-06-13 14:00:00,Home & Kitchen,45.96,Debit Card,,0
TXN-13927,CUST-741,2023-06-13 15:00:00,Electronics,129.18,Credit Card,34.0,1
TXN-13928,CUST-771,2023-06-13 16:00:00,Electronics,104.95,Debit Card,34.0,0
TXN-13929,CUST-921,2023-06-13 17:00:00,Clothing,123.02,Debit Card,,0
TXN-13930,CUST-957,2023-06-13 18:00:00,Beauty,124.11,Debit Card,,1
TXN-13931,CUST-971,2023-06-13 19:00:00,Electronics,112.35,PayPal,45.0,0
TXN-13932,CUST-395,2023-06-13 20:00:00,Electronics,74.68,PayPal,52.0,1
TXN-13933,CUST-484,2023-06-13 21:00:00,Clothing,67.25,Debit Card,52.0,0
TXN-13934,CUST-317,2023-06-13 22:00:00,Clothing,109.4,Debit Card,,0
TXN-13935,CUST-430,2023-06-13 23:00:00,Books,63.18,Credit Card,18.0,1
TXN-13936,CUST-559,2023-06-14 00:00:00,Home & Kitchen,115.48,Debit Card,52.0,0
TXN-13937,CUST-158,2023-06-14 01:00:00,Beauty,109.87,Debit Card,34.0,0
TXN-13938,CUST-879,2023-06-14 02:00:00,Books,22.0,Debit Card,52.0,0
TXN-13939,CUST-572,2023-06-14 03:00:00,Electronics,197.34,Debit Card,45.0,0
TXN-13940,CUST-330,2023-06-14 04:00:00,Clothing,123.09,PayPal,45.0,0
TXN-13941,CUST-971,2023-06-14 05:00:00,Home & Kitchen,22.5,Debit Card,,0
TXN-13942,CUST-895,2023-06-14 06:00:00,Books,129.89,UPI,34.0,1
TXN-13943,CUST-185,2023-06-14 07:00:00,Home & Kitchen,111.86,Debit Card,34.0,0
TXN-13944,CUST-660,2023-06-14 08:00:00,Clothing,67.29,PayPal,34.0,0
TXN-13945,CUST-655,2023-06-14 09:00:00,Books,132.37,UPI,52.0,1
TXN-13946,CUST-929,2023-06-14 10:00:00,Books,82.31,UPI,52.0,0
TXN-13947,CUST-844,2023-06-14 11:00:00,Home & Kitchen,127.72,Debit Card,25.0,1
TXN-13948,CUST-662,2023-06-14 12:00:00,Clothing,91.94,Debit Card,60.0,1
TXN-13949,CUST-971,2023-06-14 13:00:00,Electronics,83.78,PayPal,,0
TXN-13950,CUST-610,2023-06-14 14:00:00,Books,119.38,UPI,60.0,0
TXN-13951,CUST-624,2023-06-14 15:00:00,Electronics,55.12,UPI,18.0,0
TXN-13952,CUST-833,2023-06-14 16:00:00,Clothing,116.7,PayPal,52.0,1
TXN-13953,CUST-382,2023-06-14 17:00:00,Books,146.29,Debit Card,25.0,0
TXN-13954,CUST-458,2023-06-14 18:00:00,Books,170.82,Credit Card,25.0,0
TXN-13955,CUST-875,2023-06-14 19:00:00,Electronics,163.54,Credit Card,45.0,0
TXN-13956,CUST-584,2023-06-14 20:00:00,Beauty,174.13,UPI,52.0,1
TXN-13957,CUST-324,2023-06-14 21:00:00,Electronics,101.81,UPI,25.0,1
TXN-13958,CUST-261,2023-06-14 22:00:00,Electronics,79.01,Debit Card,45.0,1
TXN-13959,CUST-238,2023-06-14 23:00:00,Beauty,152.61,Credit Card,18.0,0
TXN-13960,CUST-574,2023-06-15 00:00:00,Clothing,99.32,UPI,45.0,0
TXN-13961,CUST-191,2023-06-15 01:00:00,Clothing,120.25,Debit Card,18.0,0
TXN-13962,CUST-346,2023-06-15 02:00:00,Books,149.87,Credit Card,60.0,0
TXN-13963,CUST-646,2023-06-15 03:00:00,Home & Kitchen,200.84,PayPal,60.0,0
TXN-13964,CUST-833,2023-06-15 04:00:00,Home & Kitchen,141.15,UPI,34.0,1
TXN-13965,CUST-848,2023-06-15 05:00:00,Books,128.2,PayPal,34.0,1
TXN-13966,CUST-256,2023-06-15 06:00:00,Home & Kitchen,75.16,Credit Card,,0
TXN-13967,CUST-289,2023-06-15 07:00:00,Electronics,166.77,Debit Card,45.0,1
TXN-13968,CUST-604,2023-06-15 08:00:00,Electronics,136.35,Debit Card,,0
TXN-13969,CUST-484,2023-06-15 09:00:00,Beauty,106.11,Credit Card,34.0,0
TXN-13970,CUST-162,2023-06-15 10:00:00,Beauty,101.98,PayPal,52.0,1
TXN-13971,CUST-918,2023-06-15 11:00:00,Books,103.73,Debit Card,45.0,1
TXN-13972,CUST-332,2023-06-15 12:00:00,Books,121.76,UPI,25.0,0
TXN-13973,CUST-727,2023-06-15 13:00:00,Books,61.64,PayPal,52.0,1
TXN-13974,CUST-895,2023-06-15 14:00:00,Electronics,168.72,PayPal,,1
TXN-13975,CUST-301,2023-06-15 15:00:00,Home & Kitchen,161.39,UPI,45.0,0
TXN-13976,CUST-342,2023-06-15 16:00:00,Books,113.3,Credit Card,,0
TXN-13977,CUST-791,2023-06-15 17:00:00,Books,103.81,Debit Card,60.0,0
TXN-13978,CUST-191,2023-06-15 18:00:00,Electronics,119.07,PayPal,18.0,1
TXN-13979,CUST-663,2023-06-15 19:00:00,Electronics,125.86,Debit Card,,0
TXN-13980,CUST-171,2023-06-15 20:00:00,Electronics,108.0,Debit Card,34.0,0
TXN-13981,CUST-673,2023-06-15 21:00:00,Home & Kitchen,159.96,PayPal,34.0,0
TXN-13982,CUST-559,2023-06-15 22:00:00,Books,63.04,Credit Card,34.0,0
TXN-13983,CUST-915,2023-06-15 23:00:00,Clothing,91.52,PayPal,45.0,0
TXN-13984,CUST-485,2023-06-16 00:00:00,Clothing,151.01,Credit Card,52.0,0
TXN-13985,CUST-833,2023-06-16 01:00:00,Books,132.97,UPI,18.0,1
TXN-13986,CUST-608,2023-06-16 02:00:00,Books,92.82,Credit Card,34.0,0
TXN-13987,CUST-653,2023-06-16 03:00:00,Books,136.02,Credit Card,52.0,1
TXN-13988,CUST-500,2023-06-16 04:00:00,Books,88.28,PayPal,,1
TXN-13989,CUST-906,2023-06-16 05:00:00,Home & Kitchen,107.6,Debit Card,25.0,1
TXN-13990,CUST-330,2023-06-16 06:00:00,Clothing,161.75,Debit Card,60.0,1
TXN-13991,CUST-443,2023-06-16 07:00:00,Beauty,157.32,Credit Card,25.0,1
TXN-13992,CUST-500,2023-06-16 08:00:00,Clothing,131.53,Credit Card,18.0,0
TXN-13993,CUST-609,2023-06-16 09:00:00,Clothing,77.95,PayPal,34.0,0
TXN-13994,CUST-897,2023-06-16 10:00:00,Electronics,104.89,Credit Card,25.0,0
TXN-13995,CUST-596,2023-06-16 11:00:00,Books,123.86,PayPal,60.0,0
TXN-13996,CUST-101,2023-06-16 12:00:00,Books,178.22,UPI,52.0,0
TXN-13997,CUST-430,2023-06-16 13:00:00,Books,48.71,Credit Card,52.0,0
TXN-13998,CUST-882,2023-06-16 14:00:00,Electronics,85.11,UPI,25.0,0
TXN-13999,CUST-443,2023-06-16 15:00:00,Home & Kitchen,165.14,Credit Card,,0
TXN-14000,CUST-316,2023-06-16 16:00:00,Home & Kitchen,174.41,Credit Card,,0
TXN-14001,CUST-783,2023-06-16 17:00:00,Beauty,117.21,UPI,34.0,1
TXN-14002,CUST-656,2023-06-16 18:00:00,Home & Kitchen,181.54,UPI,60.0,0
TXN-14003,CUST-737,2023-06-16 19:00:00,Home & Kitchen,90.67,PayPal,18.0,0
TXN-14004,CUST-120,2023-06-16 20:00:00,Books,59.63,PayPal,34.0,0
TXN-14005,CUST-330,2023-06-16 21:00:00,Clothing,151.61,UPI,45.0,0
TXN-14006,CUST-848,2023-06-16 22:00:00,Home & Kitchen,171.79,Credit Card,25.0,1
TXN-14007,CUST-809,2023-06-16 23:00:00,Home & Kitchen,171.12,PayPal,45.0,0
TXN-14008,CUST-306,2023-06-17 00:00:00,Electronics,85.46,Credit Card,25.0,0
TXN-14009,CUST-101,2023-06-17 01:00:00,Beauty,127.98,Debit Card,18.0,1
TXN-14010,CUST-978,2023-06-17 02:00:00,Electronics,153.59,PayPal,34.0,0
TXN-14011,CUST-833,2023-06-17 03:00:00,Books,132.04,PayPal,60.0,1
TXN-14012,CUST-835,2023-06-17 04:00:00,Clothing,177.85,PayPal,,0
TXN-14013,CUST-458,2023-06-17 05:00:00,Beauty,103.8,Debit Card,,0
TXN-14014,CUST-198,2023-06-17 06:00:00,Electronics,117.18,UPI,34.0,0
TXN-14015,CUST-506,2023-06-17 07:00:00,Home & Kitchen,129.45,Credit Card,25.0,0
TXN-14016,CUST-502,2023-06-17 08:00:00,Home & Kitchen,153.3,Debit Card,,0
TXN-14017,CUST-535,2023-06-17 09:00:00,Beauty,112.22,UPI,52.0,0
TXN-14018,CUST-332,2023-06-17 10:00:00,Home & Kitchen,157.1,PayPal,45.0,1
TXN-14019,CUST-719,2023-06-17 11:00:00,Electronics,184.18,UPI,60.0,0
TXN-14020,CUST-222,2023-06-17 12:00:00,Electronics,99.28,UPI,60.0,0
TXN-14021,CUST-430,2023-06-17 13:00:00,Home & Kitchen,113.41,UPI,,0
TXN-14022,CUST-301,2023-06-17 14:00:00,Home & Kitchen,158.71,Credit Card,34.0,1
TXN-14023,CUST-324,2023-06-17 15:00:00,Books,197.1,UPI,34.0,0
TXN-14024,CUST-333,2023-06-17 16:00:00,Clothing,145.44,UPI,25.0,0
TXN-14025,CUST-655,2023-06-17 17:00:00,Beauty,88.55,UPI,52.0,0
TXN-14026,CUST-835,2023-06-17 18:00:00,Electronics,127.93,UPI,45.0,0
TXN-14027,CUST-970,2023-06-17 19:00:00,Beauty,158.41,Debit Card,52.0,0
TXN-14028,CUST-655,2023-06-17 20:00:00,Books,87.5,Debit Card,60.0,1
TXN-14029,CUST-132,2023-06-17 21:00:00,Electronics,76.86,UPI,52.0,0
TXN-14030,CUST-152,2023-06-17 22:00:00,Books,106.2,UPI,,0
TXN-14031,CUST-584,2023-06-17 23:00:00,Books,146.39,UPI,25.0,0
TXN-14032,CUST-287,2023-06-18 00:00:00,Home & Kitchen,65.23,PayPal,52.0,0
TXN-14033,CUST-140,2023-06-18 01:00:00,Beauty,92.28,UPI,45.0,0
TXN-14034,CUST-185,2023-06-18 02:00:00,Beauty,130.95,UPI,60.0,1
TXN-14035,CUST-790,2023-06-18 03:00:00,Home & Kitchen,163.62,Debit Card,18.0,0
TXN-14036,CUST-895,2023-06-18 04:00:00,Beauty,131.61,Debit Card,60.0,1
TXN-14037,CUST-604,2023-06-18 05:00:00,Home & Kitchen,134.99,Debit Card,18.0,0
TXN-14038,CUST-790,2023-06-18 06:00:00,Electronics,160.2,Credit Card,45.0,0
TXN-14039,CUST-518,2023-06-18 07:00:00,Books,183.89,PayPal,60.0,0
TXN-14040,CUST-963,2023-06-18 08:00:00,Books,179.42,UPI,60.0,0
TXN-14041,CUST-202,2023-06-18 09:00:00,Beauty,38.35,Debit Card,60.0,0
TXN-14042,CUST-799,2023-06-18 10:00:00,Clothing,123.92,Credit Card,60.0,1
TXN-14043,CUST-844,2023-06-18 11:00:00,Books,156.5,UPI,25.0,0
TXN-14044,CUST-962,2023-06-18 12:00:00,Home & Kitchen,187.99,UPI,34.0,0
TXN-14045,CUST-895,2023-06-18 13:00:00,Clothing,145.64,Debit Card,60.0,0
TXN-14046,CUST-741,2023-06-18 14:00:00,Clothing,85.63,UPI,25.0,1
TXN-14047,CUST-866,2023-06-18 15:00:00,Books,90.92,UPI,45.0,1
TXN-14048,CUST-484,2023-06-18 16:00:00,Books,92.04,UPI,60.0,0
TXN-14049,CUST-872,2023-06-18 17:00:00,Books,132.3,Debit Card,52.0,0
TXN-14050,CUST-918,2023-06-18 18:00:00,Home & Kitchen,100.81,Credit Card,60.0,0
TXN-14051,CUST-191,2023-06-18 19:00:00,Clothing,-1.79,UPI,,1
TXN-14052,CUST-904,2023-06-18 20:00:00,Beauty,72.87,Credit Card,60.0,0
TXN-14053,CUST-330,2023-06-18 21:00:00,Home & Kitchen,102.23,UPI,18.0,0
TXN-14054,CUST-954,2023-06-18 22:00:00,Electronics,65.5,Debit Card,52.0,1
TXN-14055,CUST-824,2023-06-18 23:00:00,Books,71.46,Credit Card,60.0,0
TXN-14056,CUST-510,2023-06-19 00:00:00,Clothing,202.04,Debit Card,60.0,0
TXN-14057,CUST-781,2023-06-19 01:00:00,Home & Kitchen,119.66,PayPal,60.0,0
TXN-14058,CUST-330,2023-06-19 02:00:00,Electronics,104.56,UPI,25.0,0
TXN-14059,CUST-478,2023-06-19 03:00:00,Home & Kitchen,146.69,PayPal,45.0,1
TXN-14060,CUST-826,2023-06-19 04:00:00,Home & Kitchen,165.84,PayPal,18.0,0
TXN-14061,CUST-970,2023-06-19 05:00:00,Beauty,209.62,PayPal,60.0,1
TXN-14062,CUST-737,2023-06-19 06:00:00,Beauty,188.21,UPI,45.0,0
TXN-14063,CUST-324,2023-06-19 07:00:00,Home & Kitchen,137.39,Debit Card,18.0,1
TXN-14064,CUST-897,2023-06-19 08:00:00,Electronics,58.69,PayPal,18.0,0
TXN-14065,CUST-918,2023-06-19 09:00:00,Clothing,79.9,Credit Card,,0
TXN-14066,CUST-561,2023-06-19 10:00:00,Clothing,103.93,UPI,18.0,1
TXN-14067,CUST-754,2023-06-19 11:00:00,Books,140.26,Debit Card,60.0,0
TXN-14068,CUST-342,2023-06-19 12:00:00,Books,123.77,Debit Card,25.0,0
TXN-14069,CUST-748,2023-06-19 13:00:00,Clothing,61.08,PayPal,60.0,0
TXN-14070,CUST-844,2023-06-19 14:00:00,Home & Kitchen,53.93,UPI,60.0,0
TXN-14071,CUST-478,2023-06-19 15:00:00,Home & Kitchen,130.36,PayPal,45.0,0
TXN-14072,CUST-132,2023-06-19 16:00:00,Beauty,124.8,Credit Card,34.0,1
TXN-14073,CUST-863,2023-06-19 17:00:00,Beauty,111.6,Debit Card,34.0,0
TXN-14074,CUST-700,2023-06-19 18:00:00,Books,139.32,Debit Card,,0
TXN-14075,CUST-351,2023-06-19 19:00:00,Clothing,169.87,UPI,34.0,0
TXN-14076,CUST-198,2023-06-19 20:00:00,Home & Kitchen,132.4,Debit Card,45.0,0
TXN-14077,CUST-737,2023-06-19 21:00:00,Clothing,82.33,UPI,52.0,1
TXN-14078,CUST-171,2023-06-19 22:00:00,Electronics,196.61,PayPal,,1
TXN-14079,CUST-939,2023-06-19 23:00:00,Clothing,112.95,Credit Card,45.0,0
TXN-14080,CUST-340,2023-06-20 00:00:00,Electronics,122.0,UPI,18.0,0
TXN-14081,CUST-485,2023-06-20 01:00:00,Beauty,93.85,PayPal,60.0,0
TXN-14082,CUST-660,2023-06-20 02:00:00,Beauty,77.02,Credit Card,52.0,0
TXN-14083,CUST-140,2023-06-20 03:00:00,Books,80.28,Debit Card,18.0,0
TXN-14084,CUST-709,2023-06-20 04:00:00,Clothing,71.49,Credit Card,,0
TXN-14085,CUST-707,2023-06-20 05:00:00,Clothing,-0.4,Credit Card,60.0,0
TXN-14086,CUST-445,2023-06-20 06:00:00,Electronics,113.75,Credit Card,60.0,0
TXN-14087,CUST-430,2023-06-20 07:00:00,Beauty,164.09,Debit Card,,0
TXN-14088,CUST-572,2023-06-20 08:00:00,Electronics,80.63,UPI,18.0,0
TXN-14089,CUST-653,2023-06-20 09:00:00,Beauty,222.38,UPI,45.0,1
TXN-14090,CUST-300,2023-06-20 10:00:00,Electronics,175.46,Credit Card,34.0,0
TXN-14091,CUST-742,2023-06-20 11:00:00,Beauty,119.27,PayPal,52.0,0
TXN-14092,CUST-120,2023-06-20 12:00:00,Electronics,75.56,PayPal,,0
TXN-14093,CUST-835,2023-06-20 13:00:00,Beauty,56.12,Credit Card,,1
TXN-14094,CUST-120,2023-06-20 14:00:00,Electronics,115.45,Credit Card,60.0,0
TXN-14095,CUST-866,2023-06-20 15:00:00,Clothing,122.72,PayPal,25.0,0
TXN-14096,CUST-801,2023-06-20 16:00:00,Books,111.82,Credit Card,60.0,0
TXN-14097,CUST-358,2023-06-20 17:00:00,Electronics,162.77,Credit Card,34.0,1
TXN-14098,CUST-791,2023-06-20 18:00:00,Books,179.88,UPI,60.0,1
TXN-14099,CUST-584,2023-06-20 19:00:00,Clothing,138.91,UPI,25.0,0
TXN-14100,CUST-487,2023-06-20 20:00:00,Clothing,141.06,Credit Card,,1
TXN-14101,CUST-195,2023-06-20 21:00:00,Beauty,107.38,Credit Card,45.0,0
TXN-14102,CUST-663,2023-06-20 22:00:00,Books,119.8,Debit Card,60.0,1
TXN-14103,CUST-333,2023-06-20 23:00:00,Home & Kitchen,136.47,UPI,52.0,1
TXN-14104,CUST-340,2023-06-21 00:00:00,Beauty,107.33,Credit Card,45.0,0
TXN-14105,CUST-302,2023-06-21 01:00:00,Books,146.43,Debit Card,25.0,0
TXN-14106,CUST-719,2023-06-21 02:00:00,Electronics,77.75,Debit Card,18.0,0
TXN-14107,CUST-851,2023-06-21 03:00:00,Electronics,90.71,Debit Card,60.0,0
TXN-14108,CUST-369,2023-06-21 04:00:00,Clothing,78.12,Debit Card,,0
TXN-14109,CUST-895,2023-06-21 05:00:00,Home & Kitchen,93.26,UPI,,0
TXN-14110,CUST-518,2023-06-21 06:00:00,Electronics,108.51,Debit Card,45.0,0
TXN-14111,CUST-340,2023-06-21 07:00:00,Books,161.16,UPI,60.0,1
TXN-14112,CUST-608,2023-06-21 08:00:00,Books,121.66,Debit Card,52.0,0
TXN-14113,CUST-500,2023-06-21 09:00:00,Electronics,68.63,Debit Card,60.0,0
TXN-14114,CUST-330,2023-06-21 10:00:00,Books,63.92,PayPal,45.0,0
TXN-14115,CUST-918,2023-06-21 11:00:00,Books,103.36,UPI,34.0,0
TXN-14116,CUST-591,2023-06-21 12:00:00,Clothing,153.38,PayPal,45.0,1
TXN-14117,CUST-379,2023-06-21 13:00:00,Home & Kitchen,176.12,PayPal,25.0,0
TXN-14118,CUST-876,2023-06-21 14:00:00,Clothing,56.37,Debit Card,45.0,0
TXN-14119,CUST-596,2023-06-21 15:00:00,Home & Kitchen,134.89,UPI,,1
TXN-14120,CUST-592,2023-06-21 16:00:00,Books,103.93,Credit Card,52.0,0
TXN-14121,CUST-466,2023-06-21 17:00:00,Home & Kitchen,107.03,Debit Card,45.0,1
TXN-14122,CUST-935,2023-06-21 18:00:00,Books,77.43,UPI,45.0,0
TXN-14123,CUST-221,2023-06-21 19:00:00,Books,111.2,PayPal,52.0,1
TXN-14124,CUST-655,2023-06-21 20:00:00,Clothing,75.63,UPI,45.0,0
TXN-14125,CUST-506,2023-06-21 21:00:00,Clothing,109.37,Debit Card,,1
TXN-14126,CUST-206,2023-06-21 22:00:00,Beauty,165.93,UPI,52.0,0
TXN-14127,CUST-135,2023-06-21 23:00:00,Electronics,145.25,PayPal,,0
TXN-14128,CUST-538,2023-06-22 00:00:00,Beauty,196.55,UPI,,1
TXN-14129,CUST-891,2023-06-22 01:00:00,Beauty,141.05,UPI,,0
TXN-14130,CUST-484,2023-06-22 02:00:00,Home & Kitchen,126.98,PayPal,25.0,1
TXN-14131,CUST-561,2023-06-22 03:00:00,Books,142.12,Debit Card,52.0,0
TXN-14132,CUST-801,2023-06-22 04:00:00,Books,88.97,Credit Card,25.0,0
TXN-14133,CUST-674,2023-06-22 05:00:00,Books,36.56,PayPal,25.0,0
TXN-14134,CUST-799,2023-06-22 06:00:00,Electronics,151.85,PayPal,52.0,1
TXN-14135,CUST-935,2023-06-22 07:00:00,Home & Kitchen,48.19,Debit Card,45.0,1
TXN-14136,CUST-114,2023-06-22 08:00:00,Home & Kitchen,164.86,Debit Card,60.0,0
TXN-14137,CUST-712,2023-06-22 09:00:00,Books,150.03,UPI,34.0,0
TXN-14138,CUST-872,2023-06-22 10:00:00,Beauty,86.02,PayPal,60.0,0
TXN-14139,CUST-238,2023-06-22 11:00:00,Electronics,102.56,UPI,,0
TXN-14140,CUST-205,2023-06-22 12:00:00,Beauty,119.54,UPI,52.0,0
TXN-14141,CUST-957,2023-06-22 13:00:00,Clothing,83.11,Debit Card,45.0,1
TXN-14142,CUST-842,2023-06-22 14:00:00,Home & Kitchen,141.62,Debit Card,25.0,1
TXN-14143,CUST-747,2023-06-22 15:00:00,Home & Kitchen,145.15,UPI,18.0,1
TXN-14144,CUST-332,2023-06-22 16:00:00,Beauty,62.28,PayPal,34.0,0
TXN-14145,CUST-921,2023-06-22 17:00:00,Electronics,87.08,PayPal,60.0,0
TXN-14146,CUST-341,2023-06-22 18:00:00,Home & Kitchen,118.53,UPI,45.0,1
TXN-14147,CUST-971,2023-06-22 19:00:00,Beauty,165.62,Credit Card,,1
TXN-14148,CUST-132,2023-06-22 20:00:00,Electronics,146.09,Credit Card,34.0,0
TXN-14149,CUST-287,2023-06-22 21:00:00,Beauty,26.76,Debit Card,,0
TXN-14150,CUST-430,2023-06-22 22:00:00,Electronics,108.32,PayPal,18.0,0
TXN-14151,CUST-297,2023-06-22 23:00:00,Books,138.91,UPI,18.0,0
TXN-14152,CUST-367,2023-06-23 00:00:00,Electronics,88.0,UPI,18.0,0
TXN-14153,CUST-140,2023-06-23 01:00:00,Clothing,84.9,PayPal,60.0,0
TXN-14154,CUST-596,2023-06-23 02:00:00,Books,90.12,Debit Card,,0
TXN-14155,CUST-591,2023-06-23 03:00:00,Beauty,107.68,Debit Card,52.0,1
TXN-14156,CUST-829,2023-06-23 04:00:00,Books,80.84,Credit Card,34.0,0
TXN-14157,CUST-997,2023-06-23 05:00:00,Books,146.4,PayPal,52.0,0
TXN-14158,CUST-891,2023-06-23 06:00:00,Beauty,85.57,PayPal,,1
TXN-14159,CUST-152,2023-06-23 07:00:00,Beauty,78.55,UPI,18.0,0
TXN-14160,CUST-802,2023-06-23 08:00:00,Clothing,104.05,PayPal,45.0,1
TXN-14161,CUST-971,2023-06-23 09:00:00,Beauty,179.16,Credit Card,18.0,0
TXN-14162,CUST-132,2023-06-23 10:00:00,Home & Kitchen,141.01,PayPal,52.0,1
TXN-14163,CUST-844,2023-06-23 11:00:00,Home & Kitchen,143.55,UPI,18.0,0
TXN-14164,CUST-430,2023-06-23 12:00:00,Clothing,131.45,Credit Card,,0
TXN-14165,CUST-602,2023-06-23 13:00:00,Electronics,82.12,UPI,18.0,0
TXN-14166,CUST-754,2023-06-23 14:00:00,Electronics,94.4,PayPal,52.0,1
TXN-14167,CUST-158,2023-06-23 15:00:00,Home & Kitchen,87.6,Debit Card,52.0,0
TXN-14168,CUST-473,2023-06-23 16:00:00,Beauty,163.66,PayPal,,0
TXN-14169,CUST-388,2023-06-23 17:00:00,Clothing,131.81,PayPal,45.0,0
TXN-14170,CUST-790,2023-06-23 18:00:00,Electronics,53.31,UPI,52.0,0
TXN-14171,CUST-342,2023-06-23 19:00:00,Electronics,178.11,Debit Card,,0
TXN-14172,CUST-677,2023-06-23 20:00:00,Books,106.72,PayPal,45.0,0
TXN-14173,CUST-373,2023-06-23 21:00:00,Home & Kitchen,146.14,Credit Card,25.0,0
TXN-14174,CUST-754,2023-06-23 22:00:00,Beauty,162.09,Credit Card,,0
TXN-14175,CUST-206,2023-06-23 23:00:00,Clothing,17.52,UPI,25.0,0
TXN-14176,CUST-918,2023-06-24 00:00:00,Electronics,138.18,UPI,52.0,1
TXN-14177,CUST-674,2023-06-24 01:00:00,Books,109.9,Debit Card,18.0,0
TXN-14178,CUST-956,2023-06-24 02:00:00,Home & Kitchen,23.12,UPI,34.0,0
TXN-14179,CUST-918,2023-06-24 03:00:00,Home & Kitchen,74.7,Debit Card,18.0,0
TXN-14180,CUST-918,2023-06-24 04:00:00,Clothing,101.82,PayPal,52.0,0
TXN-14181,CUST-259,2023-06-24 05:00:00,Electronics,153.83,Credit Card,45.0,0
TXN-14182,CUST-466,2023-06-24 06:00:00,Clothing,112.95,Credit Card,,0
TXN-14183,CUST-940,2023-06-24 07:00:00,Clothing,125.92,Credit Card,18.0,1
TXN-14184,CUST-763,2023-06-24 08:00:00,Books,105.75,UPI,25.0,1
TXN-14185,CUST-535,2023-06-24 09:00:00,Home & Kitchen,163.52,UPI,60.0,0
TXN-14186,CUST-584,2023-06-24 10:00:00,Beauty,140.84,PayPal,52.0,0
TXN-14187,CUST-376,2023-06-24 11:00:00,Home & Kitchen,126.51,UPI,18.0,0
TXN-14188,CUST-665,2023-06-24 12:00:00,Home & Kitchen,74.27,Debit Card,60.0,0
TXN-14189,CUST-819,2023-06-24 13:00:00,Books,124.79,Credit Card,18.0,0
TXN-14190,CUST-576,2023-06-24 14:00:00,Beauty,231.27,PayPal,45.0,1
TXN-14191,CUST-656,2023-06-24 15:00:00,Electronics,151.81,Debit Card,45.0,0
TXN-14192,CUST-289,2023-06-24 16:00:00,Beauty,90.43,Debit Card,45.0,1
TXN-14193,CUST-655,2023-06-24 17:00:00,Electronics,194.1,UPI,60.0,0
TXN-14194,CUST-826,2023-06-24 18:00:00,Beauty,88.66,UPI,34.0,1
TXN-14195,CUST-476,2023-06-24 19:00:00,Clothing,148.57,Credit Card,60.0,0
TXN-14196,CUST-195,2023-06-24 20:00:00,Beauty,118.15,PayPal,52.0,0
TXN-14197,CUST-340,2023-06-24 21:00:00,Books,127.29,Debit Card,52.0,0
TXN-14198,CUST-712,2023-06-24 22:00:00,Electronics,128.75,UPI,25.0,1
TXN-14199,CUST-791,2023-06-24 23:00:00,Home & Kitchen,110.1,UPI,25.0,0
TXN-14200,CUST-260,2023-06-25 00:00:00,Books,104.43,PayPal,52.0,0
TXN-14201,CUST-931,2023-06-25 01:00:00,Electronics,67.33,PayPal,18.0,0
TXN-14202,CUST-608,2023-06-25 02:00:00,Electronics,75.0,UPI,52.0,0
TXN-14203,CUST-771,2023-06-25 03:00:00,Home & Kitchen,133.36,UPI,,0
TXN-14204,CUST-158,2023-06-25 04:00:00,Clothing,92.69,Credit Card,34.0,0
TXN-14205,CUST-555,2023-06-25 05:00:00,Books,83.6,PayPal,25.0,0
TXN-14206,CUST-978,2023-06-25 06:00:00,Home & Kitchen,233.09,Debit Card,25.0,1
TXN-14207,CUST-929,2023-06-25 07:00:00,Home & Kitchen,219.57,UPI,,0
TXN-14208,CUST-848,2023-06-25 08:00:00,Clothing,143.23,UPI,,1
TXN-14209,CUST-963,2023-06-25 09:00:00,Books,148.86,UPI,60.0,0
TXN-14210,CUST-127,2023-06-25 10:00:00,Home & Kitchen,87.5,UPI,,0
TXN-14211,CUST-408,2023-06-25 11:00:00,Clothing,72.59,Credit Card,25.0,0
TXN-14212,CUST-104,2023-06-25 12:00:00,Books,106.39,PayPal,52.0,0
TXN-14213,CUST-915,2023-06-25 13:00:00,Beauty,120.01,UPI,25.0,0
TXN-14214,CUST-895,2023-06-25 14:00:00,Electronics,148.52,PayPal,,0
TXN-14215,CUST-120,2023-06-25 15:00:00,Clothing,46.79,Debit Card,,0
TXN-14216,CUST-330,2023-06-25 16:00:00,Electronics,205.89,Debit Card,,1
TXN-14217,CUST-114,2023-06-25 17:00:00,Beauty,129.92,Debit Card,25.0,0
TXN-14218,CUST-737,2023-06-25 18:00:00,Home & Kitchen,57.97,Debit Card,,1
TXN-14219,CUST-199,2023-06-25 19:00:00,Home & Kitchen,126.3,PayPal,60.0,1
TXN-14220,CUST-576,2023-06-25 20:00:00,Books,83.9,Debit Card,52.0,0
TXN-14221,CUST-589,2023-06-25 21:00:00,Clothing,81.1,Debit Card,18.0,1
TXN-14222,CUST-234,2023-06-25 22:00:00,Clothing,77.5,UPI,,0
TXN-14223,CUST-104,2023-06-25 23:00:00,Books,109.74,UPI,25.0,1
TXN-14224,CUST-134,2023-06-26 00:00:00,Electronics,204.11,UPI,25.0,0
TXN-14225,CUST-798,2023-06-26 01:00:00,Home & Kitchen,123.71,Credit Card,,0
TXN-14226,CUST-561,2023-06-26 02:00:00,Home & Kitchen,147.76,UPI,25.0,0
TXN-14227,CUST-558,2023-06-26 03:00:00,Clothing,157.54,Debit Card,,1
TXN-14228,CUST-783,2023-06-26 04:00:00,Clothing,114.21,PayPal,34.0,1
TXN-14229,CUST-191,2023-06-26 05:00:00,Books,73.56,Debit Card,52.0,0
TXN-14230,CUST-140,2023-06-26 06:00:00,Beauty,56.05,PayPal,,0
TXN-14231,CUST-538,2023-06-26 07:00:00,Electronics,104.5,Debit Card,25.0,1
TXN-14232,CUST-835,2023-06-26 08:00:00,Beauty,165.76,Credit Card,34.0,0
TXN-14233,CUST-926,2023-06-26 09:00:00,Beauty,157.42,UPI,18.0,0
TXN-14234,CUST-571,2023-06-26 10:00:00,Clothing,130.26,Debit Card,18.0,0
TXN-14235,CUST-561,2023-06-26 11:00:00,Clothing,135.56,UPI,60.0,1
TXN-14236,CUST-266,2023-06-26 12:00:00,Clothing,114.53,Credit Card,,0
TXN-14237,CUST-171,2023-06-26 13:00:00,Beauty,100.74,Credit Card,60.0,0
TXN-14238,CUST-259,2023-06-26 14:00:00,Electronics,90.47,UPI,60.0,0
TXN-14239,CUST-120,2023-06-26 15:00:00,Clothing,61.14,UPI,34.0,0
TXN-14240,CUST-447,2023-06-26 16:00:00,Home & Kitchen,191.89,PayPal,18.0,1
TXN-14241,CUST-513,2023-06-26 17:00:00,Electronics,126.84,UPI,60.0,0
TXN-14242,CUST-206,2023-06-26 18:00:00,Home & Kitchen,102.3,UPI,45.0,0
TXN-14243,CUST-230,2023-06-26 19:00:00,Electronics,192.85,PayPal,60.0,1
TXN-14244,CUST-938,2023-06-26 20:00:00,Clothing,200.48,Debit Card,18.0,0
TXN-14245,CUST-940,2023-06-26 21:00:00,Books,229.81,PayPal,45.0,1
TXN-14246,CUST-473,2023-06-26 22:00:00,Clothing,110.07,Debit Card,34.0,0
TXN-14247,CUST-300,2023-06-26 23:00:00,Beauty,124.21,Debit Card,,1
TXN-14248,CUST-737,2023-06-27 00:00:00,Beauty,146.04,Debit Card,,0
TXN-14249,CUST-929,2023-06-27 01:00:00,Electronics,186.49,PayPal,45.0,0
TXN-14250,CUST-558,2023-06-27 02:00:00,Beauty,122.48,PayPal,18.0,1
TXN-14251,CUST-430,2023-06-27 03:00:00,Clothing,80.67,Credit Card,25.0,0
TXN-14252,CUST-799,2023-06-27 04:00:00,Home & Kitchen,89.86,Debit Card,45.0,0
TXN-14253,CUST-763,2023-06-27 05:00:00,Clothing,167.1,PayPal,18.0,0
TXN-14254,CUST-700,2023-06-27 06:00:00,Electronics,144.84,Credit Card,60.0,0
TXN-14255,CUST-783,2023-06-27 07:00:00,Beauty,113.08,Debit Card,25.0,0
TXN-14256,CUST-370,2023-06-27 08:00:00,Home & Kitchen,110.45,PayPal,34.0,0
TXN-14257,CUST-561,2023-06-27 09:00:00,Books,113.09,PayPal,,0
TXN-14258,CUST-912,2023-06-27 10:00:00,Home & Kitchen,169.56,PayPal,34.0,1
TXN-14259,CUST-799,2023-06-27 11:00:00,Home & Kitchen,88.44,UPI,52.0,0
TXN-14260,CUST-234,2023-06-27 12:00:00,Clothing,71.46,Credit Card,34.0,0
TXN-14261,CUST-666,2023-06-27 13:00:00,Books,192.67,PayPal,52.0,0
TXN-14262,CUST-113,2023-06-27 14:00:00,Electronics,121.0,UPI,34.0,0
TXN-14263,CUST-866,2023-06-27 15:00:00,Electronics,116.83,Credit Card,34.0,0
TXN-14264,CUST-742,2023-06-27 16:00:00,Home & Kitchen,146.84,Credit Card,34.0,0
TXN-14265,CUST-589,2023-06-27 17:00:00,Home & Kitchen,80.44,UPI,52.0,1
TXN-14266,CUST-228,2023-06-27 18:00:00,Beauty,150.02,Credit Card,60.0,0
TXN-14267,CUST-783,2023-06-27 19:00:00,Books,104.69,UPI,52.0,1
TXN-14268,CUST-851,2023-06-27 20:00:00,Home & Kitchen,165.03,Debit Card,45.0,1
TXN-14269,CUST-833,2023-06-27 21:00:00,Beauty,58.65,PayPal,18.0,0
TXN-14270,CUST-895,2023-06-27 22:00:00,Books,138.03,UPI,18.0,1
TXN-14271,CUST-289,2023-06-27 23:00:00,Electronics,110.75,Credit Card,60.0,0
TXN-14272,CUST-330,2023-06-28 00:00:00,Beauty,91.81,Credit Card,18.0,0
TXN-14273,CUST-302,2023-06-28 01:00:00,Books,150.85,Debit Card,34.0,0
TXN-14274,CUST-918,2023-06-28 02:00:00,Beauty,114.07,Debit Card,60.0,1
TXN-14275,CUST-640,2023-06-28 03:00:00,Home & Kitchen,138.64,Debit Card,18.0,1
TXN-14276,CUST-500,2023-06-28 04:00:00,Clothing,170.63,Debit Card,52.0,0
TXN-14277,CUST-712,2023-06-28 05:00:00,Electronics,151.66,Debit Card,45.0,0
TXN-14278,CUST-332,2023-06-28 06:00:00,Home & Kitchen,76.79,PayPal,25.0,0
TXN-14279,CUST-774,2023-06-28 07:00:00,Home & Kitchen,98.33,UPI,45.0,0
TXN-14280,CUST-515,2023-06-28 08:00:00,Books,138.37,Debit Card,18.0,0
TXN-14281,CUST-484,2023-06-28 09:00:00,Beauty,151.76,Debit Card,60.0,1
TXN-14282,CUST-970,2023-06-28 10:00:00,Electronics,104.36,PayPal,,0
TXN-14283,CUST-825,2023-06-28 11:00:00,Home & Kitchen,127.91,UPI,18.0,0
TXN-14284,CUST-185,2023-06-28 12:00:00,Books,127.66,Debit Card,52.0,0
TXN-14285,CUST-882,2023-06-28 13:00:00,Electronics,133.24,UPI,45.0,0
TXN-14286,CUST-101,2023-06-28 14:00:00,Beauty,72.84,UPI,,0
TXN-14287,CUST-439,2023-06-28 15:00:00,Home & Kitchen,63.4,PayPal,52.0,0
TXN-14288,CUST-826,2023-06-28 16:00:00,Home & Kitchen,29.63,PayPal,52.0,1
TXN-14289,CUST-938,2023-06-28 17:00:00,Home & Kitchen,124.22,Debit Card,25.0,0
TXN-14290,CUST-222,2023-06-28 18:00:00,Electronics,65.43,Credit Card,52.0,0
TXN-14291,CUST-809,2023-06-28 19:00:00,Electronics,205.47,PayPal,,0
TXN-14292,CUST-300,2023-06-28 20:00:00,Electronics,146.16,UPI,52.0,0
TXN-14293,CUST-259,2023-06-28 21:00:00,Electronics,72.73,UPI,25.0,1
TXN-14294,CUST-324,2023-06-28 22:00:00,Books,165.41,Debit Card,34.0,0
TXN-14295,CUST-266,2023-06-28 23:00:00,Clothing,165.5,Debit Card,,1
TXN-14296,CUST-962,2023-06-29 00:00:00,Books,168.75,Debit Card,34.0,1
TXN-14297,CUST-970,2023-06-29 01:00:00,Home & Kitchen,87.68,UPI,,0
TXN-14298,CUST-492,2023-06-29 02:00:00,Books,148.64,PayPal,60.0,1
TXN-14299,CUST-602,2023-06-29 03:00:00,Beauty,169.43,Credit Card,25.0,1
TXN-14300,CUST-912,2023-06-29 04:00:00,Electronics,182.83,PayPal,60.0,0
TXN-14301,CUST-819,2023-06-29 05:00:00,Beauty,59.05,Credit Card,60.0,0
TXN-14302,CUST-370,2023-06-29 06:00:00,Beauty,111.29,PayPal,52.0,1
TXN-14303,CUST-829,2023-06-29 07:00:00,Home & Kitchen,86.24,Debit Card,60.0,0
TXN-14304,CUST-171,2023-06-29 08:00:00,Electronics,194.56,UPI,18.0,0
TXN-14305,CUST-866,2023-06-29 09:00:00,Beauty,139.64,Credit Card,,0
TXN-14306,CUST-395,2023-06-29 10:00:00,Home & Kitchen,155.65,PayPal,45.0,0
TXN-14307,CUST-300,2023-06-29 11:00:00,Electronics,139.05,UPI,18.0,1
TXN-14308,CUST-484,2023-06-29 12:00:00,Clothing,135.01,Credit Card,18.0,0
TXN-14309,CUST-301,2023-06-29 13:00:00,Home & Kitchen,85.47,Credit Card,52.0,1
TXN-14310,CUST-458,2023-06-29 14:00:00,Books,102.14,UPI,45.0,0
TXN-14311,CUST-895,2023-06-29 15:00:00,Electronics,122.86,Debit Card,60.0,0
TXN-14312,CUST-439,2023-06-29 16:00:00,Beauty,94.06,UPI,45.0,0
TXN-14313,CUST-171,2023-06-29 17:00:00,Beauty,86.67,Debit Card,60.0,0
TXN-14314,CUST-152,2023-06-29 18:00:00,Books,111.77,PayPal,34.0,0
TXN-14315,CUST-395,2023-06-29 19:00:00,Books,95.79,PayPal,25.0,1
TXN-14316,CUST-478,2023-06-29 20:00:00,Beauty,121.99,UPI,52.0,0
TXN-14317,CUST-300,2023-06-29 21:00:00,Electronics,102.29,Debit Card,60.0,0
TXN-14318,CUST-301,2023-06-29 22:00:00,Home & Kitchen,92.61,PayPal,60.0,0
TXN-14319,CUST-243,2023-06-29 23:00:00,Books,82.9,Debit Card,45.0,0
TXN-14320,CUST-430,2023-06-30 00:00:00,Books,120.24,Debit Card,52.0,1
TXN-14321,CUST-936,2023-06-30 01:00:00,Books,155.53,Debit Card,,0
TXN-14322,CUST-408,2023-06-30 02:00:00,Clothing,146.03,UPI,60.0,0
TXN-14323,CUST-270,2023-06-30 03:00:00,Electronics,58.92,Debit Card,34.0,0
TXN-14324,CUST-147,2023-06-30 04:00:00,Electronics,154.39,UPI,18.0,0
TXN-14325,CUST-791,2023-06-30 05:00:00,Electronics,145.75,PayPal,60.0,0
TXN-14326,CUST-665,2023-06-30 06:00:00,Electronics,155.49,PayPal,45.0,0
TXN-14327,CUST-541,2023-06-30 07:00:00,Electronics,163.34,Credit Card,,0
TXN-14328,CUST-960,2023-06-30 08:00:00,Beauty,90.89,Credit Card,34.0,1
TXN-14329,CUST-608,2023-06-30 09:00:00,Books,108.01,PayPal,52.0,0
TXN-14330,CUST-205,2023-06-30 10:00:00,Beauty,191.62,Debit Card,60.0,0
TXN-14331,CUST-324,2023-06-30 11:00:00,Clothing,189.24,Debit Card,34.0,1
TXN-14332,CUST-732,2023-06-30 12:00:00,Home & Kitchen,116.94,PayPal,34.0,1
TXN-14333,CUST-971,2023-06-30 13:00:00,Books,144.12,PayPal,,0
TXN-14334,CUST-891,2023-06-30 14:00:00,Clothing,147.62,Credit Card,34.0,0
TXN-14335,CUST-541,2023-06-30 15:00:00,Beauty,190.31,Debit Card,34.0,0
TXN-14336,CUST-748,2023-06-30 16:00:00,Home & Kitchen,133.81,PayPal,,0
TXN-14337,CUST-809,2023-06-30 17:00:00,Clothing,71.51,Credit Card,,1
TXN-14338,CUST-895,2023-06-30 18:00:00,Home & Kitchen,100.96,Credit Card,,0
TXN-14339,CUST-487,2023-06-30 19:00:00,Clothing,245.34,Debit Card,34.0,0
TXN-14340,CUST-938,2023-06-30 20:00:00,Beauty,69.66,Credit Card,34.0,1
TXN-14341,CUST-114,2023-06-30 21:00:00,Home & Kitchen,122.01,Credit Card,25.0,1
TXN-14342,CUST-664,2023-06-30 22:00:00,Clothing,212.54,UPI,52.0,1
TXN-14343,CUST-786,2023-06-30 23:00:00,Beauty,88.01,PayPal,18.0,0
TXN-14344,CUST-485,2023-07-01 00:00:00,Books,10.92,Debit Card,52.0,0
TXN-14345,CUST-739,2023-07-01 01:00:00,Beauty,18.28,PayPal,45.0,0
TXN-14346,CUST-376,2023-07-01 02:00:00,Beauty,88.23,UPI,45.0,1
TXN-14347,CUST-346,2023-07-01 03:00:00,Books,49.48,Debit Card,,1
TXN-14348,CUST-918,2023-07-01 04:00:00,Beauty,161.49,PayPal,52.0,1
TXN-14349,CUST-212,2023-07-01 05:00:00,Books,130.73,Credit Card,34.0,1
TXN-14350,CUST-591,2023-07-01 06:00:00,Books,34.65,Debit Card,25.0,0
TXN-14351,CUST-554,2023-07-01 07:00:00,Books,56.19,UPI,18.0,0
TXN-14352,CUST-673,2023-07-01 08:00:00,Clothing,169.61,Credit Card,60.0,0
TXN-14353,CUST-655,2023-07-01 09:00:00,Home & Kitchen,127.73,UPI,60.0,1
TXN-14354,CUST-443,2023-07-01 10:00:00,Clothing,177.35,Credit Card,34.0,0
TXN-14355,CUST-591,2023-07-01 11:00:00,Books,164.76,PayPal,52.0,0
TXN-14356,CUST-287,2023-07-01 12:00:00,Home & Kitchen,73.98,PayPal,60.0,0
TXN-14357,CUST-662,2023-07-01 13:00:00,Home & Kitchen,155.28,PayPal,52.0,0
TXN-14358,CUST-727,2023-07-01 14:00:00,Books,142.51,UPI,25.0,1
TXN-14359,CUST-319,2023-07-01 15:00:00,Home & Kitchen,41.53,Debit Card,25.0,0
TXN-14360,CUST-915,2023-07-01 16:00:00,Home & Kitchen,65.52,PayPal,,1
TXN-14361,CUST-566,2023-07-01 17:00:00,Clothing,217.51,UPI,52.0,0
TXN-14362,CUST-489,2023-07-01 18:00:00,Home & Kitchen,82.89,Credit Card,,0
TXN-14363,CUST-430,2023-07-01 19:00:00,Books,136.46,PayPal,34.0,0
TXN-14364,CUST-492,2023-07-01 20:00:00,Electronics,112.37,Credit Card,,1
TXN-14365,CUST-127,2023-07-01 21:00:00,Electronics,127.35,PayPal,34.0,0
TXN-14366,CUST-415,2023-07-01 22:00:00,Electronics,115.02,Credit Card,34.0,0
TXN-14367,CUST-212,2023-07-01 23:00:00,Books,158.61,UPI,60.0,0
TXN-14368,CUST-114,2023-07-02 00:00:00,Electronics,157.56,PayPal,18.0,0
TXN-14369,CUST-708,2023-07-02 01:00:00,Clothing,124.72,UPI,18.0,0
TXN-14370,CUST-230,2023-07-02 02:00:00,Books,83.82,UPI,34.0,0
TXN-14371,CUST-502,2023-07-02 03:00:00,Books,97.25,Credit Card,52.0,1
TXN-14372,CUST-926,2023-07-02 04:00:00,Books,56.96,PayPal,25.0,1
TXN-14373,CUST-771,2023-07-02 05:00:00,Home & Kitchen,106.62,Debit Card,,0
TXN-14374,CUST-971,2023-07-02 06:00:00,Home & Kitchen,49.34,Debit Card,45.0,0
TXN-14375,CUST-833,2023-07-02 07:00:00,Home & Kitchen,128.75,UPI,25.0,1
TXN-14376,CUST-127,2023-07-02 08:00:00,Beauty,131.84,Credit Card,25.0,1
TXN-14377,CUST-798,2023-07-02 09:00:00,Clothing,160.21,Credit Card,45.0,0
TXN-14378,CUST-783,2023-07-02 10:00:00,Books,71.2,Credit Card,34.0,0
TXN-14379,CUST-708,2023-07-02 11:00:00,Books,73.91,PayPal,25.0,1
TXN-14380,CUST-608,2023-07-02 12:00:00,Home & Kitchen,180.99,PayPal,45.0,1
TXN-14381,CUST-584,2023-07-02 13:00:00,Books,65.25,Credit Card,,0
TXN-14382,CUST-332,2023-07-02 14:00:00,Books,202.05,Debit Card,60.0,0
TXN-14383,CUST-571,2023-07-02 15:00:00,Electronics,83.04,Debit Card,52.0,0
TXN-14384,CUST-538,2023-07-02 16:00:00,Books,83.32,PayPal,52.0,0
TXN-14385,CUST-305,2023-07-02 17:00:00,Beauty,153.71,Credit Card,52.0,0
TXN-14386,CUST-191,2023-07-02 18:00:00,Home & Kitchen,141.98,Debit Card,34.0,0
TXN-14387,CUST-212,2023-07-02 19:00:00,Clothing,185.66,Debit Card,25.0,0
TXN-14388,CUST-848,2023-07-02 20:00:00,Clothing,44.35,PayPal,25.0,0
TXN-14389,CUST-700,2023-07-02 21:00:00,Electronics,141.35,PayPal,18.0,0
TXN-14390,CUST-314,2023-07-02 22:00:00,Clothing,118.16,Debit Card,52.0,0
TXN-14391,CUST-589,2023-07-02 23:00:00,Clothing,76.93,Credit Card,34.0,0
TXN-14392,CUST-609,2023-07-03 00:00:00,Home & Kitchen,195.26,Debit Card,45.0,0
TXN-14393,CUST-575,2023-07-03 01:00:00,Home & Kitchen,129.41,Debit Card,34.0,0
TXN-14394,CUST-199,2023-07-03 02:00:00,Beauty,117.49,Credit Card,25.0,0
TXN-14395,CUST-700,2023-07-03 03:00:00,Electronics,138.16,PayPal,,0
TXN-14396,CUST-367,2023-07-03 04:00:00,Clothing,50.87,Credit Card,,0
TXN-14397,CUST-983,2023-07-03 05:00:00,Beauty,70.06,Credit Card,,0
TXN-14398,CUST-120,2023-07-03 06:00:00,Electronics,106.7,Credit Card,52.0,0
TXN-14399,CUST-576,2023-07-03 07:00:00,Clothing,132.66,Credit Card,18.0,1
TXN-14400,CUST-895,2023-07-03 08:00:00,Clothing,170.99,PayPal,60.0,0
TXN-14401,CUST-983,2023-07-03 09:00:00,Home & Kitchen,84.6,Debit Card,34.0,1
TXN-14402,CUST-302,2023-07-03 10:00:00,Books,75.47,UPI,18.0,0
TXN-14403,CUST-592,2023-07-03 11:00:00,Electronics,140.06,PayPal,,1
TXN-14404,CUST-114,2023-07-03 12:00:00,Clothing,114.56,Credit Card,25.0,0
TXN-14405,CUST-608,2023-07-03 13:00:00,Electronics,43.15,Debit Card,45.0,0
TXN-14406,CUST-555,2023-07-03 14:00:00,Beauty,83.26,Debit Card,34.0,0
TXN-14407,CUST-602,2023-07-03 15:00:00,Beauty,112.73,Credit Card,60.0,1
TXN-14408,CUST-324,2023-07-03 16:00:00,Books,113.83,PayPal,25.0,0
TXN-14409,CUST-439,2023-07-03 17:00:00,Clothing,123.59,Credit Card,52.0,1
TXN-14410,CUST-790,2023-07-03 18:00:00,Home & Kitchen,67.99,Debit Card,34.0,0
TXN-14411,CUST-956,2023-07-03 19:00:00,Clothing,114.76,Debit Card,18.0,0
TXN-14412,CUST-709,2023-07-03 20:00:00,Electronics,157.88,PayPal,,1
TXN-14413,CUST-283,2023-07-03 21:00:00,Beauty,4.49,UPI,34.0,1
TXN-14414,CUST-135,2023-07-03 22:00:00,Electronics,108.7,Credit Card,25.0,0
TXN-14415,CUST-358,2023-07-03 23:00:00,Books,53.52,UPI,25.0,0
TXN-14416,CUST-152,2023-07-04 00:00:00,Beauty,118.71,Debit Card,,0
TXN-14417,CUST-395,2023-07-04 01:00:00,Home & Kitchen,59.81,UPI,18.0,0
TXN-14418,CUST-761,2023-07-04 02:00:00,Beauty,125.36,Credit Card,60.0,0
TXN-14419,CUST-415,2023-07-04 03:00:00,Clothing,185.07,Credit Card,25.0,0
TXN-14420,CUST-868,2023-07-04 04:00:00,Clothing,80.82,Debit Card,34.0,0
TXN-14421,CUST-905,2023-07-04 05:00:00,Beauty,86.62,PayPal,,1
TXN-14422,CUST-283,2023-07-04 06:00:00,Books,101.21,PayPal,60.0,0
TXN-14423,CUST-879,2023-07-04 07:00:00,Clothing,132.75,Debit Card,18.0,0
TXN-14424,CUST-346,2023-07-04 08:00:00,Clothing,79.24,Credit Card,25.0,0
TXN-14425,CUST-742,2023-07-04 09:00:00,Home & Kitchen,104.79,PayPal,,1
TXN-14426,CUST-382,2023-07-04 10:00:00,Beauty,93.22,UPI,25.0,0
TXN-14427,CUST-502,2023-07-04 11:00:00,Clothing,101.34,Debit Card,34.0,0
TXN-14428,CUST-300,2023-07-04 12:00:00,Books,133.22,UPI,25.0,1
TXN-14429,CUST-376,2023-07-04 13:00:00,Electronics,142.04,Credit Card,,0
TXN-14430,CUST-882,2023-07-04 14:00:00,Beauty,60.93,PayPal,34.0,0
TXN-14431,CUST-152,2023-07-04 15:00:00,Home & Kitchen,133.06,Credit Card,52.0,1
TXN-14432,CUST-121,2023-07-04 16:00:00,Clothing,245.83,UPI,,0
TXN-14433,CUST-589,2023-07-04 17:00:00,Books,181.77,Credit Card,60.0,1
TXN-14434,CUST-324,2023-07-04 18:00:00,Beauty,94.33,Credit Card,34.0,1
TXN-14435,CUST-408,2023-07-04 19:00:00,Books,125.28,Debit Card,45.0,0
TXN-14436,CUST-790,2023-07-04 20:00:00,Books,118.66,Debit Card,25.0,0
TXN-14437,CUST-555,2023-07-04 21:00:00,Home & Kitchen,138.38,Credit Card,52.0,0
TXN-14438,CUST-660,2023-07-04 22:00:00,Beauty,103.11,Debit Card,60.0,1
TXN-14439,CUST-997,2023-07-04 23:00:00,Clothing,109.23,Credit Card,18.0,0
TXN-14440,CUST-287,2023-07-05 00:00:00,Home & Kitchen,90.77,UPI,45.0,0
TXN-14441,CUST-783,2023-07-05 01:00:00,Clothing,163.82,Debit Card,18.0,0
TXN-14442,CUST-879,2023-07-05 02:00:00,Electronics,132.44,Credit Card,,1
TXN-14443,CUST-714,2023-07-05 03:00:00,Books,132.74,Debit Card,45.0,0
TXN-14444,CUST-866,2023-07-05 04:00:00,Electronics,168.74,Credit Card,52.0,0
TXN-14445,CUST-666,2023-07-05 05:00:00,Books,169.33,Debit Card,60.0,0
TXN-14446,CUST-206,2023-07-05 06:00:00,Home & Kitchen,161.78,PayPal,52.0,1
TXN-14447,CUST-620,2023-07-05 07:00:00,Clothing,168.13,Credit Card,52.0,0
TXN-14448,CUST-527,2023-07-05 08:00:00,Clothing,182.51,PayPal,45.0,1
TXN-14449,CUST-868,2023-07-05 09:00:00,Home & Kitchen,81.34,Credit Card,34.0,0
TXN-14450,CUST-771,2023-07-05 10:00:00,Beauty,108.05,PayPal,60.0,0
TXN-14451,CUST-223,2023-07-05 11:00:00,Electronics,148.36,Credit Card,18.0,1
TXN-14452,CUST-379,2023-07-05 12:00:00,Electronics,84.58,Debit Card,34.0,0
TXN-14453,CUST-875,2023-07-05 13:00:00,Clothing,105.47,PayPal,34.0,1
TXN-14454,CUST-708,2023-07-05 14:00:00,Clothing,127.78,Debit Card,25.0,0
TXN-14455,CUST-518,2023-07-05 15:00:00,Clothing,110.79,Credit Card,,1
TXN-14456,CUST-395,2023-07-05 16:00:00,Home & Kitchen,122.64,Debit Card,18.0,0
TXN-14457,CUST-261,2023-07-05 17:00:00,Beauty,74.18,Credit Card,45.0,0
TXN-14458,CUST-491,2023-07-05 18:00:00,Electronics,118.49,Debit Card,,1
TXN-14459,CUST-445,2023-07-05 19:00:00,Books,125.36,PayPal,25.0,1
TXN-14460,CUST-939,2023-07-05 20:00:00,Home & Kitchen,184.6,Credit Card,25.0,0
TXN-14461,CUST-825,2023-07-05 21:00:00,Electronics,109.25,Debit Card,,1
TXN-14462,CUST-561,2023-07-05 22:00:00,Beauty,93.99,Credit Card,52.0,0
TXN-14463,CUST-506,2023-07-05 23:00:00,Home & Kitchen,148.52,Credit Card,45.0,1
TXN-14464,CUST-261,2023-07-06 00:00:00,Electronics,-6.99,Credit Card,34.0,0
TXN-14465,CUST-674,2023-07-06 01:00:00,Home & Kitchen,107.31,UPI,60.0,0
TXN-14466,CUST-866,2023-07-06 02:00:00,Electronics,99.45,Credit Card,34.0,0
TXN-14467,CUST-833,2023-07-06 03:00:00,Electronics,130.44,Debit Card,34.0,1
TXN-14468,CUST-388,2023-07-06 04:00:00,Beauty,169.85,UPI,52.0,0
TXN-14469,CUST-571,2023-07-06 05:00:00,Books,182.05,Debit Card,34.0,1
TXN-14470,CUST-640,2023-07-06 06:00:00,Beauty,129.88,UPI,18.0,1
TXN-14471,CUST-737,2023-07-06 07:00:00,Electronics,57.93,Credit Card,34.0,0
TXN-14472,CUST-127,2023-07-06 08:00:00,Home & Kitchen,99.43,PayPal,34.0,0
TXN-14473,CUST-472,2023-07-06 09:00:00,Beauty,103.82,PayPal,18.0,0
TXN-14474,CUST-571,2023-07-06 10:00:00,Books,134.69,Credit Card,52.0,0
TXN-14475,CUST-824,2023-07-06 11:00:00,Electronics,122.25,UPI,25.0,0
TXN-14476,CUST-871,2023-07-06 12:00:00,Beauty,92.47,Debit Card,45.0,1
TXN-14477,CUST-747,2023-07-06 13:00:00,Beauty,69.93,PayPal,52.0,0
TXN-14478,CUST-370,2023-07-06 14:00:00,Beauty,85.26,Credit Card,34.0,1
TXN-14479,CUST-261,2023-07-06 15:00:00,Beauty,83.79,Credit Card,25.0,0
TXN-14480,CUST-127,2023-07-06 16:00:00,Home & Kitchen,184.86,UPI,45.0,0
TXN-14481,CUST-732,2023-07-06 17:00:00,Books,89.21,PayPal,45.0,0
TXN-14482,CUST-786,2023-07-06 18:00:00,Books,122.41,Credit Card,45.0,1
TXN-14483,CUST-674,2023-07-06 19:00:00,Electronics,158.74,PayPal,18.0,0
TXN-14484,CUST-395,2023-07-06 20:00:00,Clothing,127.8,Debit Card,18.0,1
TXN-14485,CUST-798,2023-07-06 21:00:00,Home & Kitchen,76.56,Credit Card,25.0,0
TXN-14486,CUST-395,2023-07-06 22:00:00,Electronics,159.4,Credit Card,34.0,1
TXN-14487,CUST-515,2023-07-06 23:00:00,Electronics,134.17,Debit Card,,1
TXN-14488,CUST-724,2023-07-07 00:00:00,Beauty,32.58,Credit Card,25.0,1
TXN-14489,CUST-819,2023-07-07 01:00:00,Clothing,169.83,UPI,34.0,0
TXN-14490,CUST-763,2023-07-07 02:00:00,Clothing,154.94,Debit Card,52.0,0
TXN-14491,CUST-851,2023-07-07 03:00:00,Home & Kitchen,133.54,UPI,,1
TXN-14492,CUST-970,2023-07-07 04:00:00,Clothing,185.39,Debit Card,45.0,0
TXN-14493,CUST-135,2023-07-07 05:00:00,Electronics,154.02,Debit Card,45.0,0
TXN-14494,CUST-314,2023-07-07 06:00:00,Clothing,165.12,UPI,18.0,1
TXN-14495,CUST-135,2023-07-07 07:00:00,Clothing,161.46,Debit Card,,0
TXN-14496,CUST-538,2023-07-07 08:00:00,Books,150.28,PayPal,52.0,0
TXN-14497,CUST-963,2023-07-07 09:00:00,Electronics,48.36,UPI,60.0,0
TXN-14498,CUST-127,2023-07-07 10:00:00,Clothing,53.14,Debit Card,52.0,0
TXN-14499,CUST-963,2023-07-07 11:00:00,Clothing,154.03,UPI,34.0,1
TXN-14500,CUST-376,2023-07-07 12:00:00,Beauty,169.27,Debit Card,52.0,1
TXN-14501,CUST-101,2023-07-07 13:00:00,Clothing,91.79,Debit Card,,0
TXN-14502,CUST-104,2023-07-07 14:00:00,Clothing,75.45,PayPal,,1
TXN-14503,CUST-302,2023-07-07 15:00:00,Books,130.51,PayPal,18.0,0
TXN-14504,CUST-346,2023-07-07 16:00:00,Electronics,61.92,PayPal,34.0,0
TXN-14505,CUST-301,2023-07-07 17:00:00,Home & Kitchen,113.24,Debit Card,25.0,0
TXN-14506,CUST-319,2023-07-07 18:00:00,Electronics,105.8,PayPal,34.0,1
TXN-14507,CUST-708,2023-07-07 19:00:00,Beauty,111.02,UPI,25.0,1
TXN-14508,CUST-851,2023-07-07 20:00:00,Electronics,195.38,Debit Card,60.0,0
TXN-14509,CUST-732,2023-07-07 21:00:00,Clothing,94.64,UPI,34.0,0
TXN-14510,CUST-781,2023-07-07 22:00:00,Beauty,122.14,PayPal,45.0,0
TXN-14511,CUST-332,2023-07-07 23:00:00,Electronics,67.51,Debit Card,60.0,1
TXN-14512,CUST-895,2023-07-08 00:00:00,Beauty,157.61,UPI,25.0,0
TXN-14513,CUST-918,2023-07-08 01:00:00,Home & Kitchen,112.82,Credit Card,18.0,0
TXN-14514,CUST-408,2023-07-08 02:00:00,Electronics,167.13,UPI,60.0,0
TXN-14515,CUST-663,2023-07-08 03:00:00,Clothing,21.72,Debit Card,60.0,0
TXN-14516,CUST-473,2023-07-08 04:00:00,Beauty,117.67,Credit Card,60.0,0
TXN-14517,CUST-538,2023-07-08 05:00:00,Books,125.29,PayPal,25.0,0
TXN-14518,CUST-610,2023-07-08 06:00:00,Beauty,156.46,PayPal,25.0,0
TXN-14519,CUST-712,2023-07-08 07:00:00,Books,94.32,UPI,34.0,1
TXN-14520,CUST-646,2023-07-08 08:00:00,Clothing,151.47,PayPal,45.0,0
TXN-14521,CUST-921,2023-07-08 09:00:00,Home & Kitchen,98.9,UPI,60.0,0
TXN-14522,CUST-314,2023-07-08 10:00:00,Books,123.75,UPI,34.0,0
TXN-14523,CUST-466,2023-07-08 11:00:00,Home & Kitchen,156.88,UPI,34.0,0
TXN-14524,CUST-608,2023-07-08 12:00:00,Beauty,82.81,UPI,45.0,0
TXN-14525,CUST-185,2023-07-08 13:00:00,Clothing,149.62,Debit Card,34.0,0
TXN-14526,CUST-221,2023-07-08 14:00:00,Books,133.4,Debit Card,45.0,0
TXN-14527,CUST-727,2023-07-08 15:00:00,Beauty,106.65,Credit Card,18.0,1
TXN-14528,CUST-957,2023-07-08 16:00:00,Electronics,93.27,Credit Card,45.0,0
TXN-14529,CUST-783,2023-07-08 17:00:00,Beauty,35.97,PayPal,52.0,1
TXN-14530,CUST-574,2023-07-08 18:00:00,Home & Kitchen,116.79,Debit Card,45.0,0
TXN-14531,CUST-266,2023-07-08 19:00:00,Clothing,106.72,Credit Card,45.0,0
TXN-14532,CUST-341,2023-07-08 20:00:00,Clothing,145.57,Debit Card,,0
TXN-14533,CUST-956,2023-07-08 21:00:00,Beauty,141.52,Debit Card,52.0,0
TXN-14534,CUST-742,2023-07-08 22:00:00,Electronics,162.8,PayPal,45.0,1
TXN-14535,CUST-825,2023-07-08 23:00:00,Home & Kitchen,164.27,PayPal,25.0,0
TXN-14536,CUST-746,2023-07-09 00:00:00,Beauty,246.22,UPI,,0
TXN-14537,CUST-134,2023-07-09 01:00:00,Beauty,140.55,Debit Card,34.0,0
TXN-14538,CUST-640,2023-07-09 02:00:00,Clothing,85.58,UPI,34.0,1
TXN-14539,CUST-283,2023-07-09 03:00:00,Home & Kitchen,153.05,UPI,18.0,0
TXN-14540,CUST-187,2023-07-09 04:00:00,Electronics,184.24,UPI,18.0,0
TXN-14541,CUST-314,2023-07-09 05:00:00,Clothing,139.0,Debit Card,52.0,0
TXN-14542,CUST-555,2023-07-09 06:00:00,Beauty,35.03,Debit Card,25.0,1
TXN-14543,CUST-198,2023-07-09 07:00:00,Clothing,142.21,UPI,18.0,0
TXN-14544,CUST-938,2023-07-09 08:00:00,Clothing,94.81,Debit Card,34.0,0
TXN-14545,CUST-515,2023-07-09 09:00:00,Books,67.12,UPI,18.0,0
TXN-14546,CUST-437,2023-07-09 10:00:00,Clothing,127.47,Credit Card,18.0,0
TXN-14547,CUST-300,2023-07-09 11:00:00,Clothing,58.97,Debit Card,45.0,1
TXN-14548,CUST-605,2023-07-09 12:00:00,Home & Kitchen,160.93,PayPal,18.0,0
TXN-14549,CUST-712,2023-07-09 13:00:00,Clothing,149.24,PayPal,52.0,0
TXN-14550,CUST-228,2023-07-09 14:00:00,Electronics,116.53,UPI,34.0,1
TXN-14551,CUST-147,2023-07-09 15:00:00,Beauty,98.0,Credit Card,52.0,0
TXN-14552,CUST-847,2023-07-09 16:00:00,Home & Kitchen,112.64,Debit Card,,0
TXN-14553,CUST-492,2023-07-09 17:00:00,Clothing,79.56,UPI,52.0,0
TXN-14554,CUST-408,2023-07-09 18:00:00,Electronics,116.92,Credit Card,60.0,1
TXN-14555,CUST-673,2023-07-09 19:00:00,Beauty,6.22,Credit Card,25.0,0
TXN-14556,CUST-443,2023-07-09 20:00:00,Home & Kitchen,123.55,Debit Card,,0
TXN-14557,CUST-447,2023-07-09 21:00:00,Electronics,124.57,PayPal,,1
TXN-14558,CUST-301,2023-07-09 22:00:00,Clothing,153.81,PayPal,60.0,0
TXN-14559,CUST-742,2023-07-09 23:00:00,Books,131.99,Credit Card,60.0,1
TXN-14560,CUST-879,2023-07-10 00:00:00,Books,159.09,PayPal,45.0,1
TXN-14561,CUST-971,2023-07-10 01:00:00,Home & Kitchen,141.88,Credit Card,52.0,0
TXN-14562,CUST-297,2023-07-10 02:00:00,Electronics,161.46,Credit Card,25.0,1
TXN-14563,CUST-135,2023-07-10 03:00:00,Beauty,224.86,Credit Card,34.0,0
TXN-14564,CUST-602,2023-07-10 04:00:00,Electronics,136.8,PayPal,34.0,1
TXN-14565,CUST-164,2023-07-10 05:00:00,Books,127.36,UPI,25.0,1
TXN-14566,CUST-833,2023-07-10 06:00:00,Home & Kitchen,167.48,PayPal,,0
TXN-14567,CUST-132,2023-07-10 07:00:00,Clothing,101.27,UPI,52.0,0
TXN-14568,CUST-351,2023-07-10 08:00:00,Electronics,115.23,PayPal,52.0,0
TXN-14569,CUST-771,2023-07-10 09:00:00,Books,136.84,Debit Card,45.0,0
TXN-14570,CUST-555,2023-07-10 10:00:00,Beauty,122.9,Debit Card,45.0,0
TXN-14571,CUST-673,2023-07-10 11:00:00,Home & Kitchen,122.72,PayPal,60.0,1
TXN-14572,CUST-938,2023-07-10 12:00:00,Clothing,155.99,Debit Card,34.0,0
TXN-14573,CUST-205,2023-07-10 13:00:00,Electronics,52.16,Debit Card,45.0,0
TXN-14574,CUST-330,2023-07-10 14:00:00,Beauty,201.34,Debit Card,25.0,1
TXN-14575,CUST-798,2023-07-10 15:00:00,Clothing,139.44,Debit Card,34.0,0
TXN-14576,CUST-289,2023-07-10 16:00:00,Books,103.99,UPI,,1
TXN-14577,CUST-866,2023-07-10 17:00:00,Books,185.12,Credit Card,,0
TXN-14578,CUST-187,2023-07-10 18:00:00,Beauty,124.14,UPI,52.0,0
TXN-14579,CUST-799,2023-07-10 19:00:00,Books,125.2,Credit Card,34.0,0
TXN-14580,CUST-866,2023-07-10 20:00:00,Home & Kitchen,111.41,Credit Card,18.0,1
TXN-14581,CUST-799,2023-07-10 21:00:00,Beauty,178.71,PayPal,34.0,0
TXN-14582,CUST-962,2023-07-10 22:00:00,Books,119.63,PayPal,45.0,0
TXN-14583,CUST-180,2023-07-10 23:00:00,Electronics,97.66,PayPal,25.0,0
TXN-14584,CUST-848,2023-07-11 00:00:00,Books,159.95,PayPal,52.0,1
TXN-14585,CUST-538,2023-07-11 01:00:00,Home & Kitchen,167.32,PayPal,52.0,0
TXN-14586,CUST-351,2023-07-11 02:00:00,Clothing,184.26,UPI,45.0,0
TXN-14587,CUST-485,2023-07-11 03:00:00,Clothing,145.34,UPI,45.0,0
TXN-14588,CUST-673,2023-07-11 04:00:00,Books,165.85,Debit Card,45.0,0
TXN-14589,CUST-575,2023-07-11 05:00:00,Clothing,109.63,UPI,18.0,0
TXN-14590,CUST-571,2023-07-11 06:00:00,Books,161.03,UPI,25.0,0
TXN-14591,CUST-500,2023-07-11 07:00:00,Home & Kitchen,149.7,PayPal,18.0,0
TXN-14592,CUST-737,2023-07-11 08:00:00,Clothing,141.22,Debit Card,45.0,0
TXN-14593,CUST-487,2023-07-11 09:00:00,Electronics,57.72,UPI,25.0,0
TXN-14594,CUST-437,2023-07-11 10:00:00,Books,104.47,UPI,,0
TXN-14595,CUST-330,2023-07-11 11:00:00,Clothing,118.17,Debit Card,,0
TXN-14596,CUST-866,2023-07-11 12:00:00,Home & Kitchen,141.26,Credit Card,45.0,0
TXN-14597,CUST-541,2023-07-11 13:00:00,Home & Kitchen,216.03,PayPal,25.0,0
TXN-14598,CUST-439,2023-07-11 14:00:00,Electronics,154.37,UPI,52.0,1
TXN-14599,CUST-936,2023-07-11 15:00:00,Home & Kitchen,87.6,UPI,18.0,0
TXN-14600,CUST-598,2023-07-11 16:00:00,Home & Kitchen,100.79,Debit Card,60.0,0
TXN-14601,CUST-185,2023-07-11 17:00:00,Clothing,175.59,UPI,45.0,0
TXN-14602,CUST-283,2023-07-11 18:00:00,Books,99.03,PayPal,45.0,0
TXN-14603,CUST-261,2023-07-11 19:00:00,Beauty,160.75,UPI,34.0,0
TXN-14604,CUST-771,2023-07-11 20:00:00,Home & Kitchen,124.69,Credit Card,60.0,0
TXN-14605,CUST-330,2023-07-11 21:00:00,Home & Kitchen,113.34,PayPal,52.0,0
TXN-14606,CUST-921,2023-07-11 22:00:00,Beauty,99.64,Credit Card,45.0,1
TXN-14607,CUST-191,2023-07-11 23:00:00,Home & Kitchen,-1.86,Debit Card,18.0,1
TXN-14608,CUST-791,2023-07-12 00:00:00,Clothing,141.59,PayPal,52.0,0
TXN-14609,CUST-747,2023-07-12 01:00:00,Clothing,77.91,UPI,45.0,0
TXN-14610,CUST-439,2023-07-12 02:00:00,Beauty,63.27,PayPal,18.0,0
TXN-14611,CUST-301,2023-07-12 03:00:00,Home & Kitchen,129.91,PayPal,34.0,0
TXN-14612,CUST-527,2023-07-12 04:00:00,Home & Kitchen,161.18,PayPal,34.0,0
TXN-14613,CUST-230,2023-07-12 05:00:00,Books,52.13,Credit Card,,0
TXN-14614,CUST-230,2023-07-12 06:00:00,Home & Kitchen,160.14,Debit Card,18.0,0
TXN-14615,CUST-572,2023-07-12 07:00:00,Clothing,83.87,PayPal,52.0,1
TXN-14616,CUST-472,2023-07-12 08:00:00,Electronics,145.96,UPI,18.0,0
TXN-14617,CUST-915,2023-07-12 09:00:00,Electronics,143.16,PayPal,60.0,0
TXN-14618,CUST-230,2023-07-12 10:00:00,Electronics,111.73,PayPal,18.0,0
TXN-14619,CUST-289,2023-07-12 11:00:00,Electronics,121.19,Debit Card,34.0,0
TXN-14620,CUST-270,2023-07-12 12:00:00,Home & Kitchen,104.15,UPI,34.0,0
TXN-14621,CUST-120,2023-07-12 13:00:00,Home & Kitchen,130.54,UPI,34.0,0
TXN-14622,CUST-978,2023-07-12 14:00:00,Books,130.19,Credit Card,60.0,0
TXN-14623,CUST-747,2023-07-12 15:00:00,Home & Kitchen,83.04,UPI,45.0,0
TXN-14624,CUST-640,2023-07-12 16:00:00,Electronics,65.69,UPI,,0
TXN-14625,CUST-120,2023-07-12 17:00:00,Beauty,160.33,UPI,60.0,0
TXN-14626,CUST-291,2023-07-12 18:00:00,Beauty,128.16,PayPal,45.0,0
TXN-14627,CUST-152,2023-07-12 19:00:00,Clothing,154.79,Credit Card,60.0,0
TXN-14628,CUST-838,2023-07-12 20:00:00,Clothing,93.18,UPI,25.0,0
TXN-14629,CUST-162,2023-07-12 21:00:00,Home & Kitchen,87.02,UPI,45.0,0
TXN-14630,CUST-584,2023-07-12 22:00:00,Beauty,79.53,UPI,52.0,0
TXN-14631,CUST-561,2023-07-12 23:00:00,Electronics,112.77,PayPal,52.0,0
TXN-14632,CUST-259,2023-07-13 00:00:00,Electronics,129.3,PayPal,,1
TXN-14633,CUST-781,2023-07-13 01:00:00,Electronics,98.25,Credit Card,34.0,0
TXN-14634,CUST-439,2023-07-13 02:00:00,Home & Kitchen,182.59,Debit Card,60.0,1
TXN-14635,CUST-848,2023-07-13 03:00:00,Home & Kitchen,94.31,Credit Card,18.0,0
TXN-14636,CUST-783,2023-07-13 04:00:00,Books,129.95,PayPal,34.0,1
TXN-14637,CUST-466,2023-07-13 05:00:00,Electronics,84.68,UPI,,0
TXN-14638,CUST-317,2023-07-13 06:00:00,Electronics,93.08,UPI,18.0,1
TXN-14639,CUST-724,2023-07-13 07:00:00,Home & Kitchen,116.55,Credit Card,60.0,1
TXN-14640,CUST-771,2023-07-13 08:00:00,Home & Kitchen,86.69,UPI,34.0,0
TXN-14641,CUST-152,2023-07-13 09:00:00,Books,123.58,PayPal,34.0,0
TXN-14642,CUST-561,2023-07-13 10:00:00,Books,137.61,Credit Card,52.0,0
TXN-14643,CUST-492,2023-07-13 11:00:00,Clothing,163.73,Debit Card,18.0,0
TXN-14644,CUST-970,2023-07-13 12:00:00,Beauty,76.8,PayPal,25.0,1
TXN-14645,CUST-589,2023-07-13 13:00:00,Electronics,126.71,PayPal,25.0,0
TXN-14646,CUST-584,2023-07-13 14:00:00,Electronics,117.52,UPI,34.0,1
TXN-14647,CUST-665,2023-07-13 15:00:00,Books,46.07,PayPal,60.0,0
TXN-14648,CUST-931,2023-07-13 16:00:00,Books,74.85,PayPal,34.0,0
TXN-14649,CUST-978,2023-07-13 17:00:00,Clothing,139.0,Debit Card,,1
TXN-14650,CUST-575,2023-07-13 18:00:00,Beauty,65.89,UPI,52.0,0
TXN-14651,CUST-655,2023-07-13 19:00:00,Clothing,117.06,PayPal,,0
TXN-14652,CUST-342,2023-07-13 20:00:00,Beauty,35.1,UPI,18.0,0
TXN-14653,CUST-708,2023-07-13 21:00:00,Electronics,115.88,PayPal,,1
TXN-14654,CUST-763,2023-07-13 22:00:00,Clothing,37.86,Debit Card,34.0,0
TXN-14655,CUST-863,2023-07-13 23:00:00,Books,95.82,UPI,,1
TXN-14656,CUST-513,2023-07-14 00:00:00,Clothing,102.49,UPI,60.0,0
TXN-14657,CUST-300,2023-07-14 01:00:00,Clothing,124.92,Debit Card,25.0,0
TXN-14658,CUST-875,2023-07-14 02:00:00,Electronics,109.9,Credit Card,18.0,0
TXN-14659,CUST-518,2023-07-14 03:00:00,Books,70.56,PayPal,34.0,0
TXN-14660,CUST-230,2023-07-14 04:00:00,Books,71.31,PayPal,18.0,0
TXN-14661,CUST-655,2023-07-14 05:00:00,Home & Kitchen,55.44,Credit Card,52.0,0
TXN-14662,CUST-763,2023-07-14 06:00:00,Home & Kitchen,128.26,UPI,,0
TXN-14663,CUST-574,2023-07-14 07:00:00,Home & Kitchen,126.49,UPI,25.0,0
TXN-14664,CUST-954,2023-07-14 08:00:00,Electronics,146.78,Debit Card,60.0,0
TXN-14665,CUST-745,2023-07-14 09:00:00,Clothing,99.99,Debit Card,18.0,0
TXN-14666,CUST-665,2023-07-14 10:00:00,Books,50.63,Debit Card,25.0,0
TXN-14667,CUST-827,2023-07-14 11:00:00,Books,107.36,Credit Card,,0
TXN-14668,CUST-781,2023-07-14 12:00:00,Clothing,120.44,Credit Card,34.0,0
TXN-14669,CUST-566,2023-07-14 13:00:00,Books,73.41,UPI,60.0,1
TXN-14670,CUST-297,2023-07-14 14:00:00,Clothing,77.21,Debit Card,60.0,0
TXN-14671,CUST-962,2023-07-14 15:00:00,Electronics,138.04,UPI,45.0,1
TXN-14672,CUST-152,2023-07-14 16:00:00,Electronics,124.02,Credit Card,18.0,0
TXN-14673,CUST-809,2023-07-14 17:00:00,Electronics,165.31,PayPal,25.0,0
TXN-14674,CUST-289,2023-07-14 18:00:00,Clothing,188.88,UPI,18.0,0
TXN-14675,CUST-113,2023-07-14 19:00:00,Clothing,59.89,Credit Card,34.0,0
TXN-14676,CUST-510,2023-07-14 20:00:00,Beauty,103.25,Debit Card,34.0,0
TXN-14677,CUST-931,2023-07-14 21:00:00,Books,124.95,PayPal,,0
TXN-14678,CUST-212,2023-07-14 22:00:00,Books,134.54,PayPal,60.0,1
TXN-14679,CUST-665,2023-07-14 23:00:00,Beauty,160.64,PayPal,60.0,0
TXN-14680,CUST-827,2023-07-15 00:00:00,Beauty,149.14,Debit Card,25.0,0
TXN-14681,CUST-872,2023-07-15 01:00:00,Electronics,165.54,PayPal,52.0,0
TXN-14682,CUST-343,2023-07-15 02:00:00,Beauty,122.45,Credit Card,18.0,0
TXN-14683,CUST-479,2023-07-15 03:00:00,Clothing,94.86,UPI,18.0,0
TXN-14684,CUST-289,2023-07-15 04:00:00,Home & Kitchen,198.0,PayPal,34.0,0
TXN-14685,CUST-871,2023-07-15 05:00:00,Clothing,126.13,PayPal,18.0,0
TXN-14686,CUST-895,2023-07-15 06:00:00,Beauty,110.33,Credit Card,25.0,0
TXN-14687,CUST-835,2023-07-15 07:00:00,Books,77.11,Debit Card,45.0,0
TXN-14688,CUST-921,2023-07-15 08:00:00,Clothing,126.38,PayPal,60.0,0
TXN-14689,CUST-592,2023-07-15 09:00:00,Books,160.18,Credit Card,34.0,0
TXN-14690,CUST-230,2023-07-15 10:00:00,Clothing,99.98,Credit Card,60.0,0
TXN-14691,CUST-287,2023-07-15 11:00:00,Books,114.66,Debit Card,60.0,0
TXN-14692,CUST-592,2023-07-15 12:00:00,Clothing,129.97,Debit Card,60.0,0
TXN-14693,CUST-724,2023-07-15 13:00:00,Books,138.89,UPI,45.0,1
TXN-14694,CUST-527,2023-07-15 14:00:00,Home & Kitchen,109.61,PayPal,18.0,0
TXN-14695,CUST-800,2023-07-15 15:00:00,Electronics,104.26,UPI,52.0,0
TXN-14696,CUST-912,2023-07-15 16:00:00,Clothing,99.57,Credit Card,60.0,1
TXN-14697,CUST-566,2023-07-15 17:00:00,Home & Kitchen,75.74,PayPal,25.0,0
TXN-14698,CUST-739,2023-07-15 18:00:00,Electronics,89.19,Credit Card,60.0,0
TXN-14699,CUST-809,2023-07-15 19:00:00,Clothing,88.12,Credit Card,60.0,0
TXN-14700,CUST-485,2023-07-15 20:00:00,Home & Kitchen,58.31,Credit Card,18.0,1
TXN-14701,CUST-776,2023-07-15 21:00:00,Home & Kitchen,159.72,Debit Card,,0
TXN-14702,CUST-513,2023-07-15 22:00:00,Home & Kitchen,134.38,Debit Card,25.0,0
TXN-14703,CUST-230,2023-07-15 23:00:00,Beauty,125.69,PayPal,18.0,0
TXN-14704,CUST-291,2023-07-16 00:00:00,Books,172.18,Credit Card,60.0,0
TXN-14705,CUST-742,2023-07-16 01:00:00,Electronics,148.71,Credit Card,,0
TXN-14706,CUST-324,2023-07-16 02:00:00,Books,88.42,PayPal,18.0,0
TXN-14707,CUST-352,2023-07-16 03:00:00,Books,166.94,UPI,18.0,1
TXN-14708,CUST-222,2023-07-16 04:00:00,Books,158.89,Credit Card,34.0,1
TXN-14709,CUST-737,2023-07-16 05:00:00,Home & Kitchen,75.28,Debit Card,45.0,0
TXN-14710,CUST-895,2023-07-16 06:00:00,Books,156.11,UPI,,0
TXN-14711,CUST-333,2023-07-16 07:00:00,Beauty,101.31,UPI,52.0,0
TXN-14712,CUST-829,2023-07-16 08:00:00,Clothing,159.89,UPI,,0
TXN-14713,CUST-492,2023-07-16 09:00:00,Home & Kitchen,106.48,UPI,45.0,0
TXN-14714,CUST-305,2023-07-16 10:00:00,Electronics,98.67,UPI,45.0,0
TXN-14715,CUST-437,2023-07-16 11:00:00,Clothing,102.79,UPI,25.0,0
TXN-14716,CUST-447,2023-07-16 12:00:00,Clothing,81.11,PayPal,34.0,0
TXN-14717,CUST-395,2023-07-16 13:00:00,Clothing,60.79,PayPal,34.0,1
TXN-14718,CUST-786,2023-07-16 14:00:00,Books,20.04,UPI,18.0,0
TXN-14719,CUST-674,2023-07-16 15:00:00,Books,77.81,Debit Card,45.0,1
TXN-14720,CUST-415,2023-07-16 16:00:00,Home & Kitchen,225.22,PayPal,,1
TXN-14721,CUST-332,2023-07-16 17:00:00,Books,139.13,PayPal,52.0,0
TXN-14722,CUST-707,2023-07-16 18:00:00,Books,194.57,UPI,25.0,0
TXN-14723,CUST-205,2023-07-16 19:00:00,Books,107.27,Debit Card,,0
TXN-14724,CUST-447,2023-07-16 20:00:00,Home & Kitchen,101.27,UPI,34.0,1
TXN-14725,CUST-800,2023-07-16 21:00:00,Home & Kitchen,188.66,Debit Card,18.0,0
TXN-14726,CUST-771,2023-07-16 22:00:00,Beauty,135.03,Debit Card,52.0,1
TXN-14727,CUST-719,2023-07-16 23:00:00,Beauty,81.79,Credit Card,45.0,0
TXN-14728,CUST-866,2023-07-17 00:00:00,Beauty,145.32,PayPal,,0
TXN-14729,CUST-388,2023-07-17 01:00:00,Beauty,170.04,UPI,52.0,1
TXN-14730,CUST-809,2023-07-17 02:00:00,Clothing,62.89,PayPal,34.0,0
TXN-14731,CUST-838,2023-07-17 03:00:00,Clothing,138.59,PayPal,25.0,1
TXN-14732,CUST-202,2023-07-17 04:00:00,Beauty,65.53,Debit Card,,0
TXN-14733,CUST-324,2023-07-17 05:00:00,Beauty,167.87,PayPal,45.0,0
TXN-14734,CUST-584,2023-07-17 06:00:00,Electronics,129.23,Credit Card,25.0,0
TXN-14735,CUST-370,2023-07-17 07:00:00,Clothing,145.19,UPI,60.0,1
TXN-14736,CUST-238,2023-07-17 08:00:00,Electronics,111.3,PayPal,52.0,1
TXN-14737,CUST-572,2023-07-17 09:00:00,Electronics,48.74,UPI,52.0,1
TXN-14738,CUST-724,2023-07-17 10:00:00,Books,102.34,PayPal,18.0,0
TXN-14739,CUST-202,2023-07-17 11:00:00,Home & Kitchen,157.19,UPI,45.0,0
TXN-14740,CUST-439,2023-07-17 12:00:00,Clothing,199.75,UPI,52.0,0
TXN-14741,CUST-991,2023-07-17 13:00:00,Beauty,131.29,UPI,34.0,0
TXN-14742,CUST-506,2023-07-17 14:00:00,Beauty,92.55,PayPal,60.0,1
TXN-14743,CUST-936,2023-07-17 15:00:00,Home & Kitchen,141.43,Credit Card,34.0,1
TXN-14744,CUST-120,2023-07-17 16:00:00,Clothing,153.6,UPI,25.0,0
TXN-14745,CUST-367,2023-07-17 17:00:00,Beauty,125.31,Debit Card,60.0,0
TXN-14746,CUST-983,2023-07-17 18:00:00,Beauty,122.85,Debit Card,60.0,1
TXN-14747,CUST-707,2023-07-17 19:00:00,Books,128.54,Debit Card,34.0,1
TXN-14748,CUST-164,2023-07-17 20:00:00,Electronics,121.74,Credit Card,52.0,0
TXN-14749,CUST-300,2023-07-17 21:00:00,Beauty,131.91,UPI,34.0,1
TXN-14750,CUST-538,2023-07-17 22:00:00,Clothing,193.1,Credit Card,45.0,0
TXN-14751,CUST-559,2023-07-17 23:00:00,Home & Kitchen,38.67,UPI,25.0,0
TXN-14752,CUST-300,2023-07-18 00:00:00,Books,110.46,Credit Card,,0
TXN-14753,CUST-198,2023-07-18 01:00:00,Clothing,82.71,UPI,60.0,0
TXN-14754,CUST-472,2023-07-18 02:00:00,Books,167.23,Debit Card,45.0,0
TXN-14755,CUST-786,2023-07-18 03:00:00,Electronics,114.36,UPI,52.0,0
TXN-14756,CUST-541,2023-07-18 04:00:00,Beauty,142.39,Credit Card,52.0,1
TXN-14757,CUST-833,2023-07-18 05:00:00,Clothing,177.09,UPI,34.0,0
TXN-14758,CUST-260,2023-07-18 06:00:00,Home & Kitchen,76.76,PayPal,18.0,0
TXN-14759,CUST-724,2023-07-18 07:00:00,Electronics,98.9,UPI,60.0,0
TXN-14760,CUST-199,2023-07-18 08:00:00,Electronics,172.96,Debit Card,60.0,0
TXN-14761,CUST-574,2023-07-18 09:00:00,Books,75.16,UPI,18.0,0
TXN-14762,CUST-574,2023-07-18 10:00:00,Electronics,100.25,PayPal,52.0,0
TXN-14763,CUST-238,2023-07-18 11:00:00,Clothing,55.99,PayPal,52.0,1
TXN-14764,CUST-376,2023-07-18 12:00:00,Books,174.53,PayPal,,0
TXN-14765,CUST-971,2023-07-18 13:00:00,Electronics,96.75,Credit Card,,0
TXN-14766,CUST-771,2023-07-18 14:00:00,Home & Kitchen,134.05,PayPal,60.0,0
TXN-14767,CUST-677,2023-07-18 15:00:00,Clothing,147.04,Credit Card,,0
TXN-14768,CUST-341,2023-07-18 16:00:00,Home & Kitchen,87.87,PayPal,,0
TXN-14769,CUST-819,2023-07-18 17:00:00,Home & Kitchen,43.84,Credit Card,25.0,0
TXN-14770,CUST-954,2023-07-18 18:00:00,Books,111.22,PayPal,60.0,0
TXN-14771,CUST-484,2023-07-18 19:00:00,Beauty,110.57,PayPal,52.0,0
TXN-14772,CUST-983,2023-07-18 20:00:00,Books,117.58,UPI,52.0,1
TXN-14773,CUST-971,2023-07-18 21:00:00,Clothing,117.8,PayPal,,0
TXN-14774,CUST-576,2023-07-18 22:00:00,Clothing,100.05,UPI,25.0,0
TXN-14775,CUST-674,2023-07-18 23:00:00,Books,98.5,PayPal,,0
TXN-14776,CUST-906,2023-07-19 00:00:00,Beauty,131.91,PayPal,,0
TXN-14777,CUST-367,2023-07-19 01:00:00,Books,87.05,UPI,45.0,0
TXN-14778,CUST-486,2023-07-19 02:00:00,Clothing,116.19,UPI,45.0,0
TXN-14779,CUST-205,2023-07-19 03:00:00,Beauty,97.48,Credit Card,25.0,0
TXN-14780,CUST-576,2023-07-19 04:00:00,Clothing,131.82,Debit Card,25.0,0
TXN-14781,CUST-918,2023-07-19 05:00:00,Beauty,164.34,UPI,45.0,0
TXN-14782,CUST-997,2023-07-19 06:00:00,Beauty,165.98,Credit Card,45.0,0
TXN-14783,CUST-799,2023-07-19 07:00:00,Books,171.57,PayPal,45.0,0
TXN-14784,CUST-342,2023-07-19 08:00:00,Books,106.64,UPI,45.0,0
TXN-14785,CUST-506,2023-07-19 09:00:00,Books,110.0,UPI,60.0,0
TXN-14786,CUST-665,2023-07-19 10:00:00,Beauty,69.24,PayPal,60.0,0
TXN-14787,CUST-763,2023-07-19 11:00:00,Beauty,106.3,PayPal,,1
TXN-14788,CUST-555,2023-07-19 12:00:00,Clothing,107.73,PayPal,34.0,1
TXN-14789,CUST-261,2023-07-19 13:00:00,Home & Kitchen,95.31,PayPal,,1
TXN-14790,CUST-609,2023-07-19 14:00:00,Books,95.13,Debit Card,25.0,0
TXN-14791,CUST-376,2023-07-19 15:00:00,Clothing,52.09,UPI,18.0,0
TXN-14792,CUST-929,2023-07-19 16:00:00,Clothing,66.32,PayPal,34.0,0
TXN-14793,CUST-413,2023-07-19 17:00:00,Electronics,121.78,PayPal,18.0,0
TXN-14794,CUST-458,2023-07-19 18:00:00,Books,123.28,Debit Card,18.0,0
TXN-14795,CUST-314,2023-07-19 19:00:00,Clothing,139.32,UPI,52.0,0
TXN-14796,CUST-592,2023-07-19 20:00:00,Electronics,109.64,Credit Card,25.0,0
TXN-14797,CUST-904,2023-07-19 21:00:00,Books,120.47,UPI,60.0,0
TXN-14798,CUST-332,2023-07-19 22:00:00,Beauty,170.02,Credit Card,34.0,0
TXN-14799,CUST-791,2023-07-19 23:00:00,Electronics,117.88,Debit Card,,0
TXN-14800,CUST-291,2023-07-20 00:00:00,Beauty,94.72,PayPal,25.0,1
TXN-14801,CUST-838,2023-07-20 01:00:00,Home & Kitchen,72.36,Debit Card,45.0,0
TXN-14802,CUST-776,2023-07-20 02:00:00,Home & Kitchen,151.9,UPI,25.0,0
TXN-14803,CUST-330,2023-07-20 03:00:00,Home & Kitchen,51.87,PayPal,18.0,1
TXN-14804,CUST-479,2023-07-20 04:00:00,Home & Kitchen,86.46,UPI,60.0,0
TXN-14805,CUST-484,2023-07-20 05:00:00,Clothing,136.74,Credit Card,45.0,1
TXN-14806,CUST-212,2023-07-20 06:00:00,Home & Kitchen,43.74,UPI,25.0,0
TXN-14807,CUST-790,2023-07-20 07:00:00,Clothing,95.43,Debit Card,25.0,0
TXN-14808,CUST-894,2023-07-20 08:00:00,Clothing,125.17,Debit Card,60.0,1
TXN-14809,CUST-229,2023-07-20 09:00:00,Books,104.67,Debit Card,18.0,0
TXN-14810,CUST-712,2023-07-20 10:00:00,Clothing,80.69,PayPal,,0
TXN-14811,CUST-491,2023-07-20 11:00:00,Clothing,96.26,UPI,45.0,0
TXN-14812,CUST-970,2023-07-20 12:00:00,Home & Kitchen,152.68,PayPal,18.0,0
TXN-14813,CUST-719,2023-07-20 13:00:00,Clothing,193.26,UPI,60.0,1
TXN-14814,CUST-324,2023-07-20 14:00:00,Beauty,125.58,Credit Card,25.0,0
TXN-14815,CUST-195,2023-07-20 15:00:00,Home & Kitchen,40.47,UPI,,0
TXN-14816,CUST-261,2023-07-20 16:00:00,Electronics,142.72,UPI,34.0,1
TXN-14817,CUST-566,2023-07-20 17:00:00,Home & Kitchen,104.14,UPI,34.0,0
TXN-14818,CUST-445,2023-07-20 18:00:00,Clothing,76.18,UPI,52.0,1
TXN-14819,CUST-719,2023-07-20 19:00:00,Beauty,87.99,Credit Card,34.0,0
TXN-14820,CUST-624,2023-07-20 20:00:00,Home & Kitchen,89.69,PayPal,60.0,0
TXN-14821,CUST-962,2023-07-20 21:00:00,Beauty,63.57,Debit Card,60.0,0
TXN-14822,CUST-829,2023-07-20 22:00:00,Electronics,117.48,UPI,60.0,1
TXN-14823,CUST-408,2023-07-20 23:00:00,Electronics,193.13,Debit Card,45.0,0
TXN-14824,CUST-894,2023-07-21 00:00:00,Books,76.03,Debit Card,52.0,0
TXN-14825,CUST-692,2023-07-21 01:00:00,Books,191.89,Debit Card,45.0,0
TXN-14826,CUST-591,2023-07-21 02:00:00,Home & Kitchen,128.32,Debit Card,,0
TXN-14827,CUST-663,2023-07-21 03:00:00,Books,116.28,UPI,34.0,0
TXN-14828,CUST-489,2023-07-21 04:00:00,Beauty,107.12,Debit Card,,0
TXN-14829,CUST-584,2023-07-21 05:00:00,Books,87.75,UPI,34.0,0
TXN-14830,CUST-541,2023-07-21 06:00:00,Beauty,131.67,Credit Card,25.0,0
TXN-14831,CUST-127,2023-07-21 07:00:00,Books,140.88,PayPal,45.0,0
TXN-14832,CUST-317,2023-07-21 08:00:00,Books,22.99,PayPal,18.0,0
TXN-14833,CUST-382,2023-07-21 09:00:00,Books,221.72,UPI,,1
TXN-14834,CUST-289,2023-07-21 10:00:00,Clothing,47.56,UPI,25.0,0
TXN-14835,CUST-560,2023-07-21 11:00:00,Clothing,99.11,PayPal,45.0,1
TXN-14836,CUST-140,2023-07-21 12:00:00,Books,17.67,Debit Card,60.0,0
TXN-14837,CUST-741,2023-07-21 13:00:00,Beauty,109.28,UPI,52.0,1
TXN-14838,CUST-147,2023-07-21 14:00:00,Home & Kitchen,101.54,Debit Card,,0
TXN-14839,CUST-739,2023-07-21 15:00:00,Electronics,99.53,UPI,45.0,1
TXN-14840,CUST-259,2023-07-21 16:00:00,Clothing,132.17,UPI,52.0,0
TXN-14841,CUST-781,2023-07-21 17:00:00,Books,110.25,Credit Card,,1
TXN-14842,CUST-604,2023-07-21 18:00:00,Electronics,141.54,Credit Card,52.0,0
TXN-14843,CUST-541,2023-07-21 19:00:00,Clothing,70.51,PayPal,,0
TXN-14844,CUST-610,2023-07-21 20:00:00,Home & Kitchen,123.1,Credit Card,34.0,0
TXN-14845,CUST-484,2023-07-21 21:00:00,Beauty,94.73,Credit Card,18.0,1
TXN-14846,CUST-164,2023-07-21 22:00:00,Books,105.19,PayPal,,0
TXN-14847,CUST-319,2023-07-21 23:00:00,Home & Kitchen,130.81,Debit Card,45.0,0
TXN-14848,CUST-291,2023-07-22 00:00:00,Clothing,99.83,Credit Card,18.0,0
TXN-14849,CUST-352,2023-07-22 01:00:00,Books,115.79,Debit Card,52.0,1
TXN-14850,CUST-171,2023-07-22 02:00:00,Electronics,73.83,PayPal,34.0,0
TXN-14851,CUST-978,2023-07-22 03:00:00,Beauty,163.82,UPI,,0
TXN-14852,CUST-297,2023-07-22 04:00:00,Clothing,149.14,Debit Card,18.0,0
TXN-14853,CUST-875,2023-07-22 05:00:00,Beauty,124.0,PayPal,25.0,0
TXN-14854,CUST-939,2023-07-22 06:00:00,Books,110.29,Debit Card,52.0,0
TXN-14855,CUST-876,2023-07-22 07:00:00,Home & Kitchen,115.83,PayPal,25.0,0
TXN-14856,CUST-120,2023-07-22 08:00:00,Beauty,162.96,PayPal,60.0,1
TXN-14857,CUST-912,2023-07-22 09:00:00,Electronics,146.3,UPI,18.0,1
TXN-14858,CUST-114,2023-07-22 10:00:00,Clothing,163.63,Debit Card,18.0,0
TXN-14859,CUST-560,2023-07-22 11:00:00,Electronics,106.32,UPI,18.0,0
TXN-14860,CUST-489,2023-07-22 12:00:00,Beauty,139.34,UPI,60.0,0
TXN-14861,CUST-882,2023-07-22 13:00:00,Home & Kitchen,167.55,Debit Card,45.0,0
TXN-14862,CUST-774,2023-07-22 14:00:00,Home & Kitchen,82.95,Debit Card,52.0,0
TXN-14863,CUST-472,2023-07-22 15:00:00,Electronics,80.44,PayPal,52.0,0
TXN-14864,CUST-135,2023-07-22 16:00:00,Books,131.01,Debit Card,,1
TXN-14865,CUST-714,2023-07-22 17:00:00,Books,70.6,PayPal,,0
TXN-14866,CUST-187,2023-07-22 18:00:00,Home & Kitchen,47.37,PayPal,,0
TXN-14867,CUST-561,2023-07-22 19:00:00,Electronics,166.99,PayPal,52.0,0
TXN-14868,CUST-727,2023-07-22 20:00:00,Electronics,173.96,PayPal,45.0,1
TXN-14869,CUST-771,2023-07-22 21:00:00,Electronics,72.8,PayPal,18.0,0
TXN-14870,CUST-891,2023-07-22 22:00:00,Beauty,62.72,PayPal,18.0,0
TXN-14871,CUST-202,2023-07-22 23:00:00,Books,93.87,Debit Card,60.0,1
TXN-14872,CUST-319,2023-07-23 00:00:00,Books,170.11,Debit Card,25.0,0
TXN-14873,CUST-895,2023-07-23 01:00:00,Beauty,103.57,Credit Card,45.0,0
TXN-14874,CUST-437,2023-07-23 02:00:00,Clothing,123.79,Debit Card,34.0,0
TXN-14875,CUST-342,2023-07-23 03:00:00,Beauty,133.0,UPI,45.0,1
TXN-14876,CUST-314,2023-07-23 04:00:00,Electronics,126.95,Credit Card,60.0,0
TXN-14877,CUST-584,2023-07-23 05:00:00,Beauty,179.76,Debit Card,25.0,1
TXN-14878,CUST-827,2023-07-23 06:00:00,Electronics,91.2,UPI,25.0,1
TXN-14879,CUST-809,2023-07-23 07:00:00,Home & Kitchen,115.91,Debit Card,,0
TXN-14880,CUST-970,2023-07-23 08:00:00,Electronics,129.3,PayPal,,0
TXN-14881,CUST-692,2023-07-23 09:00:00,Books,118.04,Credit Card,25.0,1
TXN-14882,CUST-591,2023-07-23 10:00:00,Beauty,71.24,PayPal,18.0,0
TXN-14883,CUST-971,2023-07-23 11:00:00,Electronics,61.1,Credit Card,34.0,0
TXN-14884,CUST-330,2023-07-23 12:00:00,Clothing,60.26,Credit Card,25.0,0
TXN-14885,CUST-589,2023-07-23 13:00:00,Home & Kitchen,149.05,PayPal,52.0,0
TXN-14886,CUST-575,2023-07-23 14:00:00,Clothing,87.18,Credit Card,18.0,1
TXN-14887,CUST-302,2023-07-23 15:00:00,Clothing,138.77,Credit Card,34.0,1
TXN-14888,CUST-300,2023-07-23 16:00:00,Clothing,123.47,Debit Card,52.0,0
TXN-14889,CUST-501,2023-07-23 17:00:00,Home & Kitchen,81.01,UPI,34.0,0
TXN-14890,CUST-560,2023-07-23 18:00:00,Home & Kitchen,82.0,PayPal,60.0,1
TXN-14891,CUST-918,2023-07-23 19:00:00,Home & Kitchen,125.36,Debit Card,34.0,1
TXN-14892,CUST-904,2023-07-23 20:00:00,Home & Kitchen,123.11,Debit Card,52.0,0
TXN-14893,CUST-646,2023-07-23 21:00:00,Clothing,139.68,PayPal,45.0,0
TXN-14894,CUST-978,2023-07-23 22:00:00,Books,101.7,Credit Card,34.0,0
TXN-14895,CUST-518,2023-07-23 23:00:00,Books,86.13,PayPal,45.0,0
TXN-14896,CUST-510,2023-07-24 00:00:00,Home & Kitchen,124.39,UPI,34.0,0
TXN-14897,CUST-289,2023-07-24 01:00:00,Beauty,176.8,UPI,60.0,1
TXN-14898,CUST-445,2023-07-24 02:00:00,Electronics,44.93,PayPal,52.0,1
TXN-14899,CUST-929,2023-07-24 03:00:00,Beauty,88.04,Debit Card,34.0,0
TXN-14900,CUST-171,2023-07-24 04:00:00,Beauty,143.62,PayPal,25.0,0
TXN-14901,CUST-515,2023-07-24 05:00:00,Beauty,128.66,UPI,60.0,0
TXN-14902,CUST-655,2023-07-24 06:00:00,Books,144.2,PayPal,25.0,0
TXN-14903,CUST-835,2023-07-24 07:00:00,Electronics,102.81,Credit Card,60.0,0
TXN-14904,CUST-259,2023-07-24 08:00:00,Beauty,55.52,PayPal,60.0,1
TXN-14905,CUST-591,2023-07-24 09:00:00,Home & Kitchen,186.86,Debit Card,,0
TXN-14906,CUST-879,2023-07-24 10:00:00,Books,163.35,Credit Card,34.0,0
TXN-14907,CUST-592,2023-07-24 11:00:00,Home & Kitchen,119.03,UPI,52.0,0
TXN-14908,CUST-341,2023-07-24 12:00:00,Home & Kitchen,86.33,PayPal,,0
TXN-14909,CUST-114,2023-07-24 13:00:00,Beauty,100.38,Debit Card,52.0,1
TXN-14910,CUST-608,2023-07-24 14:00:00,Home & Kitchen,129.16,Debit Card,18.0,1
TXN-14911,CUST-316,2023-07-24 15:00:00,Electronics,109.93,UPI,52.0,0
TXN-14912,CUST-978,2023-07-24 16:00:00,Home & Kitchen,119.42,PayPal,45.0,1
TXN-14913,CUST-929,2023-07-24 17:00:00,Beauty,184.41,Debit Card,34.0,0
TXN-14914,CUST-677,2023-07-24 18:00:00,Home & Kitchen,156.95,Credit Card,25.0,0
TXN-14915,CUST-939,2023-07-24 19:00:00,Books,73.17,PayPal,52.0,0
TXN-14916,CUST-352,2023-07-24 20:00:00,Books,123.08,UPI,25.0,0
TXN-14917,CUST-513,2023-07-24 21:00:00,Books,99.19,Credit Card,18.0,0
TXN-14918,CUST-333,2023-07-24 22:00:00,Clothing,131.92,PayPal,34.0,0
TXN-14919,CUST-558,2023-07-24 23:00:00,Books,117.47,Debit Card,52.0,0
TXN-14920,CUST-882,2023-07-25 00:00:00,Books,238.71,UPI,,0
TXN-14921,CUST-605,2023-07-25 01:00:00,Clothing,137.17,UPI,25.0,1
TXN-14922,CUST-748,2023-07-25 02:00:00,Books,114.63,PayPal,,0
TXN-14923,CUST-270,2023-07-25 03:00:00,Beauty,193.72,UPI,60.0,1
TXN-14924,CUST-343,2023-07-25 04:00:00,Books,128.22,Credit Card,,0
TXN-14925,CUST-430,2023-07-25 05:00:00,Books,59.25,PayPal,52.0,0
TXN-14926,CUST-602,2023-07-25 06:00:00,Clothing,115.02,Credit Card,18.0,0
TXN-14927,CUST-152,2023-07-25 07:00:00,Beauty,144.55,UPI,,0
TXN-14928,CUST-608,2023-07-25 08:00:00,Home & Kitchen,139.38,UPI,60.0,0
TXN-14929,CUST-289,2023-07-25 09:00:00,Electronics,160.21,UPI,25.0,0
TXN-14930,CUST-833,2023-07-25 10:00:00,Beauty,126.15,Credit Card,25.0,1
TXN-14931,CUST-393,2023-07-25 11:00:00,Home & Kitchen,123.32,UPI,34.0,1
TXN-14932,CUST-485,2023-07-25 12:00:00,Beauty,63.9,PayPal,,0
TXN-14933,CUST-790,2023-07-25 13:00:00,Home & Kitchen,181.14,Debit Card,,0
TXN-14934,CUST-367,2023-07-25 14:00:00,Home & Kitchen,107.78,PayPal,34.0,0
TXN-14935,CUST-620,2023-07-25 15:00:00,Beauty,80.82,Debit Card,25.0,0
TXN-14936,CUST-653,2023-07-25 16:00:00,Clothing,225.12,UPI,60.0,1
TXN-14937,CUST-956,2023-07-25 17:00:00,Beauty,187.2,PayPal,,0
TXN-14938,CUST-915,2023-07-25 18:00:00,Beauty,102.09,Credit Card,34.0,0
TXN-14939,CUST-962,2023-07-25 19:00:00,Home & Kitchen,44.77,Debit Card,25.0,0
TXN-14940,CUST-443,2023-07-25 20:00:00,Electronics,91.26,Credit Card,60.0,0
TXN-14941,CUST-602,2023-07-25 21:00:00,Home & Kitchen,183.17,Debit Card,45.0,0
TXN-14942,CUST-180,2023-07-25 22:00:00,Books,127.07,UPI,52.0,0
TXN-14943,CUST-297,2023-07-25 23:00:00,Beauty,66.02,PayPal,,0
TXN-14944,CUST-620,2023-07-26 00:00:00,Beauty,151.36,Debit Card,45.0,0
TXN-14945,CUST-147,2023-07-26 01:00:00,Clothing,111.61,PayPal,45.0,0
TXN-14946,CUST-472,2023-07-26 02:00:00,Home & Kitchen,94.05,Debit Card,52.0,0
TXN-14947,CUST-485,2023-07-26 03:00:00,Clothing,97.09,Debit Card,25.0,1
TXN-14948,CUST-492,2023-07-26 04:00:00,Beauty,172.26,UPI,25.0,1
TXN-14949,CUST-289,2023-07-26 05:00:00,Home & Kitchen,141.87,Debit Card,34.0,1
TXN-14950,CUST-324,2023-07-26 06:00:00,Home & Kitchen,60.56,Credit Card,18.0,1
TXN-14951,CUST-430,2023-07-26 07:00:00,Books,134.69,Debit Card,25.0,0
TXN-14952,CUST-489,2023-07-26 08:00:00,Books,124.3,Debit Card,52.0,0
TXN-14953,CUST-935,2023-07-26 09:00:00,Electronics,103.18,Debit Card,18.0,0
TXN-14954,CUST-510,2023-07-26 10:00:00,Books,105.29,UPI,52.0,1
TXN-14955,CUST-489,2023-07-26 11:00:00,Home & Kitchen,85.4,PayPal,52.0,1
TXN-14956,CUST-113,2023-07-26 12:00:00,Books,93.5,PayPal,52.0,0
TXN-14957,CUST-692,2023-07-26 13:00:00,Electronics,131.59,UPI,,1
TXN-14958,CUST-602,2023-07-26 14:00:00,Beauty,108.9,Credit Card,,0
TXN-14959,CUST-863,2023-07-26 15:00:00,Books,141.83,Credit Card,18.0,0
TXN-14960,CUST-415,2023-07-26 16:00:00,Home & Kitchen,88.6,UPI,45.0,0
TXN-14961,CUST-971,2023-07-26 17:00:00,Beauty,148.3,PayPal,,0
TXN-14962,CUST-875,2023-07-26 18:00:00,Home & Kitchen,172.58,Credit Card,60.0,0
TXN-14963,CUST-300,2023-07-26 19:00:00,Beauty,119.73,UPI,52.0,0
TXN-14964,CUST-732,2023-07-26 20:00:00,Home & Kitchen,140.83,PayPal,,1
TXN-14965,CUST-826,2023-07-26 21:00:00,Books,142.39,Credit Card,34.0,0
TXN-14966,CUST-871,2023-07-26 22:00:00,Books,99.92,Credit Card,25.0,0
TXN-14967,CUST-602,2023-07-26 23:00:00,Electronics,142.53,UPI,60.0,0
TXN-14968,CUST-497,2023-07-27 00:00:00,Beauty,29.26,PayPal,25.0,1
TXN-14969,CUST-491,2023-07-27 01:00:00,Electronics,13.34,Credit Card,25.0,1
TXN-14970,CUST-666,2023-07-27 02:00:00,Clothing,106.82,UPI,18.0,1
TXN-14971,CUST-692,2023-07-27 03:00:00,Books,145.34,Credit Card,34.0,0
TXN-14972,CUST-518,2023-07-27 04:00:00,Beauty,116.6,PayPal,34.0,0
TXN-14973,CUST-571,2023-07-27 05:00:00,Electronics,149.83,Debit Card,60.0,0
TXN-14974,CUST-848,2023-07-27 06:00:00,Electronics,71.93,Credit Card,34.0,0
TXN-14975,CUST-500,2023-07-27 07:00:00,Clothing,155.31,PayPal,34.0,0
TXN-14976,CUST-761,2023-07-27 08:00:00,Electronics,185.15,Credit Card,34.0,0
TXN-14977,CUST-576,2023-07-27 09:00:00,Home & Kitchen,92.14,Debit Card,60.0,0
TXN-14978,CUST-851,2023-07-27 10:00:00,Books,150.84,Debit Card,45.0,1
TXN-14979,CUST-152,2023-07-27 11:00:00,Electronics,120.91,Credit Card,34.0,0
TXN-14980,CUST-875,2023-07-27 12:00:00,Electronics,137.67,UPI,,1
TXN-14981,CUST-653,2023-07-27 13:00:00,Clothing,185.07,Credit Card,34.0,0
TXN-14982,CUST-879,2023-07-27 14:00:00,Home & Kitchen,133.09,PayPal,18.0,0
TXN-14983,CUST-555,2023-07-27 15:00:00,Electronics,150.58,UPI,18.0,0
TXN-14984,CUST-332,2023-07-27 16:00:00,Books,69.48,PayPal,,1
TXN-14985,CUST-479,2023-07-27 17:00:00,Books,149.35,PayPal,34.0,0
TXN-14986,CUST-501,2023-07-27 18:00:00,Electronics,184.4,UPI,45.0,0
TXN-14987,CUST-485,2023-07-27 19:00:00,Home & Kitchen,83.06,Debit Card,34.0,0
TXN-14988,CUST-591,2023-07-27 20:00:00,Books,107.08,PayPal,,0
TXN-14989,CUST-120,2023-07-27 21:00:00,Books,147.45,Credit Card,34.0,0
TXN-14990,CUST-243,2023-07-27 22:00:00,Home & Kitchen,137.91,Debit Card,34.0,0
TXN-14991,CUST-692,2023-07-27 23:00:00,Home & Kitchen,65.61,Debit Card,52.0,1
TXN-14992,CUST-929,2023-07-28 00:00:00,Electronics,126.6,UPI,45.0,1
TXN-14993,CUST-660,2023-07-28 01:00:00,Beauty,106.69,Credit Card,25.0,0
TXN-14994,CUST-527,2023-07-28 02:00:00,Clothing,81.25,Credit Card,,0
TXN-14995,CUST-330,2023-07-28 03:00:00,Beauty,174.27,Debit Card,34.0,0
TXN-14996,CUST-602,2023-07-28 04:00:00,Beauty,120.22,PayPal,,0
TXN-14997,CUST-712,2023-07-28 05:00:00,Books,159.32,PayPal,25.0,0
TXN-14998,CUST-732,2023-07-28 06:00:00,Home & Kitchen,73.06,Credit Card,45.0,0
TXN-14999,CUST-506,2023-07-28 07:00:00,Books,143.56,Debit Card,,0
TXN-10000,CUST-833,2023-01-01 00:00:00,Home & Kitchen,130.26,UPI,34.0,0
TXN-10001,CUST-712,2023-01-01 01:00:00,Clothing,200.53,Credit Card,18.0,0
TXN-10002,CUST-879,2023-01-01 02:00:00,Electronics,98.88,Debit Card,52.0,0
TXN-10003,CUST-663,2023-01-01 03:00:00,Beauty,137.29,UPI,60.0,0
TXN-10004,CUST-939,2023-01-01 04:00:00,Books,110.89,Credit Card,25.0,0
TXN-10005,CUST-879,2023-01-01 05:00:00,Books,21.54,UPI,52.0,0
TXN-10006,CUST-798,2023-01-01 06:00:00,Home & Kitchen,112.26,Debit Card,18.0,1
TXN-10007,CUST-228,2023-01-01 07:00:00,Electronics,82.54,PayPal,60.0,0
TXN-10008,CUST-574,2023-01-01 08:00:00,Beauty,117.33,Credit Card,52.0,1
TXN-10009,CUST-747,2023-01-01 09:00:00,Electronics,118.94,Debit Card,25.0,0
TXN-10010,CUST-665,2023-01-01 10:00:00,Books,135.41,Credit Card,18.0,0
TXN-10011,CUST-602,2023-01-01 11:00:00,Electronics,98.79,Credit Card,34.0,0
TXN-10012,CUST-708,2023-01-01 12:00:00,Beauty,103.8,PayPal,34.0,1
TXN-10013,CUST-915,2023-01-01 13:00:00,Home & Kitchen,148.03,PayPal,45.0,0
TXN-10014,CUST-212,2023-01-01 14:00:00,Clothing,87.64,UPI,52.0,0
TXN-10015,CUST-663,2023-01-01 15:00:00,Electronics,46.46,Debit Card,25.0,0
TXN-10016,CUST-127,2023-01-01 16:00:00,Clothing,126.28,Debit Card,52.0,1
TXN-10017,CUST-152,2023-01-01 17:00:00,Books,162.83,PayPal,18.0,1
TXN-10018,CUST-266,2023-01-01 18:00:00,Home & Kitchen,147.57,Credit Card,45.0,0
TXN-10019,CUST-535,2023-01-01 19:00:00,Home & Kitchen,127.02,UPI,25.0,0
TXN-10020,CUST-609,2023-01-01 20:00:00,Electronics,170.03,PayPal,52.0,1
TXN-10021,CUST-872,2023-01-01 21:00:00,Home & Kitchen,163.28,UPI,25.0,1
TXN-10022,CUST-956,2023-01-01 22:00:00,Electronics,106.76,UPI,18.0,0
TXN-10023,CUST-646,2023-01-01 23:00:00,Electronics,129.9,Debit Card,45.0,1
TXN-10024,CUST-714,2023-01-02 00:00:00,Clothing,131.62,UPI,25.0,0
TXN-10025,CUST-748,2023-01-02 01:00:00,Home & Kitchen,116.53,Debit Card,18.0,0
TXN-10026,CUST-915,2023-01-02 02:00:00,Electronics,165.37,Credit Card,34.0,0
TXN-10027,CUST-939,2023-01-02 03:00:00,Clothing,113.91,Credit Card,25.0,0
TXN-10028,CUST-895,2023-01-02 04:00:00,Beauty,99.99,PayPal,45.0,0
TXN-10029,CUST-162,2023-01-02 05:00:00,Clothing,16.34,Credit Card,,0
TXN-10030,CUST-506,2023-01-02 06:00:00,Clothing,88.07,Debit Card,60.0,0
TXN-10031,CUST-230,2023-01-02 07:00:00,Electronics,67.38,UPI,60.0,0
TXN-10032,CUST-256,2023-01-02 08:00:00,Books,118.38,UPI,25.0,0
TXN-10033,CUST-838,2023-01-02 09:00:00,Books,69.85,Credit Card,25.0,0
TXN-10034,CUST-287,2023-01-02 10:00:00,Books,144.35,Debit Card,18.0,1
TXN-10035,CUST-527,2023-01-02 11:00:00,Clothing,164.34,UPI,52.0,0
TXN-10036,CUST-891,2023-01-02 12:00:00,Electronics,118.75,Credit Card,60.0,0
TXN-10037,CUST-351,2023-01-02 13:00:00,Home & Kitchen,80.64,Debit Card,52.0,0
TXN-10038,CUST-609,2023-01-02 14:00:00,Clothing,131.46,Debit Card,60.0,1
TXN-10039,CUST-844,2023-01-02 15:00:00,Clothing,195.74,UPI,25.0,0
TXN-10040,CUST-152,2023-01-02 16:00:00,Electronics,183.3,PayPal,45.0,0
TXN-10041,CUST-915,2023-01-02 17:00:00,Beauty,63.76,PayPal,45.0,1
TXN-10042,CUST-673,2023-01-02 18:00:00,Clothing,62.27,Debit Card,,0
TXN-10043,CUST-640,2023-01-02 19:00:00,Beauty,52.02,Debit Card,60.0,0
TXN-10044,CUST-561,2023-01-02 20:00:00,Beauty,74.52,Credit Card,60.0,0
TXN-10045,CUST-895,2023-01-02 21:00:00,Books,130.06,Debit Card,18.0,0
TXN-10046,CUST-866,2023-01-02 22:00:00,Electronics,97.73,Credit Card,25.0,0
TXN-10047,CUST-838,2023-01-02 23:00:00,Beauty,86.45,Credit Card,25.0,1
TXN-10048,CUST-445,2023-01-03 00:00:00,Electronics,161.56,Credit Card,,0
TXN-10049,CUST-393,2023-01-03 01:00:00,Books,141.2,Debit Card,52.0,1
TXN-461658,CUST-477,2026-08-06 05:15:44,Electronics,175.69,UPI,60.0,0
TXN-748997,CUST-246,2026-08-06 05:15:44,Electronics,124.56,Credit Card,45.0,1
TXN-132588,CUST-894,2026-08-06 05:15:44,Home & Kitchen,95.23,PayPal,34.0,0
TXN-836459,CUST-534,2026-08-06 05:15:44,Home & Kitchen,169.87,Credit Card,,1
TXN-235717,CUST-510,2026-08-06 05:15:44,Beauty,92.83,PayPal,34.0,1
TXN-240015,CUST-638,2026-08-06 05:15:44,Clothing,111.61,Credit Card,60.0,0
TXN-918425,CUST-956,2026-08-06 05:15:44,Beauty,103.56,Debit Card,45.0,1
TXN-876742,CUST-686,2026-08-06 05:15:44,Home & Kitchen,56.78,Credit Card,45.0,0
TXN-506891,CUST-393,2026-08-06 05:15:44,Home & Kitchen,88.38,Debit Card,52.0,0
TXN-218723,CUST-779,2026-08-06 05:15:44,Home & Kitchen,114.13,UPI,18.0,0
TXN-713659,CUST-935,2026-08-06 05:15:44,Beauty,94.45,UPI,18.0,0
TXN-777386,CUST-105,2026-08-06 05:15:44,Clothing,143.08,Debit Card,45.0,0
TXN-152698,CUST-261,2026-08-06 05:15:44,Home & Kitchen,118.14,UPI,52.0,0
TXN-860684,CUST-696,2026-08-06 05:15:44,Clothing,64.84,Debit Card,60.0,0
TXN-416859,CUST-263,2026-08-06 05:15:44,Clothing,99.29,PayPal,18.0,0
TXN-353447,CUST-458,2026-08-06 05:15:44,Electronics,137.53,Debit Card,45.0,1
TXN-421758,CUST-798,2026-08-06 05:15:44,Home & Kitchen,202.85,Credit Card,45.0,0
TXN-542734,CUST-420,2026-08-06 05:15:44,Home & Kitchen,97.51,Debit Card,45.0,1
TXN-839579,CUST-896,2026-08-06 05:15:44,Electronics,185.15,Debit Card,45.0,0
TXN-101997,CUST-638,2026-08-06 05:15:44,Electronics,140.82,Debit Card,34.0,0
TXN-403493,CUST-322,2026-08-06 05:15:44,Beauty,87.9,Credit Card,,1
TXN-450337,CUST-723,2026-08-06 05:15:44,Books,128.29,UPI,,0
TXN-694782,CUST-873,2026-08-06 05:15:44,Beauty,139.11,UPI,25.0,1
TXN-509668,CUST-397,2026-08-06 05:15:44,Home & Kitchen,43.16,UPI,,0
TXN-519489,CUST-229,2026-08-06 05:15:44,Beauty,103.46,Credit Card,45.0,0
TXN-106456,CUST-266,2026-08-06 05:15:44,Home & Kitchen,148.73,Debit Card,60.0,0
TXN-871473,CUST-962,2026-08-06 05:15:44,Home & Kitchen,172.6,PayPal,18.0,0
TXN-967226,CUST-927,2026-08-06 05:15:44,Clothing,125.33,PayPal,34.0,0
TXN-583809,CUST-231,2026-08-06 05:15:44,Electronics,166.16,PayPal,34.0,0
TXN-835136,CUST-716,2026-08-06 05:15:44,Home & Kitchen,159.96,Credit Card,25.0,0
TXN-983649,CUST-939,2026-08-06 05:15:44,Electronics,95.95,Debit Card,34.0,1
TXN-635987,CUST-597,2026-08-06 05:15:44,Electronics,64.1,PayPal,60.0,0
TXN-784790,CUST-803,2026-08-06 05:15:44,Books,88.55,Credit Card,25.0,0
TXN-558162,CUST-633,2026-08-06 05:15:44,Clothing,78.98,UPI,25.0,0
TXN-884086,CUST-815,2026-08-06 05:15:44,Electronics,136.55,UPI,25.0,0
TXN-681533,CUST-449,2026-08-06 05:15:44,Home & Kitchen,165.31,PayPal,34.0,1
TXN-872283,CUST-977,2026-08-06 05:15:44,Books,193.5,Credit Card,18.0,0
TXN-884096,CUST-525,2026-08-06 05:15:44,Beauty,112.78,Debit Card,34.0,0
TXN-823890,CUST-967,2026-08-06 05:15:44,Electronics,141.6,PayPal,25.0,1
TXN-819873,CUST-420,2026-08-06 05:15:44,Electronics,47.4,Debit Card,60.0,0
TXN-526017,CUST-730,2026-08-06 05:15:44,Beauty,116.3,Credit Card,18.0,0
TXN-407153,CUST-510,2026-08-06 05:15:44,Home & Kitchen,181.32,Debit Card,25.0,0
TXN-671571,CUST-890,2026-08-06 05:15:44,Clothing,148.37,Credit Card,25.0,1
TXN-593159,CUST-762,2026-08-06 05:15:44,Beauty,115.92,Debit Card,25.0,0
TXN-654971,CUST-876,2026-08-06 05:15:44,Clothing,141.03,PayPal,,0
TXN-313115,CUST-687,2026-08-06 05:15:44,Beauty,182.07,Debit Card,25.0,0
TXN-707683,CUST-140,2026-08-06 05:15:44,Home & Kitchen,179.89,UPI,25.0,0
TXN-113063,CUST-127,2026-08-06 05:15:44,Beauty,69.72,PayPal,60.0,0
TXN-355235,CUST-586,2026-08-06 05:15:44,Clothing,137.28,UPI,45.0,0
TXN-551989,CUST-560,2026-08-06 05:15:44,Home & Kitchen,133.95,Debit Card,45.0,0
TXN-526714,CUST-973,2026-08-06 05:15:44,Electronics,132.85,Credit Card,18.0,0
TXN-380260,CUST-560,2026-08-06 05:15:44,Electronics,132.0,UPI,60.0,0
TXN-541953,CUST-397,2026-08-06 05:15:44,Clothing,122.93,UPI,,0
TXN-243636,CUST-562,2026-08-06 05:15:44,Beauty,129.89,UPI,25.0,1
TXN-301499,CUST-879,2026-08-05 23:48:42,Books,167.72,PayPal,18.0,1
TXN-880169,CUST-954,2026-08-05 23:48:42,Electronics,30.24,Debit Card,52.0,0
TXN-797124,CUST-244,2026-08-05 23:48:42,Beauty,105.75,Credit Card,25.0,0
TXN-442755,CUST-241,2026-08-05 23:48:42,Clothing,117.86,Credit Card,18.0,0
TXN-713111,CUST-180,2026-08-05 23:48:42,Books,134.07,UPI,60.0,0
TXN-207748,CUST-494,2026-08-05 23:48:42,Clothing,151.64,Credit Card,45.0,0
TXN-183315,CUST-551,2026-08-05 23:48:42,Clothing,177.35,Credit Card,,0
TXN-791147,CUST-328,2026-08-05 23:48:42,Beauty,162.62,UPI,18.0,0
TXN-912744,CUST-696,2026-08-05 23:48:42,Home & Kitchen,140.97,Debit Card,,0
TXN-174889,CUST-824,2026-08-05 23:48:42,Books,96.29,Debit Card,25.0,0
TXN-603754,CUST-820,2026-08-05 23:48:42,Home & Kitchen,83.58,PayPal,18.0,0
TXN-255004,CUST-365,2026-08-05 23:48:42,Home & Kitchen,137.09,Debit Card,25.0,0
TXN-580896,CUST-500,2026-08-05 23:48:42,Clothing,54.45,Credit Card,52.0,0
TXN-867425,CUST-216,2026-08-05 23:48:42,Clothing,104.3,PayPal,45.0,0
TXN-554427,CUST-951,2026-08-05 23:48:42,Home & Kitchen,193.57,Debit Card,34.0,0
TXN-414996,CUST-578,2026-08-05 23:48:42,Clothing,141.23,Debit Card,25.0,1
TXN-586771,CUST-317,2026-08-05 23:48:42,Books,29.55,Credit Card,34.0,1
TXN-420962,CUST-925,2026-08-05 23:48:42,Books,52.81,Debit Card,45.0,0
TXN-512201,CUST-244,2026-08-05 23:48:42,Home & Kitchen,210.69,Credit Card,18.0,0
TXN-970656,CUST-275,2026-08-05 23:48:42,Home & Kitchen,153.47,Debit Card,25.0,0
TXN-347993,CUST-545,2026-08-05 23:48:42,Clothing,89.37,PayPal,45.0,0
TXN-289328,CUST-780,2026-08-05 23:48:42,Beauty,81.12,Credit Card,34.0,1
TXN-145923,CUST-426,2026-08-05 23:48:42,Books,111.62,Debit Card,,0
TXN-505411,CUST-216,2026-08-05 23:48:42,Clothing,68.75,UPI,45.0,0
TXN-245559,CUST-691,2026-08-05 23:48:42,Electronics,145.65,PayPal,34.0,0
TXN-502444,CUST-696,2026-08-05 23:48:42,Beauty,181.85,UPI,60.0,0
TXN-799047,CUST-900,2026-08-05 23:48:42,Clothing,136.89,UPI,34.0,0
TXN-510028,CUST-569,2026-08-05 23:48:42,Beauty,120.39,Credit Card,60.0,0
TXN-623731,CUST-311,2026-08-05 23:48:42,Books,193.65,PayPal,18.0,0
TXN-172506,CUST-578,2026-08-05 23:48:42,Electronics,159.3,Debit Card,34.0,0
TXN-319053,CUST-247,2026-08-05 23:48:42,Clothing,129.9,Debit Card,34.0,1
TXN-890756,CUST-984,2026-08-05 23:48:42,Clothing,77.64,Debit Card,45.0,0
TXN-458410,CUST-382,2026-08-05 23:48:42,Beauty,125.95,PayPal,45.0,0
TXN-964674,CUST-292,2026-08-05 23:48:42,Home & Kitchen,126.95,Debit Card,60.0,0
TXN-444265,CUST-593,2026-08-05 23:48:42,Beauty,166.9,UPI,25.0,0
TXN-877469,CUST-138,2026-08-05 23:48:42,Beauty,100.18,PayPal,,0
TXN-129750,CUST-778,2026-08-05 23:48:42,Books,116.6,Debit Card,52.0,0
TXN-956888,CUST-925,2026-08-05 23:48:42,Beauty,157.79,PayPal,34.0,0
TXN-150200,CUST-357,2026-08-05 23:48:42,Books,54.58,Credit Card,52.0,0
TXN-509359,CUST-906,2026-08-05 23:48:42,Beauty,105.42,Debit Card,18.0,1
TXN-128594,CUST-533,2026-08-05 23:48:42,Electronics,68.56,Credit Card,52.0,0
TXN-171940,CUST-693,2026-08-05 23:48:42,Electronics,76.8,UPI,25.0,0
TXN-981172,CUST-318,2026-08-05 23:48:42,Electronics,131.45,PayPal,,0
TXN-660795,CUST-854,2026-08-05 23:48:42,Books,130.14,Credit Card,52.0,0
TXN-519071,CUST-349,2026-08-05 23:48:42,Electronics,150.42,UPI,52.0,0
TXN-544886,CUST-208,2026-08-05 23:48:42,Clothing,108.11,UPI,34.0,0
TXN-673085,CUST-298,2026-08-05 23:48:42,Home & Kitchen,125.31,PayPal,45.0,1
TXN-950871,CUST-538,2026-08-05 23:48:42,Beauty,113.53,Credit Card,34.0,0
TXN-634005,CUST-433,2026-08-05 23:48:42,Electronics,163.05,Debit Card,34.0,0
TXN-124793,CUST-426,2026-08-05 23:48:42,Home & Kitchen,152.39,UPI,60.0,0
TXN-922650,CUST-318,2026-08-05 23:48:42,Electronics,88.44,UPI,60.0,0
TXN-293779,CUST-784,2026-08-05 23:48:42,Books,113.27,PayPal,18.0,1
TXN-567863,CUST-560,2026-08-05 23:48:42,Home & Kitchen,124.78,PayPal,52.0,0
TXN-808853,CUST-324,2026-08-05 23:48:42,Home & Kitchen,115.29,Credit Card,52.0,1
TXN-168450,CUST-248,2026-08-05 23:48:42,Beauty,168.68,UPI,34.0,0
TXN-541085,CUST-194,2026-08-05 23:48:42,Beauty,117.03,Credit Card,34.0,0
TXN-490276,CUST-475,2026-08-05 23:48:42,Home & Kitchen,41.2,PayPal,60.0,0
TXN-321751,CUST-521,2026-08-05 23:48:42,Beauty,77.42,PayPal,18.0,0
TXN-460704,CUST-584,2026-08-05 23:48:42,Home & Kitchen,141.59,UPI,,0
TXN-226829,CUST-159,2026-08-05 23:48:42,Clothing,123.21,Debit Card,25.0,0
TXN-876731,CUST-657,2026-08-05 23:48:42,Clothing,156.73,UPI,60.0,0
TXN-683071,CUST-478,2026-08-05 23:48:42,Electronics,151.41,PayPal,18.0,1
TXN-300963,CUST-704,2026-08-05 23:48:42,Books,164.29,Debit Card,,0
TXN-427139,CUST-136,2026-08-05 23:48:42,Home & Kitchen,115.67,Debit Card,45.0,0
TXN-235090,CUST-474,2026-08-05 23:48:42,Clothing,92.96,Debit Card,60.0,0
TXN-654317,CUST-500,2026-08-05 23:48:42,Beauty,114.6,PayPal,45.0,0
TXN-689516,CUST-490,2026-08-05 23:48:42,Books,117.99,Credit Card,18.0,1
TXN-506937,CUST-967,2026-08-05 23:48:42,Clothing,98.96,Debit Card,,0
TXN-119151,CUST-529,2026-08-05 23:48:42,Books,172.3,Credit Card,45.0,0
TXN-436106,CUST-209,2026-08-05 23:48:42,Clothing,145.56,Debit Card,,0
TXN-191421,CUST-498,2026-08-05 23:48:42,Books,200.83,Credit Card,34.0,0
TXN-971220,CUST-603,2026-08-05 23:48:42,Clothing,105.05,UPI,34.0,1
TXN-467432,CUST-613,2026-08-05 23:48:42,Books,193.72,PayPal,52.0,0
TXN-887016,CUST-720,2026-08-05 23:48:42,Books,65.87,UPI,18.0,0
TXN-117414,CUST-355,2026-08-05 23:48:42,Beauty,78.44,UPI,52.0,0
TXN-594560,CUST-783,2026-08-05 23:48:42,Books,122.38,PayPal,34.0,0
TXN-591132,CUST-618,2026-08-05 23:48:42,Electronics,153.1,Debit Card,34.0,1
TXN-438618,CUST-383,2026-08-05 23:48:42,Home & Kitchen,150.72,Credit Card,18.0,1
TXN-684458,CUST-277,2026-08-05 23:48:42,Beauty,-37.97,Debit Card,34.0,0
TXN-909564,CUST-606,2026-08-05 23:48:42,Books,123.94,UPI,52.0,1
TXN-606594,CUST-306,2026-08-05 23:48:42,Clothing,127.66,Credit Card,25.0,1
TXN-145069,CUST-840,2026-08-05 23:48:42,Beauty,146.7,Debit Card,45.0,1
TXN-519214,CUST-825,2026-08-05 23:48:42,Beauty,151.99,PayPal,34.0,0
TXN-322780,CUST-297,2026-08-05 23:48:42,Clothing,39.83,Credit Card,60.0,0
TXN-203480,CUST-701,2026-08-05 23:48:42,Clothing,128.5,PayPal,60.0,0
TXN-490625,CUST-216,2026-08-05 23:48:42,Clothing,83.08,Debit Card,18.0,0
TXN-964305,CUST-525,2026-08-05 23:48:42,Electronics,146.83,UPI,52.0,1
TXN-808554,CUST-197,2026-08-05 23:48:42,Books,123.43,Debit Card,52.0,0
TXN-326868,CUST-946,2026-08-05 23:48:42,Books,157.75,PayPal,25.0,0
TXN-173331,CUST-757,2026-08-05 23:48:42,Books,174.93,UPI,34.0,0
TXN-442212,CUST-948,2026-08-05 23:48:42,Beauty,103.54,UPI,,0
TXN-369530,CUST-362,2026-08-05 23:48:42,Electronics,130.87,PayPal,45.0,1
TXN-527437,CUST-241,2026-08-05 23:48:42,Beauty,100.51,PayPal,60.0,0
TXN-909230,CUST-247,2026-08-05 23:48:42,Home & Kitchen,36.1,Debit Card,52.0,0
TXN-198206,CUST-948,2026-08-05 23:48:42,Beauty,122.18,Credit Card,52.0,0
TXN-884270,CUST-840,2026-08-05 23:48:42,Home & Kitchen,100.62,UPI,18.0,0
TXN-754925,CUST-840,2026-08-05 23:48:42,Beauty,119.22,UPI,18.0,0
TXN-741107,CUST-915,2026-08-05 23:48:42,Electronics,52.82,PayPal,18.0,0
TXN-666055,CUST-349,2026-08-05 23:48:42,Home & Kitchen,93.93,Credit Card,45.0,0
TXN-547186,CUST-894,2026-08-05 23:48:42,Books,88.13,PayPal,34.0,1
TXN-958451,CUST-503,2026-08-05 23:48:42,Home & Kitchen,171.32,PayPal,,0
TXN-866788,CUST-538,2026-08-05 23:48:42,Electronics,68.54,PayPal,60.0,0
TXN-691579,CUST-768,2026-08-05 23:48:42,Beauty,96.85,Credit Card,52.0,0
TXN-262586,CUST-433,2026-08-05 23:48:42,Beauty,75.5,UPI,45.0,0
TXN-568445,CUST-413,2026-08-05 23:48:42,Clothing,127.35,Credit Card,52.0,0
TXN-831967,CUST-257,2026-08-05 23:48:42,Home & Kitchen,178.13,UPI,60.0,0
TXN-342443,CUST-677,2026-08-05 23:48:42,Beauty,115.88,Debit Card,,0
TXN-180372,CUST-580,2026-08-05 23:48:42,Home & Kitchen,75.14,UPI,52.0,0
TXN-320370,CUST-180,2026-08-05 23:48:42,Home & Kitchen,147.73,Debit Card,,1
TXN-873563,CUST-259,2026-08-05 23:48:42,Electronics,165.69,Credit Card,,0
TXN-586077,CUST-466,2026-08-05 23:48:42,Books,143.66,UPI,34.0,0
TXN-958762,CUST-498,2026-08-05 23:48:42,Books,171.29,PayPal,60.0,1
TXN-160432,CUST-573,2026-08-05 23:48:42,Clothing,112.19,PayPal,25.0,0
TXN-868606,CUST-456,2026-08-05 23:48:42,Beauty,79.72,UPI,52.0,0
TXN-755087,CUST-685,2026-08-05 23:48:42,Beauty,131.35,Debit Card,52.0,0
TXN-571345,CUST-685,2026-08-05 23:48:42,Home & Kitchen,111.22,UPI,18.0,0
TXN-594790,CUST-672,2026-08-05 23:48:42,Electronics,132.21,UPI,52.0,0
TXN-731591,CUST-958,2026-08-05 23:48:42,Home & Kitchen,144.38,PayPal,52.0,0
TXN-262516,CUST-487,2026-08-05 23:48:42,Clothing,129.95,Debit Card,,0
TXN-691798,CUST-720,2026-08-05 23:48:42,Clothing,70.72,PayPal,34.0,0
TXN-219643,CUST-638,2026-08-05 23:48:42,Beauty,121.39,Credit Card,52.0,0
TXN-127257,CUST-367,2026-08-06 02:45:40,Books,193.67,Credit Card,,0
TXN-820109,CUST-988,2026-08-06 02:45:40,Home & Kitchen,179.17,Credit Card,60.0,0
TXN-832352,CUST-925,2026-08-06 02:45:40,Books,125.74,PayPal,34.0,0
TXN-203487,CUST-727,2026-08-06 02:45:40,Beauty,123.56,Debit Card,18.0,0
TXN-311754,CUST-553,2026-08-06 02:45:40,Electronics,120.31,UPI,60.0,0
TXN-980946,CUST-392,2026-08-06 02:45:40,Home & Kitchen,63.82,PayPal,18.0,0
TXN-772973,CUST-538,2026-08-06 02:45:40,Home & Kitchen,86.75,UPI,25.0,1
TXN-564803,CUST-204,2026-08-06 02:45:40,Books,72.18,PayPal,52.0,0
TXN-219749,CUST-231,2026-08-06 02:45:40,Beauty,154.22,Credit Card,25.0,0
TXN-368399,CUST-308,2026-08-06 02:45:40,Electronics,139.29,Debit Card,45.0,1
TXN-531223,CUST-426,2026-08-06 02:45:40,Clothing,188.97,UPI,34.0,0
TXN-601706,CUST-875,2026-08-06 02:45:40,Electronics,170.19,PayPal,52.0,0
TXN-839529,CUST-310,2026-08-06 02:45:40,Books,95.55,Debit Card,34.0,0
TXN-227982,CUST-102,2026-08-06 02:45:40,Home & Kitchen,162.61,PayPal,60.0,0
TXN-829591,CUST-102,2026-08-06 02:45:40,Books,142.31,UPI,52.0,0
TXN-143558,CUST-428,2026-08-06 02:45:40,Books,61.19,UPI,45.0,1
TXN-457264,CUST-445,2026-08-06 02:45:40,Electronics,140.0,PayPal,45.0,0
TXN-194581,CUST-217,2026-08-06 02:45:40,Books,101.1,PayPal,18.0,0
TXN-354062,CUST-520,2026-08-06 02:45:40,Electronics,86.51,Credit Card,34.0,0
TXN-753826,CUST-907,2026-08-06 02:45:40,Home & Kitchen,36.98,Debit Card,25.0,0
TXN-758764,CUST-511,2026-08-06 02:45:40,Electronics,67.73,UPI,34.0,0
TXN-405555,CUST-478,2026-08-06 02:45:40,Books,123.36,Credit Card,60.0,1
TXN-616347,CUST-454,2026-08-06 02:45:40,Home & Kitchen,218.5,PayPal,45.0,1
TXN-668717,CUST-428,2026-08-06 02:45:40,Books,122.56,Debit Card,52.0,0
TXN-228285,CUST-610,2026-08-06 02:45:40,Home & Kitchen,75.11,PayPal,45.0,1
TXN-958246,CUST-392,2026-08-06 02:45:40,Electronics,97.92,UPI,60.0,0
TXN-638535,CUST-658,2026-08-06 02:45:40,Home & Kitchen,120.41,Credit Card,,0
TXN-377036,CUST-780,2026-08-06 02:45:40,Clothing,146.32,UPI,25.0,0
TXN-219344,CUST-184,2026-08-06 02:45:40,Clothing,174.99,UPI,,0
TXN-370948,CUST-658,2026-08-06 02:45:40,Books,196.23,Credit Card,,0
TXN-561453,CUST-384,2026-08-06 02:45:40,Books,169.85,Credit Card,25.0,0
TXN-658683,CUST-441,2026-08-06 02:45:40,Clothing,97.16,PayPal,25.0,0
TXN-739950,CUST-629,2026-08-06 02:45:40,Books,16.16,Credit Card,,0
TXN-246898,CUST-622,2026-08-06 02:45:40,Home & Kitchen,93.15,UPI,25.0,0
TXN-923997,CUST-442,2026-08-06 02:45:40,Home & Kitchen,83.74,Credit Card,25.0,0
TXN-110281,CUST-680,2026-08-06 02:45:40,Electronics,98.57,PayPal,60.0,0
TXN-334521,CUST-781,2026-08-06 02:45:40,Clothing,122.79,Credit Card,52.0,0
TXN-991669,CUST-561,2026-08-06 02:45:40,Electronics,5.09,PayPal,18.0,0
TXN-696887,CUST-710,2026-08-06 02:45:40,Books,139.74,Credit Card,34.0,0
TXN-194565,CUST-878,2026-08-06 02:45:40,Clothing,48.23,PayPal,18.0,0
TXN-319023,CUST-916,2026-08-06 02:45:40,Clothing,58.19,Debit Card,45.0,1
TXN-153034,CUST-897,2026-08-06 02:45:40,Clothing,93.48,UPI,34.0,0
TXN-459582,CUST-905,2026-08-06 02:45:40,Beauty,181.29,Credit Card,45.0,0
TXN-619321,CUST-423,2026-08-06 02:45:40,Beauty,89.29,PayPal,60.0,1
TXN-497709,CUST-557,2026-08-06 02:45:40,Books,70.7,UPI,,0
TXN-478616,CUST-459,2026-08-06 02:45:40,Beauty,79.61,PayPal,60.0,1
TXN-207676,CUST-660,2026-08-06 02:45:40,Home & Kitchen,88.12,Debit Card,,0
TXN-742986,CUST-228,2026-08-06 02:45:40,Beauty,84.06,Credit Card,,1
TXN-599802,CUST-797,2026-08-06 02:45:40,Beauty,173.39,UPI,34.0,0
TXN-403472,CUST-758,2026-08-06 02:45:40,Beauty,182.86,UPI,34.0,1
TXN-991794,CUST-683,2026-08-06 02:45:40,Clothing,193.3,PayPal,45.0,0
TXN-175125,CUST-948,2026-08-06 02:45:40,Books,162.07,UPI,52.0,0
TXN-134272,CUST-602,2026-08-06 02:45:40,Books,106.05,PayPal,34.0,1
TXN-748449,CUST-384,2026-08-06 02:45:40,Beauty,88.88,Debit Card,,1
TXN-180006,CUST-904,2026-08-06 02:45:40,Clothing,13.28,UPI,45.0,0
TXN-377604,CUST-308,2026-08-06 02:45:40,Beauty,91.69,Debit Card,60.0,0
TXN-986738,CUST-187,2026-08-06 02:45:40,Beauty,100.62,PayPal,60.0,1
TXN-685637,CUST-550,2026-08-06 02:45:40,Beauty,126.66,Credit Card,,1
TXN-978953,CUST-475,2026-08-06 02:45:40,Electronics,144.52,Credit Card,,0
TXN-416587,CUST-476,2026-08-06 02:45:40,Electronics,98.72,PayPal,34.0,0
TXN-447270,CUST-964,2026-08-06 02:45:40,Electronics,152.9,Credit Card,60.0,0
TXN-918082,CUST-176,2026-08-06 02:45:40,Electronics,188.76,UPI,60.0,0
TXN-461887,CUST-697,2026-08-06 02:45:40,Home & Kitchen,145.0,PayPal,25.0,0
TXN-706931,CUST-442,2026-08-06 02:45:40,Beauty,132.68,Credit Card,60.0,0
TXN-625327,CUST-307,2026-08-06 02:45:40,Home & Kitchen,116.02,PayPal,45.0,1
TXN-243828,CUST-586,2026-08-06 02:45:40,Books,175.26,PayPal,45.0,1
TXN-362231,CUST-595,2026-08-06 02:45:40,Clothing,94.8,UPI,25.0,1
TXN-461309,CUST-820,2026-08-06 02:45:40,Clothing,128.91,UPI,18.0,0
TXN-181828,CUST-925,2026-08-06 02:45:40,Home & Kitchen,181.44,UPI,45.0,0
TXN-739813,CUST-319,2026-08-06 02:45:40,Books,234.94,Credit Card,52.0,0
TXN-678554,CUST-629,2026-08-06 02:45:40,Home & Kitchen,128.19,UPI,,1
TXN-125119,CUST-432,2026-08-06 02:45:40,Electronics,189.38,UPI,25.0,0
TXN-186236,CUST-471,2026-08-06 02:45:40,Beauty,129.49,UPI,18.0,0
TXN-345250,CUST-586,2026-08-06 02:45:40,Clothing,61.92,Debit Card,34.0,0
TXN-989751,CUST-875,2026-08-06 02:45:40,Beauty,136.76,Credit Card,60.0,1
TXN-821554,CUST-339,2026-08-06 02:45:40,Beauty,179.51,PayPal,25.0,0
TXN-239555,CUST-579,2026-08-06 02:45:40,Electronics,185.23,UPI,25.0,0
TXN-333706,CUST-342,2026-08-06 02:45:40,Books,109.6,Debit Card,60.0,0
TXN-274350,CUST-364,2026-08-06 02:45:40,Beauty,83.97,PayPal,45.0,1
TXN-131555,CUST-781,2026-08-06 02:45:40,Beauty,116.26,PayPal,60.0,0
TXN-692062,CUST-557,2026-08-06 02:45:40,Books,131.05,Debit Card,52.0,0
TXN-234128,CUST-477,2026-08-06 02:45:40,Beauty,140.51,UPI,,0
TXN-487551,CUST-629,2026-08-06 02:45:40,Electronics,151.89,Credit Card,25.0,1
TXN-861027,CUST-680,2026-08-06 02:45:40,Books,184.64,PayPal,60.0,1
TXN-322373,CUST-869,2026-08-06 02:45:40,Electronics,144.36,Debit Card,25.0,1
TXN-399827,CUST-988,2026-08-06 02:45:40,Home & Kitchen,112.38,Credit Card,34.0,0
TXN-525442,CUST-310,2026-08-06 02:45:40,Beauty,139.96,UPI,45.0,0
TXN-461670,CUST-997,2026-08-06 02:45:40,Clothing,137.99,Credit Card,25.0,1
TXN-644810,CUST-146,2026-08-06 02:45:40,Electronics,117.59,UPI,34.0,0
TXN-721809,CUST-336,2026-08-06 02:45:40,Books,147.62,Debit Card,45.0,1
TXN-318564,CUST-610,2026-08-06 02:45:40,Beauty,147.32,PayPal,18.0,0
TXN-265267,CUST-367,2026-08-06 02:45:40,Beauty,102.93,Credit Card,52.0,0
TXN-792282,CUST-145,2026-08-06 02:45:40,Books,116.52,Debit Card,52.0,0
TXN-405594,CUST-542,2026-08-07 02:46:59,Books,123.3,Credit Card,18.0,1
TXN-367427,CUST-285,2026-08-07 02:46:59,Beauty,116.21,Debit Card,,0
TXN-172738,CUST-865,2026-08-07 02:46:59,Electronics,78.12,Debit Card,25.0,0
TXN-183314,CUST-738,2026-08-07 02:46:59,Home & Kitchen,109.17,Credit Card,52.0,0
TXN-910522,CUST-544,2026-08-07 02:46:59,Books,148.03,UPI,52.0,0
TXN-820999,CUST-512,2026-08-07 02:46:59,Clothing,17.87,PayPal,52.0,0
TXN-305260,CUST-268,2026-08-07 02:46:59,Electronics,139.43,Debit Card,52.0,0
TXN-645216,CUST-586,2026-08-07 02:46:59,Electronics,143.02,UPI,52.0,0
TXN-669377,CUST-623,2026-08-07 02:46:59,Books,125.84,UPI,34.0,1
TXN-231547,CUST-485,2026-08-07 02:46:59,Electronics,69.97,Credit Card,60.0,0
TXN-469218,CUST-608,2026-08-07 02:46:59,Clothing,108.58,UPI,18.0,0
TXN-418833,CUST-261,2026-08-07 02:46:59,Home & Kitchen,55.48,PayPal,45.0,0
TXN-374980,CUST-291,2026-08-07 02:46:59,Electronics,149.4,Debit Card,60.0,0
TXN-353243,CUST-524,2026-08-07 02:46:59,Books,124.14,Debit Card,52.0,0
TXN-997663,CUST-578,2026-08-07 02:46:59,Books,173.02,Credit Card,60.0,0
TXN-219322,CUST-121,2026-08-07 02:46:59,Books,113.39,Credit Card,45.0,1
TXN-767711,CUST-132,2026-08-07 02:46:59,Books,97.54,Credit Card,45.0,0
TXN-414679,CUST-569,2026-08-07 02:46:59,Beauty,66.93,UPI,45.0,0
TXN-354685,CUST-738,2026-08-07 02:46:59,Books,104.52,Credit Card,25.0,1
TXN-296841,CUST-425,2026-08-07 02:46:59,Beauty,41.86,PayPal,25.0,0
TXN-686405,CUST-261,2026-08-07 02:46:59,Home & Kitchen,120.73,UPI,,0
TXN-564583,CUST-205,2026-08-07 02:46:59,Beauty,118.71,Debit Card,60.0,1
TXN-120898,CUST-696,2026-08-07 02:46:59,Electronics,115.01,Credit Card,60.0,1
TXN-288989,CUST-336,2026-08-07 02:46:59,Books,163.96,Credit Card,,1
TXN-465041,CUST-268,2026-08-07 02:46:59,Books,132.27,UPI,25.0,0
TXN-594340,CUST-608,2026-08-07 02:46:59,Home & Kitchen,74.18,PayPal,25.0,0
TXN-377442,CUST-998,2026-08-07 02:46:59,Home & Kitchen,134.71,UPI,45.0,1
TXN-753929,CUST-987,2026-08-07 02:46:59,Home & Kitchen,148.78,Debit Card,,0
TXN-274548,CUST-562,2026-08-07 02:46:59,Home & Kitchen,89.99,Credit Card,,0
TXN-879780,CUST-612,2026-08-07 02:46:59,Electronics,152.36,UPI,34.0,0
TXN-823223,CUST-374,2026-08-07 02:46:59,Home & Kitchen,107.35,PayPal,25.0,0
TXN-276290,CUST-230,2026-08-07 02:46:59,Home & Kitchen,120.26,Debit Card,34.0,0
TXN-978627,CUST-793,2026-08-07 02:46:59,Clothing,175.75,Debit Card,34.0,0
TXN-534354,CUST-349,2026-08-07 02:46:59,Books,220.36,PayPal,60.0,0
TXN-478491,CUST-265,2026-08-07 02:46:59,Beauty,177.46,Debit Card,60.0,0
TXN-475229,CUST-190,2026-08-07 02:46:59,Home & Kitchen,88.41,PayPal,25.0,0
TXN-304837,CUST-458,2026-08-07 02:46:59,Clothing,117.5,Credit Card,,0
TXN-277532,CUST-922,2026-08-07 02:46:59,Home & Kitchen,77.16,PayPal,18.0,0
TXN-574254,CUST-618,2026-08-07 02:46:59,Beauty,90.93,UPI,18.0,0
TXN-244340,CUST-178,2026-08-07 02:46:59,Books,72.52,PayPal,52.0,0
TXN-856155,CUST-995,2026-08-07 02:46:59,Beauty,183.39,Debit Card,60.0,0
TXN-131361,CUST-636,2026-08-07 02:46:59,Books,116.59,Debit Card,60.0,0
TXN-472918,CUST-365,2026-08-07 02:46:59,Home & Kitchen,136.2,Debit Card,45.0,1
TXN-626048,CUST-524,2026-08-07 02:46:59,Electronics,117.87,UPI,45.0,0
TXN-341984,CUST-623,2026-08-07 02:46:59,Electronics,120.92,UPI,25.0,0
TXN-124471,CUST-855,2026-08-07 02:46:59,Beauty,145.07,UPI,18.0,1
TXN-900807,CUST-612,2026-08-07 02:46:59,Electronics,62.71,PayPal,45.0,0
TXN-936524,CUST-680,2026-08-07 02:46:59,Electronics,130.4,Credit Card,18.0,0
TXN-980652,CUST-386,2026-08-07 02:46:59,Books,94.97,PayPal,34.0,1
TXN-384582,CUST-331,2026-08-07 02:46:59,Clothing,95.36,Credit Card,34.0,1
TXN-538743,CUST-544,2026-08-07 02:46:59,Home & Kitchen,157.23,Debit Card,25.0,0
TXN-246568,CUST-735,2026-08-07 02:46:59,Clothing,152.49,UPI,,0
TXN-595340,CUST-177,2026-08-07 02:46:59,Home & Kitchen,177.06,UPI,45.0,0
TXN-696035,CUST-408,2026-08-07 02:46:59,Clothing,126.55,Debit Card,34.0,0
TXN-298342,CUST-888,2026-08-07 02:46:59,Books,166.22,UPI,52.0,0
TXN-628777,CUST-765,2026-08-07 02:46:59,Books,121.97,PayPal,34.0,1
TXN-855325,CUST-780,2026-08-07 02:46:59,Books,127.72,PayPal,18.0,0
TXN-656220,CUST-400,2026-08-07 02:46:59,Clothing,132.77,PayPal,25.0,0
TXN-685681,CUST-544,2026-08-07 02:46:59,Clothing,219.22,Credit Card,60.0,0
TXN-213507,CUST-915,2026-08-07 02:46:59,Beauty,66.08,Debit Card,45.0,0
TXN-115177,CUST-379,2026-08-07 02:46:59,Electronics,60.71,Credit Card,60.0,0
TXN-396297,CUST-234,2026-08-07 02:46:59,Electronics,201.85,Credit Card,,0
TXN-491423,CUST-149,2026-08-07 02:46:59,Beauty,34.28,UPI,34.0,0
TXN-681002,CUST-794,2026-08-07 02:46:59,Beauty,146.0,PayPal,18.0,1
TXN-506248,CUST-325,2026-08-07 02:46:59,Books,119.06,Debit Card,,0
TXN-956168,CUST-947,2026-08-07 02:46:59,Home & Kitchen,87.15,UPI,45.0,0
TXN-946452,CUST-716,2026-08-07 02:46:59,Beauty,96.53,PayPal,34.0,0
TXN-280355,CUST-700,2026-08-07 02:46:59,Home & Kitchen,120.36,PayPal,45.0,0
TXN-699409,CUST-929,2026-08-07 02:46:59,Clothing,225.82,UPI,52.0,0
TXN-298057,CUST-840,2026-08-07 02:46:59,Books,102.71,Debit Card,34.0,0
TXN-184223,CUST-309,2026-08-07 02:46:59,Beauty,158.94,Credit Card,45.0,1
TXN-608924,CUST-562,2026-08-07 02:46:59,Home & Kitchen,93.73,Debit Card,18.0,1
TXN-663244,CUST-234,2026-08-07 02:46:59,Home & Kitchen,112.06,Debit Card,45.0,1
TXN-916438,CUST-927,2026-08-07 02:46:59,Beauty,176.61,Debit Card,,0
TXN-252302,CUST-335,2026-08-07 02:46:59,Electronics,103.43,PayPal,,0
TXN-150193,CUST-205,2026-08-07 02:46:59,Clothing,160.0,Credit Card,60.0,0
TXN-122354,CUST-604,2026-08-07 02:46:59,Beauty,193.62,UPI,18.0,0
TXN-347767,CUST-973,2026-08-07 02:46:59,Beauty,109.53,UPI,34.0,0
TXN-852603,CUST-902,2026-08-07 02:46:59,Electronics,67.52,PayPal,34.0,0
TXN-368228,CUST-440,2026-08-07 02:46:59,Electronics,130.29,Credit Card,60.0,0
TXN-402711,CUST-947,2026-08-07 02:46:59,Electronics,162.86,Debit Card,25.0,1
TXN-660059,CUST-396,2026-08-07 02:46:59,Clothing,109.28,PayPal,60.0,1
TXN-811539,CUST-105,2026-08-07 02:46:59,Books,54.79,PayPal,45.0,0
TXN-164013,CUST-373,2026-08-07 02:46:59,Beauty,151.56,UPI,52.0,0
TXN-173191,CUST-486,2026-08-07 02:46:59,Clothing,113.25,UPI,25.0,0
TXN-343777,CUST-601,2026-08-07 02:46:59,Clothing,148.25,Debit Card,25.0,0
TXN-347694,CUST-192,2026-08-07 02:46:59,Books,182.39,Debit Card,34.0,0
TXN-329375,CUST-911,2026-08-07 02:46:59,Home & Kitchen,129.01,PayPal,18.0,1
TXN-825529,CUST-454,2026-08-07 02:46:59,Clothing,158.46,Credit Card,,0
TXN-730706,CUST-294,2026-08-07 02:46:59,Clothing,101.86,Debit Card,18.0,0
TXN-805837,CUST-922,2026-08-07 02:46:59,Electronics,78.29,UPI,34.0,0
TXN-786077,CUST-604,2026-08-07 02:46:59,Electronics,113.14,PayPal,34.0,1
TXN-495168,CUST-562,2026-08-07 02:46:59,Clothing,108.53,UPI,45.0,0
TXN-994685,CUST-294,2026-08-07 02:46:59,Books,148.04,UPI,34.0,0
TXN-236726,CUST-457,2026-08-07 02:46:59,Home & Kitchen,104.65,UPI,18.0,1
TXN-480619,CUST-870,2026-08-07 02:46:59,Clothing,97.81,Credit Card,52.0,0
TXN-151710,CUST-904,2026-08-07 02:46:59,Books,96.07,Credit Card,18.0,0
TXN-202114,CUST-142,2026-08-07 02:46:59,Home & Kitchen,189.77,PayPal,,0
TXN-975023,CUST-620,2026-08-07 02:46:59,Electronics,127.6,UPI,18.0,1
TXN-107175,CUST-712,2026-08-07 02:46:59,Electronics,69.11,Credit Card,60.0,1
TXN-872116,CUST-520,2026-08-07 02:46:59,Books,108.75,Debit Card,52.0,1
TXN-101872,CUST-603,2026-08-07 02:46:59,Home & Kitchen,43.67,UPI,25.0,0
TXN-445950,CUST-452,2026-08-08 01:47:38,Home & Kitchen,144.7,PayPal,60.0,0
TXN-331178,CUST-586,2026-08-08 01:47:38,Home & Kitchen,135.44,UPI,25.0,1
TXN-466357,CUST-405,2026-08-08 01:47:38,Electronics,135.18,PayPal,34.0,1
TXN-352401,CUST-744,2026-08-08 01:47:38,Electronics,120.91,PayPal,25.0,0
TXN-385684,CUST-507,2026-08-08 01:47:38,Clothing,146.82,UPI,34.0,1
TXN-305067,CUST-756,2026-08-08 01:47:38,Beauty,97.33,UPI,60.0,0
TXN-580575,CUST-686,2026-08-08 01:47:38,Beauty,73.01,Credit Card,60.0,1
TXN-364830,CUST-322,2026-08-08 01:47:38,Home & Kitchen,95.18,Credit Card,25.0,0
TXN-264270,CUST-685,2026-08-08 01:47:38,Books,195.16,UPI,18.0,0
TXN-966878,CUST-609,2026-08-08 01:47:38,Beauty,109.17,Debit Card,34.0,0
TXN-555805,CUST-435,2026-08-08 01:47:38,Home & Kitchen,156.89,UPI,25.0,1
TXN-294205,CUST-306,2026-08-08 01:47:38,Beauty,116.06,Credit Card,34.0,0
TXN-590599,CUST-595,2026-08-08 01:47:38,Books,111.85,Credit Card,60.0,1
TXN-302504,CUST-672,2026-08-08 01:47:38,Electronics,106.27,Credit Card,18.0,0
TXN-320758,CUST-860,2026-08-08 01:47:38,Clothing,37.83,Credit Card,25.0,0
TXN-738409,CUST-373,2026-08-08 01:47:38,Books,56.06,Credit Card,25.0,0
TXN-448743,CUST-420,2026-08-08 01:47:38,Books,75.73,PayPal,52.0,1
TXN-542319,CUST-587,2026-08-08 01:47:38,Beauty,98.29,PayPal,45.0,0
TXN-530070,CUST-435,2026-08-08 01:47:38,Electronics,171.16,Credit Card,18.0,1
TXN-702417,CUST-110,2026-08-08 01:47:38,Home & Kitchen,110.13,PayPal,45.0,0
TXN-571223,CUST-471,2026-08-08 01:47:38,Electronics,108.05,UPI,52.0,0
TXN-215094,CUST-180,2026-08-08 01:47:38,Clothing,111.49,UPI,45.0,1
TXN-327314,CUST-439,2026-08-08 01:47:38,Beauty,143.7,Debit Card,60.0,1
TXN-266025,CUST-419,2026-08-08 01:47:38,Clothing,126.92,Debit Card,,1
TXN-651523,CUST-767,2026-08-08 01:47:38,Clothing,125.04,Debit Card,34.0,0
TXN-695591,CUST-364,2026-08-08 01:47:38,Clothing,134.25,UPI,45.0,0
TXN-815734,CUST-379,2026-08-08 01:47:38,Books,90.73,UPI,18.0,0
TXN-252030,CUST-543,2026-08-08 01:47:38,Home & Kitchen,78.64,PayPal,25.0,0
TXN-275885,CUST-604,2026-08-08 01:47:38,Books,163.8,Debit Card,45.0,0
TXN-187764,CUST-919,2026-08-08 01:47:38,Electronics,159.3,Debit Card,,0
TXN-530578,CUST-323,2026-08-08 01:47:38,Books,105.89,Credit Card,,1
TXN-228085,CUST-192,2026-08-08 01:47:38,Electronics,76.17,Debit Card,18.0,0
TXN-269401,CUST-643,2026-08-08 01:47:38,Books,100.65,UPI,18.0,0
TXN-641823,CUST-452,2026-08-08 01:47:38,Home & Kitchen,123.11,UPI,18.0,0
TXN-724155,CUST-227,2026-08-08 01:47:38,Electronics,122.43,PayPal,45.0,0
TXN-518331,CUST-237,2026-08-08 01:47:38,Books,182.06,Debit Card,18.0,0
TXN-599702,CUST-734,2026-08-08 01:47:38,Books,98.6,Credit Card,34.0,0
TXN-216005,CUST-441,2026-08-08 01:47:38,Electronics,136.17,Credit Card,34.0,0
TXN-569758,CUST-129,2026-08-08 01:47:38,Beauty,156.76,UPI,18.0,1
TXN-592403,CUST-928,2026-08-08 01:47:38,Beauty,163.66,PayPal,18.0,0
TXN-356733,CUST-105,2026-08-08 01:47:38,Books,75.14,UPI,60.0,0
TXN-193435,CUST-738,2026-08-08 01:47:38,Home & Kitchen,174.38,Credit Card,45.0,1
TXN-889043,CUST-487,2026-08-08 01:47:38,Books,74.84,UPI,52.0,0
TXN-248379,CUST-546,2026-08-08 01:47:38,Books,145.59,PayPal,52.0,0
TXN-993797,CUST-726,2026-08-08 01:47:38,Clothing,27.62,UPI,34.0,0
TXN-803184,CUST-242,2026-08-08 01:47:38,Clothing,84.22,Credit Card,34.0,0
TXN-523268,CUST-937,2026-08-08 01:47:38,Electronics,136.25,Debit Card,25.0,0
TXN-455755,CUST-207,2026-08-08 01:47:38,Electronics,134.71,UPI,25.0,1
TXN-469444,CUST-860,2026-08-08 01:47:38,Electronics,78.75,PayPal,60.0,0
TXN-455662,CUST-967,2026-08-08 01:47:38,Books,57.18,PayPal,60.0,0
TXN-121552,CUST-329,2026-08-08 01:47:38,Beauty,142.61,Debit Card,25.0,1
TXN-947902,CUST-306,2026-08-08 01:47:38,Home & Kitchen,134.92,Credit Card,45.0,1
TXN-689737,CUST-441,2026-08-08 01:47:38,Clothing,99.57,PayPal,52.0,0
TXN-856195,CUST-790,2026-08-08 01:47:38,Books,120.94,UPI,25.0,0
TXN-619569,CUST-348,2026-08-08 01:47:38,Books,126.03,UPI,34.0,0
TXN-476036,CUST-448,2026-08-08 01:47:38,Beauty,71.42,PayPal,52.0,0
TXN-377049,CUST-815,2026-08-08 01:47:38,Clothing,126.15,UPI,,1
TXN-711650,CUST-357,2026-08-08 01:47:38,Clothing,131.4,PayPal,25.0,1
TXN-224584,CUST-305,2026-08-08 01:47:38,Electronics,143.37,Debit Card,34.0,1
TXN-559488,CUST-350,2026-08-08 01:47:38,Clothing,177.97,PayPal,45.0,0
TXN-950340,CUST-184,2026-08-08 01:47:38,Books,134.28,PayPal,52.0,0
TXN-417808,CUST-650,2026-08-08 01:47:38,Electronics,80.38,UPI,45.0,1
TXN-930012,CUST-514,2026-08-08 01:47:38,Beauty,107.59,PayPal,52.0,0
TXN-179767,CUST-346,2026-08-08 01:47:38,Electronics,125.94,UPI,60.0,0
TXN-209635,CUST-718,2026-08-08 01:47:38,Books,141.14,PayPal,45.0,1
TXN-658443,CUST-521,2026-08-08 01:47:38,Clothing,83.86,Credit Card,18.0,0
TXN-120192,CUST-201,2026-08-08 01:47:38,Books,90.01,UPI,25.0,1
TXN-289117,CUST-719,2026-08-08 01:47:38,Books,131.32,Debit Card,60.0,0
TXN-109335,CUST-628,2026-08-08 01:47:38,Electronics,133.93,PayPal,60.0,0
TXN-678729,CUST-230,2026-08-08 01:47:38,Electronics,141.04,PayPal,52.0,0
TXN-135428,CUST-329,2026-08-08 01:47:38,Books,102.86,Credit Card,18.0,1
TXN-964174,CUST-220,2026-08-08 01:47:38,Home & Kitchen,119.84,Debit Card,18.0,0
TXN-945319,CUST-580,2026-08-08 01:47:38,Beauty,97.32,Debit Card,18.0,0
TXN-940447,CUST-410,2026-08-08 01:47:38,Clothing,167.59,Debit Card,18.0,0
TXN-470015,CUST-133,2026-08-08 01:47:38,Clothing,144.31,Credit Card,34.0,0
TXN-259962,CUST-908,2026-08-08 01:47:38,Clothing,119.79,Credit Card,25.0,0
TXN-216857,CUST-856,2026-08-08 01:47:38,Electronics,115.66,Debit Card,52.0,1
TXN-725308,CUST-463,2026-08-08 01:47:38,Electronics,144.72,PayPal,25.0,0
TXN-875080,CUST-669,2026-08-08 01:47:38,Beauty,126.88,Credit Card,52.0,0
TXN-967138,CUST-685,2026-08-08 01:47:38,Beauty,138.76,Debit Card,,0
TXN-130139,CUST-726,2026-08-08 01:47:38,Beauty,143.75,Credit Card,60.0,0
TXN-808329,CUST-586,2026-08-08 01:47:38,Beauty,148.74,UPI,60.0,0
TXN-736090,CUST-882,2026-08-08 01:47:38,Electronics,131.27,UPI,60.0,0
TXN-996718,CUST-535,2026-08-08 01:47:38,Clothing,151.2,PayPal,52.0,0
TXN-266737,CUST-220,2026-08-08 01:47:38,Beauty,111.22,Debit Card,18.0,1
TXN-469856,CUST-184,2026-08-08 01:47:38,Books,106.3,Debit Card,25.0,0
TXN-412170,CUST-562,2026-08-08 01:47:38,Electronics,214.72,UPI,34.0,1
TXN-522536,CUST-316,2026-08-08 01:47:38,Books,180.68,UPI,18.0,0
TXN-774655,CUST-751,2026-08-08 01:47:38,Beauty,115.82,Debit Card,60.0,0
TXN-299475,CUST-836,2026-08-08 01:47:38,Electronics,115.88,Debit Card,18.0,0
TXN-271127,CUST-419,2026-08-08 01:47:38,Clothing,151.4,Debit Card,34.0,0
TXN-197187,CUST-387,2026-08-08 01:47:38,Books,103.39,PayPal,45.0,0
TXN-759878,CUST-919,2026-08-08 01:47:38,Beauty,117.59,Debit Card,25.0,0
TXN-536153,CUST-787,2026-08-08 01:47:38,Home & Kitchen,117.39,UPI,34.0,0
TXN-363536,CUST-856,2026-08-08 01:47:38,Home & Kitchen,132.55,Debit Card,52.0,0
TXN-150016,CUST-609,2026-08-08 01:47:38,Beauty,111.99,Credit Card,45.0,0
TXN-767196,CUST-469,2026-08-08 01:47:38,Books,11.59,PayPal,60.0,0
TXN-118598,CUST-462,2026-08-08 01:47:38,Electronics,137.64,PayPal,34.0,1
TXN-931191,CUST-590,2026-08-08 01:47:38,Clothing,102.35,Credit Card,60.0,0
TXN-880933,CUST-613,2026-08-08 01:47:38,Clothing,87.19,PayPal,34.0,0
TXN-189973,CUST-364,2026-08-08 01:47:38,Books,100.54,PayPal,,0
TXN-716181,CUST-683,2026-08-08 01:47:38,Home & Kitchen,99.07,Debit Card,52.0,0
TXN-116744,CUST-662,2026-08-08 01:47:38,Home & Kitchen,123.13,Credit Card,,0
TXN-239271,CUST-831,2026-08-08 01:47:38,Electronics,61.89,Credit Card,52.0,0
TXN-607135,CUST-147,2026-08-08 01:47:38,Books,95.3,Debit Card,18.0,0
TXN-310578,CUST-607,2026-08-08 01:47:38,Electronics,43.25,Debit Card,25.0,0
TXN-281752,CUST-719,2026-08-08 01:47:38,Beauty,184.53,PayPal,52.0,0
TXN-252989,CUST-159,2026-08-08 01:47:38,Electronics,91.18,Credit Card,34.0,0
TXN-465002,CUST-361,2026-08-08 01:47:38,Home & Kitchen,153.3,PayPal,34.0,0
TXN-145212,CUST-164,2026-08-08 01:47:38,Clothing,124.82,PayPal,60.0,1
TXN-152580,CUST-544,2026-08-08 01:47:38,Home & Kitchen,103.63,Debit Card,18.0,1
TXN-615147,CUST-487,2026-08-08 01:47:38,Clothing,38.19,Credit Card,34.0,0
TXN-817608,CUST-760,2026-08-08 01:47:38,Home & Kitchen,95.18,PayPal,45.0,0
TXN-667597,CUST-506,2026-08-08 01:47:38,Books,175.94,Debit Card,60.0,0
TXN-854750,CUST-410,2026-08-08 01:47:38,Beauty,190.15,PayPal,25.0,0
TXN-805596,CUST-192,2026-08-08 01:47:38,Electronics,137.68,PayPal,18.0,1
TXN-239341,CUST-694,2026-08-08 01:47:38,Books,85.77,PayPal,34.0,0
TXN-162658,CUST-506,2026-08-08 01:47:38,Books,126.46,PayPal,52.0,0
TXN-627600,CUST-595,2026-08-08 01:47:38,Books,50.08,UPI,52.0,0
TXN-953893,CUST-306,2026-08-08 01:47:38,Clothing,109.73,Debit Card,25.0,0
TXN-786290,CUST-992,2026-08-08 01:47:38,Home & Kitchen,103.38,Debit Card,18.0,0
TXN-770551,CUST-379,2026-08-08 01:47:38,Beauty,149.75,Credit Card,18.0,0
TXN-719844,CUST-469,2026-08-08 01:47:38,Electronics,160.61,UPI,34.0,1
TXN-780317,CUST-831,2026-08-08 01:47:38,Books,30.42,Credit Card,18.0,1
TXN-686404,CUST-766,2026-08-08 01:47:38,Clothing,115.31,Debit Card,52.0,0
TXN-908677,CUST-110,2026-08-08 01:47:38,Beauty,127.68,UPI,60.0,0
TXN-614121,CUST-857,2026-08-08 01:47:38,Books,106.89,Debit Card,25.0,0
TXN-589578,CUST-729,2026-08-08 01:47:38,Books,98.04,Debit Card,34.0,1
TXN-496245,CUST-435,2026-08-08 01:47:38,Books,132.65,PayPal,60.0,0
TXN-807018,CUST-249,2026-08-09 01:54:35,Clothing,79.36,Debit Card,34.0,0
TXN-142480,CUST-859,2026-08-09 01:54:35,Beauty,75.64,UPI,52.0,0
TXN-468522,CUST-355,2026-08-09 01:54:35,Clothing,207.71,UPI,34.0,0
TXN-864079,CUST-223,2026-08-09 01:54:35,Clothing,124.2,PayPal,60.0,1
TXN-358644,CUST-331,2026-08-09 01:54:35,Home & Kitchen,115.94,Credit Card,34.0,0
TXN-250563,CUST-616,2026-08-09 01:54:35,Books,105.88,Credit Card,25.0,0
TXN-381347,CUST-781,2026-08-09 01:54:35,Home & Kitchen,51.73,PayPal,34.0,0
TXN-163382,CUST-390,2026-08-09 01:54:35,Books,106.73,Credit Card,34.0,1
TXN-940085,CUST-390,2026-08-09 01:54:35,Beauty,120.21,PayPal,18.0,0
TXN-933265,CUST-826,2026-08-09 01:54:35,Beauty,70.66,PayPal,,0
TXN-728225,CUST-552,2026-08-09 01:54:35,Beauty,102.66,Credit Card,34.0,0
TXN-893693,CUST-671,2026-08-09 01:54:35,Books,165.88,UPI,18.0,0
TXN-126754,CUST-638,2026-08-09 01:54:35,Clothing,90.11,PayPal,52.0,1
TXN-766213,CUST-708,2026-08-09 01:54:35,Home & Kitchen,126.32,PayPal,60.0,1
TXN-436501,CUST-839,2026-08-09 01:54:35,Beauty,61.14,PayPal,18.0,1
TXN-446008,CUST-803,2026-08-09 01:54:35,Books,157.82,PayPal,52.0,0
TXN-762463,CUST-761,2026-08-09 01:54:35,Beauty,84.62,Debit Card,18.0,0
TXN-114889,CUST-909,2026-08-09 01:54:35,Home & Kitchen,119.39,UPI,18.0,0
TXN-908457,CUST-658,2026-08-09 01:54:35,Beauty,167.59,Debit Card,60.0,1
TXN-823167,CUST-254,2026-08-09 01:54:35,Beauty,147.0,UPI,34.0,0
TXN-129221,CUST-824,2026-08-09 01:54:35,Electronics,78.9,Credit Card,45.0,0
TXN-419693,CUST-342,2026-08-09 01:54:35,Clothing,156.8,Debit Card,52.0,0
TXN-182725,CUST-855,2026-08-09 01:54:35,Clothing,115.19,Debit Card,60.0,0
TXN-765454,CUST-488,2026-08-09 01:54:35,Beauty,117.28,Credit Card,52.0,0
TXN-970255,CUST-640,2026-08-09 01:54:35,Electronics,113.62,UPI,52.0,0
TXN-300949,CUST-972,2026-08-09 01:54:35,Beauty,44.44,PayPal,,1
TXN-176007,CUST-125,2026-08-09 01:54:35,Electronics,160.92,UPI,60.0,0
TXN-215129,CUST-300,2026-08-09 01:54:35,Electronics,180.71,Debit Card,52.0,0
TXN-621650,CUST-727,2026-08-09 01:54:35,Electronics,133.85,UPI,34.0,0
TXN-952532,CUST-254,2026-08-09 01:54:35,Electronics,121.6,UPI,18.0,0
TXN-136484,CUST-258,2026-08-09 01:54:35,Home & Kitchen,132.82,Debit Card,25.0,0
TXN-467337,CUST-137,2026-08-09 01:54:35,Electronics,66.59,PayPal,45.0,1
TXN-465850,CUST-436,2026-08-09 01:54:35,Clothing,130.68,UPI,45.0,1
TXN-106133,CUST-819,2026-08-09 01:54:35,Books,132.94,PayPal,,0
TXN-801378,CUST-938,2026-08-09 01:54:35,Beauty,109.41,UPI,,0
TXN-643579,CUST-640,2026-08-09 01:54:35,Books,114.28,Credit Card,18.0,0
TXN-964460,CUST-408,2026-08-09 01:54:35,Home & Kitchen,187.35,PayPal,25.0,1
TXN-716836,CUST-290,2026-08-09 01:54:35,Books,171.87,Debit Card,25.0,0
TXN-767838,CUST-640,2026-08-09 01:54:35,Electronics,90.36,Debit Card,18.0,1
TXN-601640,CUST-820,2026-08-09 01:54:35,Electronics,135.02,UPI,18.0,0
TXN-836744,CUST-820,2026-08-09 01:54:35,Home & Kitchen,171.84,Debit Card,25.0,0
TXN-387049,CUST-751,2026-08-09 01:54:35,Home & Kitchen,139.36,PayPal,,0
TXN-680335,CUST-825,2026-08-09 01:54:35,Books,97.91,UPI,45.0,0
TXN-326033,CUST-685,2026-08-09 01:54:35,Clothing,109.63,UPI,52.0,0
TXN-848738,CUST-771,2026-08-09 01:54:35,Books,136.58,PayPal,45.0,1
TXN-503423,CUST-384,2026-08-09 01:54:35,Electronics,119.68,Credit Card,25.0,0
TXN-394641,CUST-554,2026-08-09 01:54:35,Home & Kitchen,82.54,UPI,52.0,0
TXN-426276,CUST-756,2026-08-09 01:54:35,Books,117.55,PayPal,25.0,1
TXN-275394,CUST-314,2026-08-09 01:54:35,Home & Kitchen,55.95,PayPal,18.0,0
TXN-719098,CUST-839,2026-08-09 01:54:35,Electronics,119.71,Debit Card,52.0,0
TXN-989841,CUST-877,2026-08-09 01:54:35,Electronics,139.8,PayPal,45.0,0
TXN-623906,CUST-746,2026-08-09 01:54:35,Beauty,104.09,UPI,18.0,0
TXN-836367,CUST-855,2026-08-09 01:54:35,Home & Kitchen,116.61,Credit Card,25.0,1
TXN-223314,CUST-845,2026-08-09 01:54:35,Clothing,197.02,Debit Card,25.0,0
TXN-152693,CUST-132,2026-08-09 01:54:35,Clothing,77.87,UPI,18.0,0
TXN-158108,CUST-254,2026-08-09 01:54:35,Home & Kitchen,113.46,UPI,18.0,0
TXN-335116,CUST-965,2026-08-09 01:54:35,Electronics,171.0,Debit Card,18.0,1
TXN-134139,CUST-755,2026-08-09 01:54:35,Beauty,100.72,PayPal,34.0,1
TXN-327461,CUST-300,2026-08-09 01:54:35,Clothing,71.39,UPI,34.0,0
TXN-671804,CUST-265,2026-08-09 01:54:35,Books,213.57,UPI,,0
TXN-639752,CUST-576,2026-08-09 01:54:35,Books,149.96,Debit Card,45.0,0
TXN-427165,CUST-455,2026-08-09 01:54:35,Electronics,153.31,Debit Card,25.0,1
TXN-532065,CUST-148,2026-08-09 01:54:35,Beauty,149.61,PayPal,18.0,0
TXN-281052,CUST-729,2026-08-09 01:54:35,Beauty,134.07,UPI,25.0,0
TXN-707531,CUST-101,2026-08-09 01:54:35,Beauty,145.66,Debit Card,45.0,0
TXN-880884,CUST-353,2026-08-09 01:54:35,Beauty,77.23,Debit Card,45.0,1
TXN-637995,CUST-826,2026-08-09 01:54:35,Beauty,167.49,PayPal,34.0,0
TXN-808286,CUST-883,2026-08-09 01:54:35,Books,143.2,PayPal,60.0,0
TXN-688602,CUST-986,2026-08-09 01:54:35,Electronics,95.74,Debit Card,45.0,0
TXN-438937,CUST-368,2026-08-09 01:54:35,Beauty,143.92,PayPal,25.0,0
TXN-141000,CUST-780,2026-08-09 01:54:35,Books,177.31,Credit Card,45.0,0
TXN-339767,CUST-306,2026-08-09 01:54:35,Electronics,111.39,Debit Card,60.0,0
TXN-333402,CUST-237,2026-08-09 01:54:35,Home & Kitchen,145.81,Credit Card,60.0,0
TXN-943905,CUST-616,2026-08-09 01:54:35,Clothing,174.96,PayPal,45.0,0
TXN-147077,CUST-560,2026-08-09 01:54:35,Beauty,128.54,UPI,52.0,0
TXN-253138,CUST-796,2026-08-09 01:54:35,Books,100.42,PayPal,52.0,0
TXN-395282,CUST-251,2026-08-09 01:54:35,Home & Kitchen,147.0,Debit Card,52.0,0
TXN-286268,CUST-141,2026-08-09 01:54:35,Beauty,138.27,PayPal,60.0,0
TXN-982319,CUST-251,2026-08-09 01:54:35,Books,145.54,Debit Card,25.0,1
TXN-920366,CUST-981,2026-08-10 01:59:19,Home & Kitchen,129.59,PayPal,18.0,0
TXN-582360,CUST-823,2026-08-10 01:59:19,Beauty,84.72,Credit Card,,0
TXN-462271,CUST-337,2026-08-10 01:59:19,Home & Kitchen,87.11,Debit Card,60.0,0
TXN-538167,CUST-685,2026-08-10 01:59:19,Clothing,61.05,PayPal,,0
TXN-723537,CUST-300,2026-08-10 01:59:19,Beauty,83.47,Credit Card,18.0,0
TXN-662547,CUST-325,2026-08-10 01:59:19,Books,98.33,PayPal,60.0,1
TXN-343128,CUST-909,2026-08-10 01:59:19,Home & Kitchen,107.57,Debit Card,18.0,0
TXN-904908,CUST-433,2026-08-10 01:59:19,Home & Kitchen,156.01,PayPal,25.0,1
TXN-774149,CUST-425,2026-08-10 01:59:19,Beauty,156.8,UPI,18.0,0
TXN-285338,CUST-512,2026-08-10 01:59:19,Books,77.19,Credit Card,25.0,0
TXN-637190,CUST-937,2026-08-10 01:59:19,Beauty,201.05,UPI,34.0,0
TXN-815513,CUST-246,2026-08-10 01:59:19,Clothing,136.81,Debit Card,18.0,0
TXN-213656,CUST-946,2026-08-10 01:59:19,Clothing,183.91,UPI,25.0,0
TXN-127862,CUST-621,2026-08-10 01:59:19,Clothing,122.89,UPI,52.0,0
TXN-783163,CUST-831,2026-08-10 01:59:19,Home & Kitchen,117.44,UPI,34.0,0
TXN-852798,CUST-653,2026-08-10 01:59:19,Clothing,93.55,Debit Card,25.0,1
TXN-480362,CUST-746,2026-08-10 01:59:19,Electronics,117.72,Credit Card,18.0,1
TXN-600447,CUST-175,2026-08-10 01:59:19,Electronics,130.88,Debit Card,60.0,0
TXN-685177,CUST-923,2026-08-10 01:59:19,Beauty,137.71,Credit Card,60.0,0
TXN-994516,CUST-720,2026-08-10 01:59:19,Home & Kitchen,149.38,Debit Card,34.0,1
TXN-534352,CUST-759,2026-08-10 01:59:19,Beauty,112.28,Debit Card,60.0,0
TXN-437277,CUST-382,2026-08-10 01:59:19,Clothing,71.48,Credit Card,,0
TXN-586388,CUST-178,2026-08-10 01:59:19,Books,10.52,Credit Card,52.0,0
TXN-522680,CUST-728,2026-08-10 01:59:19,Clothing,202.05,UPI,60.0,0
TXN-513973,CUST-902,2026-08-10 01:59:19,Books,42.99,Credit Card,18.0,0
TXN-657602,CUST-532,2026-08-10 01:59:19,Books,177.23,Debit Card,52.0,0
TXN-423044,CUST-802,2026-08-10 01:59:19,Clothing,148.0,Credit Card,45.0,0
TXN-985717,CUST-277,2026-08-10 01:59:19,Clothing,193.54,Credit Card,34.0,0
TXN-465612,CUST-410,2026-08-10 01:59:19,Clothing,86.82,Debit Card,52.0,0
TXN-508676,CUST-198,2026-08-10 01:59:19,Home & Kitchen,126.65,UPI,45.0,0
TXN-301947,CUST-921,2026-08-10 01:59:19,Electronics,113.71,Credit Card,52.0,1
TXN-410539,CUST-775,2026-08-10 01:59:19,Clothing,85.28,UPI,45.0,0
TXN-408767,CUST-219,2026-08-10 01:59:19,Electronics,75.05,Debit Card,25.0,1
TXN-766286,CUST-897,2026-08-10 01:59:19,Books,91.6,Debit Card,52.0,0
TXN-999453,CUST-952,2026-08-10 01:59:19,Beauty,60.54,Debit Card,52.0,0
TXN-669138,CUST-707,2026-08-10 01:59:19,Home & Kitchen,124.08,PayPal,,0
TXN-362489,CUST-952,2026-08-10 01:59:19,Home & Kitchen,107.04,Credit Card,,0
TXN-561834,CUST-914,2026-08-10 01:59:19,Home & Kitchen,35.03,UPI,18.0,0
TXN-389117,CUST-884,2026-08-10 01:59:19,Clothing,88.32,Debit Card,52.0,0
TXN-840774,CUST-930,2026-08-10 01:59:19,Beauty,72.25,PayPal,52.0,1
TXN-528555,CUST-294,2026-08-10 01:59:19,Clothing,124.56,Debit Card,52.0,1
TXN-517266,CUST-720,2026-08-10 01:59:19,Clothing,129.56,UPI,18.0,0
TXN-850109,CUST-606,2026-08-10 01:59:19,Books,39.86,Credit Card,45.0,1
TXN-443590,CUST-419,2026-08-10 01:59:19,Clothing,95.39,Debit Card,,0
TXN-797584,CUST-498,2026-08-10 01:59:19,Beauty,116.45,Credit Card,25.0,0
TXN-350101,CUST-113,2026-08-10 01:59:19,Books,146.76,Debit Card,18.0,0
TXN-689775,CUST-831,2026-08-10 01:59:19,Clothing,108.84,UPI,,1
TXN-971341,CUST-924,2026-08-10 01:59:19,Beauty,131.25,Debit Card,34.0,0
TXN-192993,CUST-247,2026-08-10 01:59:19,Beauty,123.33,PayPal,,1
TXN-114653,CUST-799,2026-08-10 01:59:19,Electronics,153.82,PayPal,34.0,0
TXN-748657,CUST-874,2026-08-10 01:59:19,Clothing,88.17,Debit Card,34.0,1
TXN-422548,CUST-532,2026-08-10 01:59:19,Beauty,110.91,Credit Card,45.0,0
TXN-177339,CUST-566,2026-08-10 01:59:19,Beauty,84.86,PayPal,34.0,0
TXN-754799,CUST-158,2026-08-10 01:59:19,Clothing,81.52,UPI,18.0,0
TXN-225536,CUST-971,2026-08-10 01:59:19,Books,146.42,PayPal,18.0,0
TXN-757208,CUST-433,2026-08-10 01:59:19,Electronics,153.0,Credit Card,34.0,1
TXN-291133,CUST-236,2026-08-10 01:59:19,Home & Kitchen,138.14,Debit Card,60.0,1
TXN-179386,CUST-498,2026-08-10 01:59:19,Home & Kitchen,74.47,Credit Card,,0
TXN-178558,CUST-137,2026-08-11 01:54:32,Books,104.34,Debit Card,34.0,1
TXN-370644,CUST-688,2026-08-11 01:54:32,Clothing,111.41,Credit Card,18.0,1
TXN-909087,CUST-581,2026-08-11 01:54:32,Beauty,104.75,Debit Card,25.0,1
TXN-534108,CUST-501,2026-08-11 01:54:32,Clothing,166.23,Credit Card,18.0,0
TXN-899148,CUST-631,2026-08-11 01:54:32,Home & Kitchen,90.76,PayPal,18.0,0
TXN-816232,CUST-886,2026-08-11 01:54:32,Clothing,109.97,Debit Card,60.0,0
TXN-108707,CUST-518,2026-08-11 01:54:32,Beauty,117.96,Credit Card,18.0,0
TXN-826411,CUST-572,2026-08-11 01:54:32,Beauty,138.37,UPI,60.0,0
TXN-529111,CUST-159,2026-08-11 01:54:32,Home & Kitchen,119.28,PayPal,18.0,0
TXN-670515,CUST-980,2026-08-11 01:54:32,Electronics,127.73,Debit Card,45.0,0
TXN-497457,CUST-586,2026-08-11 01:54:32,Clothing,89.41,Credit Card,34.0,0
TXN-403260,CUST-330,2026-08-11 01:54:32,Beauty,94.24,Credit Card,25.0,1
TXN-987878,CUST-308,2026-08-11 01:54:32,Books,194.23,Credit Card,,1
TXN-422347,CUST-851,2026-08-11 01:54:32,Beauty,119.06,Debit Card,25.0,0
TXN-305285,CUST-789,2026-08-11 01:54:32,Clothing,71.22,PayPal,,1
TXN-293358,CUST-806,2026-08-11 01:54:32,Beauty,170.62,Debit Card,60.0,0
TXN-394207,CUST-946,2026-08-11 01:54:32,Electronics,83.37,Debit Card,,0
TXN-325658,CUST-408,2026-08-11 01:54:32,Clothing,135.44,Debit Card,18.0,1
TXN-250305,CUST-549,2026-08-11 01:54:32,Home & Kitchen,174.25,UPI,60.0,0
TXN-403694,CUST-275,2026-08-11 01:54:32,Books,105.86,PayPal,52.0,0
TXN-652509,CUST-749,2026-08-11 01:54:32,Clothing,165.64,Credit Card,52.0,0
TXN-348164,CUST-139,2026-08-11 01:54:32,Books,158.01,Debit Card,25.0,0
TXN-891103,CUST-865,2026-08-11 01:54:32,Beauty,104.93,PayPal,,0
TXN-550170,CUST-731,2026-08-11 01:54:32,Electronics,108.87,Debit Card,60.0,1
TXN-186818,CUST-688,2026-08-11 01:54:32,Home & Kitchen,97.59,PayPal,34.0,0
TXN-311212,CUST-402,2026-08-11 01:54:32,Home & Kitchen,158.8,Debit Card,45.0,0
TXN-354029,CUST-314,2026-08-11 01:54:32,Beauty,100.88,UPI,34.0,0
TXN-426289,CUST-813,2026-08-11 01:54:32,Electronics,150.46,Credit Card,34.0,0
TXN-591896,CUST-190,2026-08-11 01:54:32,Clothing,114.11,Debit Card,60.0,0
TXN-880099,CUST-159,2026-08-11 01:54:32,Books,188.52,PayPal,18.0,1
TXN-797015,CUST-570,2026-08-11 01:54:32,Books,70.31,PayPal,18.0,1
TXN-782781,CUST-588,2026-08-11 01:54:32,Electronics,130.36,PayPal,52.0,0
TXN-603979,CUST-524,2026-08-11 01:54:32,Beauty,109.7,Credit Card,52.0,0
TXN-381297,CUST-157,2026-08-11 01:54:32,Electronics,129.76,Credit Card,60.0,0
TXN-514633,CUST-813,2026-08-11 01:54:32,Electronics,107.82,Credit Card,52.0,0
TXN-609920,CUST-408,2026-08-11 01:54:32,Electronics,69.19,Credit Card,34.0,1
TXN-107301,CUST-752,2026-08-11 01:54:32,Home & Kitchen,101.26,Credit Card,52.0,1
TXN-953141,CUST-673,2026-08-11 01:54:32,Electronics,151.21,UPI,,1
TXN-907407,CUST-344,2026-08-11 01:54:32,Clothing,74.4,Debit Card,18.0,1
TXN-626393,CUST-633,2026-08-11 01:54:32,Electronics,61.44,PayPal,25.0,0
TXN-787886,CUST-668,2026-08-11 01:54:32,Books,72.24,UPI,18.0,0
TXN-401212,CUST-326,2026-08-11 01:54:32,Electronics,133.47,Debit Card,18.0,0
TXN-976163,CUST-580,2026-08-11 01:54:32,Books,130.54,Debit Card,45.0,0
TXN-794916,CUST-180,2026-08-11 01:54:32,Beauty,51.46,PayPal,18.0,0
TXN-207868,CUST-715,2026-08-11 01:54:32,Books,42.98,PayPal,52.0,1
TXN-398989,CUST-875,2026-08-11 01:54:32,Clothing,178.34,Credit Card,25.0,0
TXN-138924,CUST-558,2026-08-11 01:54:32,Beauty,134.07,UPI,52.0,0
TXN-188429,CUST-116,2026-08-11 01:54:32,Beauty,75.7,Credit Card,52.0,0
TXN-465814,CUST-591,2026-08-11 01:54:32,Beauty,63.89,Credit Card,34.0,0
TXN-725215,CUST-269,2026-08-11 01:54:32,Clothing,86.01,PayPal,,0
TXN-410203,CUST-769,2026-08-11 01:54:32,Home & Kitchen,107.7,PayPal,18.0,0
TXN-872390,CUST-402,2026-08-11 01:54:32,Beauty,70.0,PayPal,,0
TXN-595704,CUST-233,2026-08-11 01:54:32,Home & Kitchen,149.59,PayPal,52.0,0
TXN-413547,CUST-275,2026-08-11 01:54:32,Home & Kitchen,106.83,Credit Card,34.0,0
TXN-470149,CUST-814,2026-08-11 01:54:32,Clothing,132.36,UPI,60.0,0
TXN-750955,CUST-662,2026-08-11 01:54:32,Books,180.97,UPI,18.0,0
TXN-190224,CUST-400,2026-08-11 01:54:32,Clothing,196.41,Credit Card,52.0,1
TXN-159148,CUST-363,2026-08-11 01:54:32,Beauty,147.08,Credit Card,45.0,0
TXN-241069,CUST-195,2026-08-11 01:54:32,Beauty,107.24,Debit Card,34.0,0
TXN-342906,CUST-782,2026-08-11 01:54:32,Books,164.55,Debit Card,18.0,0
TXN-615846,CUST-326,2026-08-11 01:54:32,Home & Kitchen,47.06,Credit Card,18.0,1
TXN-946064,CUST-146,2026-08-11 01:54:32,Beauty,138.88,PayPal,25.0,0
TXN-455054,CUST-269,2026-08-11 01:54:32,Electronics,71.31,PayPal,,1
TXN-234983,CUST-157,2026-08-11 01:54:32,Clothing,72.22,Credit Card,25.0,0
TXN-956673,CUST-273,2026-08-11 01:54:32,Books,195.65,PayPal,60.0,0
TXN-522744,CUST-442,2026-08-11 01:54:32,Books,145.64,UPI,25.0,0
TXN-533574,CUST-700,2026-08-11 01:54:32,Home & Kitchen,150.4,PayPal,34.0,0
TXN-105753,CUST-728,2026-08-11 01:54:32,Electronics,134.71,PayPal,52.0,1
TXN-410349,CUST-654,2026-08-11 01:54:32,Clothing,158.98,PayPal,45.0,0
TXN-654791,CUST-532,2026-08-11 01:54:32,Books,124.02,UPI,52.0,0
TXN-671797,CUST-361,2026-08-11 01:54:32,Beauty,125.31,UPI,52.0,0
TXN-686837,CUST-718,2026-08-11 01:54:32,Clothing,146.49,Debit Card,18.0,0
TXN-247112,CUST-215,2026-08-11 01:54:32,Beauty,86.13,PayPal,60.0,0
TXN-686638,CUST-195,2026-08-11 01:54:32,Books,50.49,UPI,34.0,0
TXN-374976,CUST-310,2026-08-11 01:54:32,Home & Kitchen,91.16,PayPal,18.0,0
TXN-968102,CUST-643,2026-08-11 01:54:32,Electronics,155.34,Debit Card,34.0,0
TXN-363585,CUST-245,2026-08-11 01:54:32,Home & Kitchen,129.46,Credit Card,34.0,0
TXN-181141,CUST-446,2026-08-11 01:54:32,Beauty,168.82,UPI,,0
TXN-462705,CUST-309,2026-08-11 01:54:32,Books,168.9,Credit Card,60.0,0
TXN-512974,CUST-357,2026-08-11 01:54:32,Electronics,142.65,UPI,25.0,0
TXN-556633,CUST-575,2026-08-11 01:54:32,Books,152.17,Credit Card,52.0,0
TXN-428485,CUST-964,2026-08-11 01:54:32,Home & Kitchen,119.33,Debit Card,34.0,0
TXN-829039,CUST-683,2026-08-11 01:54:32,Home & Kitchen,124.71,UPI,34.0,1
TXN-377306,CUST-776,2026-08-11 01:54:32,Clothing,158.3,Debit Card,45.0,0
TXN-877426,CUST-408,2026-08-11 01:54:32,Home & Kitchen,82.2,Debit Card,45.0,0
TXN-742649,CUST-865,2026-08-11 01:54:32,Clothing,81.69,Credit Card,45.0,0
TXN-673672,CUST-793,2026-08-11 01:54:32,Books,120.94,Credit Card,60.0,1
TXN-237198,CUST-688,2026-08-11 01:54:32,Books,108.1,PayPal,18.0,0
TXN-924326,CUST-918,2026-08-11 01:54:32,Clothing,161.89,Credit Card,18.0,0
TXN-940211,CUST-738,2026-08-11 01:54:32,Clothing,136.38,UPI,25.0,0
TXN-300866,CUST-696,2026-08-11 01:54:32,Electronics,135.5,Credit Card,25.0,0
TXN-805729,CUST-411,2026-08-11 01:54:32,Books,84.29,PayPal,18.0,0
TXN-858405,CUST-177,2026-08-11 01:54:32,Books,150.89,Credit Card,25.0,0
TXN-592917,CUST-415,2026-08-11 01:54:32,Clothing,178.61,Credit Card,45.0,0
TXN-566891,CUST-198,2026-08-11 01:54:32,Books,161.72,UPI,18.0,0
TXN-240448,CUST-518,2026-08-11 01:54:32,Home & Kitchen,121.98,Debit Card,45.0,0
TXN-611612,CUST-847,2026-08-11 01:54:32,Beauty,100.34,Credit Card,25.0,0
TXN-503788,CUST-614,2026-08-11 01:54:32,Home & Kitchen,128.7,UPI,52.0,1
TXN-434553,CUST-738,2026-08-11 01:54:32,Beauty,86.24,PayPal,52.0,0
TXN-273935,CUST-589,2026-08-11 01:54:32,Beauty,135.7,UPI,,1
TXN-880822,CUST-288,2026-08-11 01:54:32,Electronics,149.16,PayPal,34.0,0
TXN-966700,CUST-984,2026-08-11 01:54:32,Home & Kitchen,149.93,Debit Card,52.0,0
TXN-958108,CUST-335,2026-08-11 01:54:32,Beauty,147.86,UPI,,0
TXN-920562,CUST-696,2026-08-11 01:54:32,Books,138.3,Debit Card,25.0,0
TXN-722439,CUST-506,2026-08-11 01:54:32,Clothing,117.0,Debit Card,60.0,0
TXN-180086,CUST-357,2026-08-11 01:54:32,Beauty,90.63,Debit Card,25.0,0
TXN-586800,CUST-591,2026-08-11 01:54:32,Home & Kitchen,147.05,UPI,18.0,0
TXN-950653,CUST-395,2026-08-11 01:54:32,Clothing,85.88,UPI,45.0,0
TXN-365577,CUST-139,2026-08-11 01:54:32,Books,133.8,Credit Card,60.0,1
TXN-309028,CUST-128,2026-08-11 01:54:32,Electronics,109.41,Debit Card,45.0,0
TXN-515537,CUST-446,2026-08-11 01:54:32,Beauty,110.73,PayPal,25.0,0
TXN-270015,CUST-153,2026-08-11 01:54:32,Beauty,137.0,UPI,45.0,0
TXN-631752,CUST-901,2026-08-11 01:54:32,Clothing,134.8,Debit Card,34.0,0
TXN-649406,CUST-256,2026-08-11 01:54:32,Books,177.04,Debit Card,25.0,0
TXN-935990,CUST-416,2026-08-11 01:54:32,Electronics,49.06,Credit Card,18.0,0
TXN-960659,CUST-797,2026-08-11 01:54:32,Home & Kitchen,183.85,UPI,18.0,0
TXN-473781,CUST-330,2026-08-11 01:54:32,Home & Kitchen,119.48,Credit Card,34.0,0
TXN-197573,CUST-136,2026-08-11 01:54:32,Home & Kitchen,130.87,Debit Card,34.0,0
TXN-295803,CUST-328,2026-08-11 01:54:32,Home & Kitchen,163.36,PayPal,52.0,0
TXN-650431,CUST-575,2026-08-11 01:54:32,Books,94.77,Debit Card,52.0,0
TXN-401431,CUST-510,2026-08-11 01:54:32,Beauty,122.49,Debit Card,60.0,0
TXN-842507,CUST-411,2026-08-11 01:54:32,Beauty,132.3,Debit Card,45.0,0
TXN-214045,CUST-337,2026-08-11 01:54:32,Beauty,60.15,Credit Card,,0
TXN-957925,CUST-200,2026-08-11 01:54:32,Beauty,48.37,UPI,34.0,1
TXN-516690,CUST-745,2026-08-11 01:54:32,Clothing,144.74,UPI,18.0,0
TXN-393421,CUST-128,2026-08-11 01:54:32,Electronics,137.09,UPI,34.0,0
TXN-991149,CUST-633,2026-08-11 01:54:32,Electronics,147.99,PayPal,34.0,0
TXN-695163,CUST-888,2026-08-11 01:54:32,Books,140.84,PayPal,34.0,0
TXN-685677,CUST-916,2026-08-11 01:54:32,Electronics,151.85,Credit Card,18.0,0
TXN-668794,CUST-775,2026-08-11 01:54:32,Beauty,177.22,Credit Card,45.0,0
TXN-747949,CUST-833,2026-08-11 01:54:32,Books,153.27,PayPal,52.0,1
TXN-838629,CUST-739,2026-08-11 01:54:32,Books,90.33,Debit Card,,0
TXN-507443,CUST-687,2026-08-11 01:54:32,Beauty,132.01,UPI,52.0,1
TXN-407359,CUST-328,2026-08-11 01:54:32,Beauty,124.93,Credit Card,45.0,0
TXN-846748,CUST-376,2026-08-11 01:54:32,Home & Kitchen,105.47,UPI,45.0,0
TXN-161387,CUST-673,2026-08-11 01:54:32,Clothing,90.55,Debit Card,34.0,0
TXN-412218,CUST-996,2026-08-11 01:54:32,Clothing,204.51,Debit Card,25.0,0
TXN-930512,CUST-697,2026-08-11 01:54:32,Books,65.9,Credit Card,52.0,0
TXN-135215,CUST-276,2026-08-11 01:54:32,Clothing,77.83,UPI,18.0,1
TXN-780629,CUST-738,2026-08-11 01:54:32,Clothing,178.8,UPI,52.0,0
TXN-768870,CUST-275,2026-08-11 01:54:32,Clothing,129.83,Debit Card,34.0,1
TXN-257523,CUST-919,2026-08-12 02:07:51,Beauty,122.33,Credit Card,52.0,1
TXN-908037,CUST-170,2026-08-12 02:07:51,Books,87.06,PayPal,25.0,0
TXN-259090,CUST-546,2026-08-12 02:07:51,Electronics,148.67,Debit Card,52.0,1
TXN-774569,CUST-938,2026-08-12 02:07:51,Electronics,102.17,Debit Card,60.0,0
TXN-281440,CUST-789,2026-08-12 02:07:51,Books,126.07,Debit Card,45.0,0
TXN-622082,CUST-773,2026-08-12 02:07:51,Electronics,108.83,UPI,,0
TXN-656113,CUST-323,2026-08-12 02:07:51,Beauty,74.98,Debit Card,,1
TXN-341678,CUST-109,2026-08-12 02:07:51,Home & Kitchen,39.52,Credit Card,45.0,0
TXN-203505,CUST-610,2026-08-12 02:07:51,Books,93.24,Debit Card,34.0,1
TXN-853008,CUST-613,2026-08-12 02:07:51,Electronics,119.46,Debit Card,25.0,0
TXN-120808,CUST-613,2026-08-12 02:07:51,Electronics,143.34,Debit Card,25.0,1
TXN-114193,CUST-278,2026-08-12 02:07:51,Books,72.32,PayPal,52.0,0
TXN-132372,CUST-230,2026-08-12 02:07:51,Home & Kitchen,127.99,UPI,60.0,1
TXN-727679,CUST-634,2026-08-12 02:07:51,Electronics,103.02,PayPal,,0
TXN-543003,CUST-987,2026-08-12 02:07:51,Clothing,124.35,PayPal,25.0,0
TXN-863429,CUST-740,2026-08-12 02:07:51,Books,94.55,Credit Card,34.0,0
TXN-482339,CUST-794,2026-08-12 02:07:51,Beauty,69.9,UPI,45.0,1
TXN-252025,CUST-460,2026-08-12 02:07:51,Beauty,167.89,UPI,18.0,0
TXN-846322,CUST-382,2026-08-12 02:07:51,Books,136.68,Credit Card,25.0,0
TXN-628315,CUST-529,2026-08-12 02:07:51,Beauty,52.9,Debit Card,34.0,0
TXN-875608,CUST-919,2026-08-12 02:07:51,Electronics,148.9,Debit Card,45.0,0
TXN-481890,CUST-651,2026-08-12 02:07:51,Electronics,76.76,UPI,18.0,0
TXN-361165,CUST-706,2026-08-12 02:07:51,Electronics,145.05,UPI,,0
TXN-183221,CUST-904,2026-08-12 02:07:51,Clothing,108.91,Debit Card,45.0,0
TXN-764534,CUST-358,2026-08-12 02:07:51,Electronics,249.98,UPI,60.0,0
TXN-395896,CUST-187,2026-08-12 02:07:51,Books,106.74,Debit Card,52.0,0
TXN-355843,CUST-633,2026-08-12 02:07:51,Electronics,105.53,Debit Card,18.0,0
TXN-705950,CUST-776,2026-08-12 02:07:51,Books,67.62,Credit Card,52.0,0
TXN-944739,CUST-876,2026-08-12 02:07:51,Clothing,172.66,Debit Card,,0
TXN-786202,CUST-200,2026-08-12 02:07:51,Electronics,118.32,PayPal,60.0,1
TXN-534272,CUST-265,2026-08-12 02:07:51,Books,162.58,PayPal,45.0,0
TXN-765448,CUST-380,2026-08-12 02:07:51,Beauty,112.85,Debit Card,45.0,0
TXN-347931,CUST-126,2026-08-12 02:07:51,Home & Kitchen,114.03,Debit Card,60.0,0
TXN-928882,CUST-904,2026-08-12 02:07:51,Electronics,116.87,Credit Card,18.0,0
TXN-416970,CUST-880,2026-08-12 02:07:51,Electronics,138.53,Credit Card,18.0,0
TXN-209902,CUST-842,2026-08-12 02:07:51,Home & Kitchen,116.61,PayPal,,0
TXN-757751,CUST-826,2026-08-12 02:07:51,Home & Kitchen,107.42,UPI,60.0,1
TXN-809427,CUST-919,2026-08-12 02:07:51,Beauty,112.35,Credit Card,18.0,0
TXN-691809,CUST-111,2026-08-12 02:07:51,Home & Kitchen,121.79,UPI,45.0,0
TXN-232982,CUST-790,2026-08-12 02:07:51,Electronics,121.63,Debit Card,45.0,0
TXN-832922,CUST-402,2026-08-12 02:07:51,Beauty,125.37,Debit Card,34.0,0
TXN-306943,CUST-919,2026-08-12 02:07:51,Electronics,126.9,PayPal,45.0,1
TXN-412444,CUST-199,2026-08-12 02:07:51,Clothing,167.55,Credit Card,52.0,1
TXN-569702,CUST-409,2026-08-12 02:07:51,Beauty,152.4,Credit Card,52.0,1
TXN-217264,CUST-426,2026-08-12 02:07:51,Clothing,76.33,Debit Card,60.0,0
TXN-523975,CUST-239,2026-08-12 02:07:51,Beauty,77.2,UPI,34.0,0
TXN-952483,CUST-131,2026-08-12 02:07:51,Books,177.56,PayPal,,0
TXN-372452,CUST-156,2026-08-12 02:07:51,Beauty,113.29,Debit Card,25.0,0
TXN-954220,CUST-871,2026-08-12 02:07:51,Electronics,120.89,PayPal,52.0,1
TXN-721078,CUST-255,2026-08-12 02:07:51,Clothing,146.71,Debit Card,60.0,0
TXN-274903,CUST-525,2026-08-12 02:07:51,Electronics,140.34,UPI,,0
TXN-338644,CUST-647,2026-08-12 02:07:51,Books,124.79,Debit Card,45.0,0
TXN-494070,CUST-686,2026-08-12 02:07:51,Home & Kitchen,85.92,UPI,34.0,1
TXN-533470,CUST-677,2026-08-12 02:07:51,Home & Kitchen,119.44,UPI,34.0,1
TXN-350082,CUST-810,2026-08-12 02:07:51,Clothing,126.2,Credit Card,34.0,0
TXN-821976,CUST-789,2026-08-12 02:07:51,Books,60.6,Credit Card,,0
TXN-654153,CUST-940,2026-08-12 02:07:51,Books,199.8,Credit Card,60.0,0
TXN-285010,CUST-706,2026-08-12 02:07:51,Home & Kitchen,168.36,Credit Card,34.0,1
TXN-320774,CUST-313,2026-08-12 02:07:51,Home & Kitchen,102.07,PayPal,60.0,0
TXN-340905,CUST-919,2026-08-12 02:07:51,Home & Kitchen,118.58,PayPal,60.0,0
TXN-414648,CUST-380,2026-08-12 02:07:51,Clothing,178.56,PayPal,18.0,0
TXN-361996,CUST-483,2026-08-12 02:07:51,Clothing,69.44,PayPal,25.0,0
TXN-355771,CUST-298,2026-08-12 02:07:51,Clothing,47.06,Debit Card,60.0,0
TXN-246688,CUST-666,2026-08-12 02:07:51,Electronics,59.73,Debit Card,,0
TXN-771350,CUST-307,2026-08-12 02:07:51,Beauty,139.48,Debit Card,52.0,0
TXN-322992,CUST-402,2026-08-12 02:07:51,Electronics,81.85,Debit Card,18.0,0
TXN-759199,CUST-837,2026-08-12 02:07:51,Electronics,119.63,Debit Card,18.0,0
TXN-434776,CUST-243,2026-08-12 02:07:51,Beauty,143.79,Debit Card,25.0,0
TXN-856325,CUST-232,2026-08-12 02:07:51,Books,100.03,UPI,34.0,0
TXN-243862,CUST-128,2026-08-12 02:07:51,Electronics,80.73,PayPal,25.0,0
TXN-781891,CUST-583,2026-08-12 02:07:51,Clothing,116.64,Credit Card,18.0,0
TXN-590314,CUST-897,2026-08-12 02:07:51,Clothing,94.64,Debit Card,25.0,0
TXN-253388,CUST-275,2026-08-12 02:07:51,Clothing,129.52,UPI,18.0,0
TXN-689725,CUST-505,2026-08-12 02:07:51,Clothing,137.86,Credit Card,,0
TXN-974248,CUST-311,2026-08-12 02:07:51,Electronics,121.66,Credit Card,60.0,0
TXN-534335,CUST-391,2026-08-12 02:07:51,Clothing,72.54,Debit Card,45.0,1
TXN-521513,CUST-724,2026-08-12 02:07:51,Clothing,49.08,Credit Card,18.0,0
TXN-194706,CUST-778,2026-08-12 02:07:51,Books,97.92,Credit Card,52.0,0
TXN-478685,CUST-356,2026-08-12 02:07:51,Books,146.27,PayPal,25.0,0
TXN-759231,CUST-789,2026-08-12 02:07:51,Clothing,220.25,Credit Card,52.0,0
TXN-343589,CUST-136,2026-08-12 02:07:51,Electronics,116.42,UPI,34.0,0
TXN-832137,CUST-777,2026-08-12 02:07:51,Beauty,88.2,Debit Card,18.0,1
TXN-157788,CUST-121,2026-08-12 02:07:51,Beauty,107.11,Debit Card,60.0,0
TXN-468603,CUST-290,2026-08-12 02:07:51,Beauty,156.77,Debit Card,60.0,0
TXN-192175,CUST-311,2026-08-12 02:07:51,Electronics,128.27,PayPal,18.0,0
TXN-578718,CUST-666,2026-08-12 02:07:51,Beauty,135.87,Credit Card,34.0,1
TXN-632087,CUST-265,2026-08-12 02:07:51,Books,175.8,UPI,,0
TXN-311543,CUST-153,2026-08-12 02:07:51,Home & Kitchen,98.81,UPI,34.0,0
TXN-133814,CUST-608,2026-08-12 02:07:51,Clothing,212.96,Debit Card,34.0,0
TXN-843156,CUST-176,2026-08-12 02:07:51,Clothing,72.16,Credit Card,45.0,0
TXN-545985,CUST-359,2026-08-12 02:07:51,Electronics,129.7,Credit Card,34.0,1
TXN-819090,CUST-371,2026-08-12 02:07:51,Clothing,176.54,Debit Card,60.0,0
TXN-657704,CUST-504,2026-08-12 02:07:51,Books,94.35,Credit Card,25.0,1
TXN-311376,CUST-632,2026-08-12 02:07:51,Beauty,153.69,Credit Card,34.0,0
TXN-297521,CUST-534,2026-08-12 02:07:51,Electronics,158.33,PayPal,34.0,0
TXN-345620,CUST-546,2026-08-12 02:07:51,Home & Kitchen,148.37,Debit Card,52.0,1
TXN-410091,CUST-867,2026-08-12 02:07:51,Books,123.18,PayPal,52.0,0
TXN-160864,CUST-418,2026-08-12 02:07:51,Clothing,179.0,UPI,,0
TXN-445224,CUST-984,2026-08-12 02:07:51,Books,183.35,PayPal,34.0,0
TXN-955810,CUST-476,2026-08-12 02:07:51,Electronics,163.0,Debit Card,60.0,0
TXN-323058,CUST-255,2026-08-12 02:07:51,Electronics,90.43,UPI,34.0,0
TXN-424848,CUST-826,2026-08-12 02:07:51,Books,142.74,Debit Card,,1
TXN-129182,CUST-509,2026-08-12 02:07:51,Home & Kitchen,133.26,UPI,18.0,0
TXN-239062,CUST-221,2026-08-12 02:07:51,Home & Kitchen,133.85,UPI,52.0,0
TXN-924087,CUST-529,2026-08-12 02:07:51,Clothing,66.32,PayPal,60.0,0
TXN-840783,CUST-478,2026-08-13 02:09:40,Clothing,69.72,PayPal,25.0,0
TXN-160817,CUST-512,2026-08-13 02:09:40,Home & Kitchen,120.09,Debit Card,18.0,0
TXN-544438,CUST-365,2026-08-13 02:09:40,Books,83.58,Credit Card,18.0,0
TXN-142179,CUST-369,2026-08-13 02:09:40,Books,91.06,PayPal,,1
TXN-308455,CUST-511,2026-08-13 02:09:40,Home & Kitchen,102.59,Debit Card,45.0,0
TXN-393483,CUST-575,2026-08-13 02:09:40,Clothing,154.68,UPI,,0
TXN-163407,CUST-165,2026-08-13 02:09:40,Clothing,146.51,PayPal,18.0,0
TXN-947735,CUST-689,2026-08-13 02:09:40,Electronics,143.67,Debit Card,34.0,1
TXN-663555,CUST-302,2026-08-13 02:09:40,Clothing,140.95,UPI,52.0,0
TXN-671924,CUST-349,2026-08-13 02:09:40,Clothing,136.87,PayPal,18.0,0
TXN-876363,CUST-991,2026-08-13 02:09:40,Clothing,134.19,UPI,34.0,0
TXN-837386,CUST-865,2026-08-13 02:09:40,Home & Kitchen,115.24,Debit Card,34.0,0
TXN-327548,CUST-667,2026-08-13 02:09:40,Beauty,93.34,UPI,45.0,0
TXN-407312,CUST-969,2026-08-13 02:09:40,Home & Kitchen,158.22,PayPal,60.0,0
TXN-481095,CUST-401,2026-08-13 02:09:40,Books,110.41,PayPal,18.0,0
TXN-921857,CUST-524,2026-08-13 02:09:40,Clothing,103.38,Credit Card,,0
TXN-683474,CUST-417,2026-08-13 02:09:40,Electronics,138.77,UPI,25.0,0
TXN-470035,CUST-565,2026-08-13 02:09:40,Beauty,151.82,Debit Card,,0
TXN-628901,CUST-447,2026-08-13 02:09:40,Clothing,174.37,Debit Card,45.0,0
TXN-634638,CUST-163,2026-08-13 02:09:40,Electronics,92.75,UPI,52.0,0
TXN-853250,CUST-801,2026-08-13 02:09:40,Electronics,65.67,UPI,25.0,1
TXN-936073,CUST-580,2026-08-13 02:09:40,Home & Kitchen,31.08,Debit Card,45.0,0
TXN-355456,CUST-750,2026-08-13 02:09:40,Clothing,158.6,UPI,25.0,0
TXN-994978,CUST-326,2026-08-13 02:09:40,Clothing,107.87,UPI,18.0,1
TXN-564656,CUST-802,2026-08-13 02:09:40,Home & Kitchen,87.35,Debit Card,,0
TXN-877323,CUST-969,2026-08-13 02:09:40,Home & Kitchen,113.74,Debit Card,18.0,0
TXN-379618,CUST-417,2026-08-13 02:09:40,Beauty,94.95,UPI,52.0,1
TXN-184152,CUST-749,2026-08-13 02:09:40,Beauty,117.13,Credit Card,60.0,0
TXN-279461,CUST-425,2026-08-13 02:09:40,Books,154.4,Credit Card,34.0,0
TXN-866380,CUST-922,2026-08-13 02:09:40,Electronics,114.79,Credit Card,18.0,0
TXN-687214,CUST-653,2026-08-13 02:09:40,Clothing,85.89,PayPal,,1
TXN-948330,CUST-199,2026-08-13 02:09:40,Electronics,56.0,Debit Card,25.0,0
TXN-784078,CUST-129,2026-08-13 02:09:40,Electronics,136.49,Credit Card,52.0,0
TXN-385900,CUST-754,2026-08-13 02:09:40,Clothing,71.46,Credit Card,52.0,0
TXN-991257,CUST-286,2026-08-13 02:09:40,Electronics,193.63,Debit Card,18.0,0
TXN-745006,CUST-647,2026-08-13 02:09:40,Clothing,107.43,UPI,,1
TXN-345608,CUST-535,2026-08-13 02:09:40,Home & Kitchen,140.99,Debit Card,,0
TXN-918540,CUST-820,2026-08-13 02:09:40,Beauty,128.8,Credit Card,25.0,1
TXN-739494,CUST-892,2026-08-13 02:09:40,Electronics,226.7,Debit Card,18.0,0
TXN-841828,CUST-550,2026-08-13 02:09:40,Home & Kitchen,110.77,Credit Card,25.0,0
TXN-223611,CUST-732,2026-08-13 02:09:40,Clothing,187.5,UPI,34.0,0
TXN-478971,CUST-986,2026-08-13 02:09:40,Clothing,153.35,Credit Card,60.0,0
TXN-662967,CUST-957,2026-08-13 02:09:40,Beauty,55.04,UPI,52.0,0
TXN-405588,CUST-289,2026-08-13 02:09:40,Books,94.19,Credit Card,,0
TXN-233106,CUST-327,2026-08-13 02:09:40,Beauty,133.37,Credit Card,60.0,0
TXN-297940,CUST-722,2026-08-13 02:09:40,Electronics,124.24,UPI,,1
TXN-405326,CUST-643,2026-08-13 02:09:40,Beauty,173.92,Credit Card,,0
TXN-205826,CUST-456,2026-08-13 02:09:40,Beauty,212.3,UPI,60.0,0
TXN-767633,CUST-831,2026-08-13 02:09:40,Electronics,96.05,Credit Card,60.0,0
TXN-604174,CUST-554,2026-08-13 02:09:40,Books,107.64,Credit Card,18.0,0
TXN-619902,CUST-957,2026-08-13 02:09:40,Books,117.2,Credit Card,34.0,1
TXN-612914,CUST-135,2026-08-13 02:09:40,Clothing,92.73,UPI,34.0,0
TXN-424135,CUST-921,2026-08-13 02:09:40,Home & Kitchen,58.25,UPI,60.0,0
TXN-267362,CUST-839,2026-08-13 02:09:40,Electronics,83.63,Credit Card,34.0,1
TXN-135573,CUST-598,2026-08-13 02:09:40,Electronics,156.41,Credit Card,,1
TXN-598774,CUST-588,2026-08-13 02:09:40,Home & Kitchen,142.06,Credit Card,45.0,0
TXN-688104,CUST-394,2026-08-13 02:09:40,Home & Kitchen,134.97,Debit Card,60.0,1
TXN-343657,CUST-149,2026-08-13 02:09:40,Home & Kitchen,121.14,Credit Card,25.0,0
TXN-776236,CUST-749,2026-08-13 02:09:40,Beauty,147.8,Debit Card,34.0,1
TXN-973636,CUST-759,2026-08-13 02:09:40,Beauty,92.03,Debit Card,18.0,0
TXN-453672,CUST-309,2026-08-13 02:09:40,Books,75.67,PayPal,60.0,0
TXN-707308,CUST-451,2026-08-13 02:09:40,Home & Kitchen,115.5,PayPal,52.0,0
TXN-211701,CUST-384,2026-08-13 02:09:40,Home & Kitchen,118.08,Debit Card,52.0,1
TXN-943223,CUST-179,2026-08-13 02:09:40,Home & Kitchen,64.99,UPI,34.0,0
TXN-755200,CUST-784,2026-08-13 02:09:40,Home & Kitchen,110.73,Debit Card,52.0,0
TXN-204485,CUST-144,2026-08-13 02:09:40,Books,109.52,Credit Card,,0
TXN-277197,CUST-275,2026-08-13 02:09:40,Clothing,49.45,Credit Card,60.0,0
TXN-676405,CUST-164,2026-08-13 02:09:40,Beauty,151.21,PayPal,45.0,0
TXN-880939,CUST-429,2026-08-13 02:09:40,Beauty,140.02,PayPal,,0
TXN-404212,CUST-814,2026-08-13 02:09:40,Books,97.63,PayPal,25.0,1
TXN-991764,CUST-801,2026-08-13 02:09:40,Books,177.35,UPI,,1
TXN-759312,CUST-874,2026-08-13 02:09:40,Electronics,117.99,UPI,52.0,1
TXN-220250,CUST-281,2026-08-13 02:09:40,Books,141.09,UPI,52.0,1
TXN-767908,CUST-142,2026-08-13 02:09:40,Clothing,122.8,Credit Card,25.0,0
TXN-527914,CUST-151,2026-08-13 02:09:40,Clothing,99.52,Debit Card,18.0,1
TXN-799153,CUST-275,2026-08-13 02:09:40,Home & Kitchen,150.11,Debit Card,45.0,0
TXN-990416,CUST-651,2026-08-13 02:09:40,Beauty,33.95,Debit Card,18.0,0
TXN-467823,CUST-784,2026-08-13 02:09:40,Home & Kitchen,116.74,UPI,52.0,0
TXN-382795,CUST-550,2026-08-13 02:09:40,Home & Kitchen,91.98,UPI,18.0,0
TXN-696945,CUST-454,2026-08-13 02:09:40,Books,71.9,Credit Card,34.0,0
TXN-135801,CUST-988,2026-08-13 02:09:40,Books,101.54,PayPal,25.0,1
TXN-407932,CUST-588,2026-08-13 02:09:40,Clothing,130.94,Credit Card,60.0,0
TXN-429199,CUST-394,2026-08-13 02:09:40,Books,113.05,Credit Card,60.0,1
TXN-204982,CUST-383,2026-08-13 02:09:40,Books,169.84,PayPal,34.0,0
TXN-343608,CUST-489,2026-08-13 02:09:40,Beauty,124.0,Credit Card,45.0,0
TXN-610750,CUST-437,2026-08-14 02:07:33,Beauty,188.12,Debit Card,34.0,0
TXN-593602,CUST-561,2026-08-14 02:07:33,Home & Kitchen,109.68,PayPal,52.0,0
TXN-270342,CUST-678,2026-08-14 02:07:33,Clothing,56.35,UPI,25.0,0
TXN-454112,CUST-994,2026-08-14 02:07:33,Clothing,191.3,Credit Card,25.0,0
TXN-456865,CUST-625,2026-08-14 02:07:33,Electronics,151.63,PayPal,,0
TXN-121883,CUST-646,2026-08-14 02:07:33,Home & Kitchen,166.32,UPI,60.0,0
TXN-652245,CUST-169,2026-08-14 02:07:33,Clothing,179.18,Debit Card,25.0,0
TXN-181206,CUST-701,2026-08-14 02:07:33,Home & Kitchen,105.54,Credit Card,52.0,1
TXN-629403,CUST-740,2026-08-14 02:07:33,Home & Kitchen,205.81,Credit Card,52.0,0
TXN-658918,CUST-205,2026-08-14 02:07:33,Beauty,162.61,Credit Card,52.0,1
TXN-840390,CUST-174,2026-08-14 02:07:33,Clothing,138.9,Debit Card,60.0,0
TXN-345650,CUST-718,2026-08-14 02:07:33,Books,91.94,PayPal,25.0,0
TXN-555116,CUST-431,2026-08-14 02:07:33,Books,78.73,Debit Card,60.0,1
TXN-514188,CUST-752,2026-08-14 02:07:33,Electronics,100.57,Debit Card,60.0,0
TXN-133612,CUST-226,2026-08-14 02:07:33,Books,64.07,UPI,,0
TXN-592730,CUST-436,2026-08-14 02:07:33,Clothing,82.02,Debit Card,,0
TXN-540442,CUST-939,2026-08-14 02:07:33,Home & Kitchen,97.41,Credit Card,52.0,1
TXN-212629,CUST-333,2026-08-14 02:07:33,Clothing,59.05,PayPal,,0
TXN-270558,CUST-523,2026-08-14 02:07:33,Electronics,84.44,PayPal,25.0,0
TXN-580802,CUST-184,2026-08-14 02:07:33,Electronics,76.18,PayPal,,0
TXN-899594,CUST-608,2026-08-14 02:07:33,Clothing,147.71,Credit Card,60.0,0
TXN-534488,CUST-752,2026-08-14 02:07:33,Home & Kitchen,212.89,UPI,,0
TXN-805428,CUST-200,2026-08-14 02:07:33,Clothing,163.85,PayPal,45.0,1
TXN-124642,CUST-650,2026-08-14 02:07:33,Clothing,161.0,Credit Card,25.0,1
TXN-445429,CUST-620,2026-08-14 02:07:33,Clothing,97.58,Credit Card,18.0,0
TXN-388658,CUST-975,2026-08-14 02:07:33,Beauty,173.26,Credit Card,,0
TXN-953450,CUST-128,2026-08-14 02:07:33,Books,96.18,UPI,25.0,0
TXN-858720,CUST-398,2026-08-14 02:07:33,Home & Kitchen,81.09,UPI,45.0,0
TXN-741936,CUST-113,2026-08-14 02:07:33,Books,98.97,Credit Card,60.0,0
TXN-714067,CUST-317,2026-08-14 02:07:33,Beauty,113.45,UPI,52.0,0
TXN-993958,CUST-374,2026-08-14 02:07:33,Electronics,125.83,PayPal,25.0,0
TXN-237385,CUST-624,2026-08-14 02:07:33,Beauty,145.11,Credit Card,52.0,1
TXN-782586,CUST-746,2026-08-14 02:07:33,Books,46.45,UPI,25.0,0
TXN-901549,CUST-940,2026-08-14 02:07:33,Beauty,53.4,Credit Card,34.0,0
TXN-987937,CUST-184,2026-08-14 02:07:33,Electronics,113.66,Debit Card,52.0,1
TXN-225245,CUST-816,2026-08-14 02:07:33,Electronics,83.66,Credit Card,18.0,1
TXN-740633,CUST-523,2026-08-14 02:07:33,Books,103.33,UPI,18.0,0
TXN-631937,CUST-805,2026-08-14 02:07:33,Books,45.41,UPI,18.0,0
TXN-875708,CUST-567,2026-08-14 02:07:33,Beauty,107.37,PayPal,60.0,0
TXN-938891,CUST-747,2026-08-14 02:07:33,Home & Kitchen,109.57,Debit Card,60.0,0
TXN-270424,CUST-652,2026-08-14 02:07:33,Clothing,159.98,UPI,25.0,0
TXN-920786,CUST-655,2026-08-14 02:07:33,Beauty,121.83,Credit Card,45.0,0
TXN-189806,CUST-418,2026-08-14 02:07:33,Home & Kitchen,153.45,Debit Card,,0
TXN-207137,CUST-257,2026-08-14 02:07:33,Beauty,98.68,PayPal,25.0,0
TXN-254211,CUST-174,2026-08-14 02:07:33,Clothing,169.79,UPI,18.0,0
TXN-703612,CUST-772,2026-08-14 02:07:33,Electronics,138.5,UPI,25.0,0
TXN-172647,CUST-493,2026-08-14 02:07:33,Clothing,58.41,Debit Card,45.0,1
TXN-877383,CUST-567,2026-08-14 02:07:33,Beauty,175.78,UPI,34.0,0
TXN-802314,CUST-893,2026-08-14 02:07:33,Clothing,128.62,Credit Card,52.0,0
TXN-378565,CUST-847,2026-08-14 02:07:33,Home & Kitchen,38.15,Credit Card,60.0,0
TXN-203084,CUST-982,2026-08-14 02:07:33,Beauty,130.68,Credit Card,60.0,0
TXN-981879,CUST-561,2026-08-14 02:07:33,Beauty,65.02,Debit Card,18.0,0
TXN-858075,CUST-978,2026-08-14 02:07:33,Beauty,102.14,UPI,45.0,0
TXN-220691,CUST-880,2026-08-14 02:07:33,Books,161.92,PayPal,60.0,0
TXN-131226,CUST-221,2026-08-14 02:07:33,Home & Kitchen,90.56,PayPal,25.0,1
TXN-382682,CUST-452,2026-08-14 02:07:33,Beauty,118.75,PayPal,60.0,0
TXN-849851,CUST-880,2026-08-14 02:07:33,Books,167.66,Credit Card,,0
TXN-514394,CUST-611,2026-08-14 02:07:33,Clothing,169.37,Credit Card,34.0,0
TXN-340902,CUST-341,2026-08-14 02:07:33,Clothing,87.79,Debit Card,45.0,0
TXN-656164,CUST-554,2026-08-14 02:07:33,Electronics,93.86,PayPal,25.0,0
TXN-730729,CUST-816,2026-08-14 02:07:33,Beauty,70.91,Credit Card,60.0,0
TXN-783970,CUST-767,2026-08-14 02:07:33,Home & Kitchen,112.29,Debit Card,52.0,0
TXN-573316,CUST-602,2026-08-14 02:07:33,Clothing,108.5,Credit Card,34.0,0
TXN-361458,CUST-169,2026-08-14 02:07:33,Clothing,137.27,UPI,18.0,1
TXN-686524,CUST-975,2026-08-14 02:07:33,Beauty,83.1,PayPal,60.0,1
TXN-868421,CUST-879,2026-08-14 02:07:33,Books,180.95,UPI,60.0,1
TXN-574065,CUST-313,2026-08-14 02:07:33,Clothing,86.71,PayPal,18.0,1
TXN-513571,CUST-844,2026-08-14 02:07:33,Electronics,92.5,PayPal,18.0,1
TXN-487390,CUST-746,2026-08-14 02:07:33,Electronics,162.6,UPI,,0
TXN-976757,CUST-840,2026-08-14 02:07:33,Electronics,58.0,UPI,45.0,0
TXN-804552,CUST-369,2026-08-14 02:07:33,Books,144.59,PayPal,,1
TXN-342226,CUST-422,2026-08-14 02:07:33,Home & Kitchen,128.52,Credit Card,45.0,1
TXN-375262,CUST-223,2026-08-14 02:07:33,Books,99.06,Debit Card,60.0,0
TXN-697662,CUST-113,2026-08-14 02:07:33,Beauty,118.27,Credit Card,,0
TXN-539425,CUST-698,2026-08-14 02:07:33,Clothing,135.82,UPI,60.0,1
TXN-273254,CUST-443,2026-08-14 02:07:33,Home & Kitchen,117.2,PayPal,52.0,0
TXN-762089,CUST-768,2026-08-14 02:07:33,Clothing,143.07,Credit Card,52.0,0
TXN-523010,CUST-968,2026-08-14 02:07:33,Electronics,169.54,UPI,52.0,0
TXN-544034,CUST-611,2026-08-14 02:07:33,Beauty,137.75,PayPal,25.0,0
TXN-970635,CUST-215,2026-08-14 02:07:33,Books,115.59,UPI,60.0,0
TXN-407227,CUST-592,2026-08-14 02:07:33,Clothing,79.38,Debit Card,,0
TXN-723569,CUST-462,2026-08-14 02:07:33,Electronics,108.43,PayPal,,0
TXN-181664,CUST-704,2026-08-14 02:07:33,Home & Kitchen,144.56,Debit Card,45.0,0
TXN-711435,CUST-355,2026-08-14 02:07:33,Electronics,110.16,Debit Card,52.0,1
TXN-111818,CUST-513,2026-08-14 02:07:33,Home & Kitchen,81.75,Credit Card,52.0,0
TXN-542997,CUST-363,2026-08-14 02:07:33,Electronics,124.62,Debit Card,34.0,0
TXN-504847,CUST-985,2026-08-14 02:07:33,Beauty,51.93,UPI,18.0,0
TXN-657861,CUST-701,2026-08-14 02:07:33,Books,151.98,PayPal,52.0,0
TXN-146561,CUST-532,2026-08-14 02:07:33,Books,57.72,PayPal,25.0,0
TXN-596458,CUST-773,2026-08-14 02:07:33,Books,125.73,Credit Card,60.0,0
TXN-389041,CUST-675,2026-08-14 02:07:33,Clothing,77.46,PayPal,52.0,0
TXN-998419,CUST-591,2026-08-14 02:07:33,Books,67.26,PayPal,45.0,0
TXN-352548,CUST-816,2026-08-14 02:07:33,Books,169.03,Credit Card,25.0,0
TXN-884577,CUST-794,2026-08-14 02:07:33,Clothing,196.64,Credit Card,,0
TXN-399708,CUST-484,2026-08-14 02:07:33,Home & Kitchen,145.42,Debit Card,25.0,0
TXN-126901,CUST-828,2026-08-14 02:07:33,Books,150.2,UPI,,0
TXN-894152,CUST-718,2026-08-14 02:07:33,Electronics,111.53,Credit Card,52.0,0
TXN-373048,CUST-359,2026-08-14 02:07:33,Home & Kitchen,124.79,PayPal,52.0,0
TXN-728368,CUST-367,2026-08-14 02:07:33,Electronics,117.42,PayPal,25.0,0
TXN-906899,CUST-901,2026-08-14 02:07:33,Books,67.63,Debit Card,34.0,1
TXN-840046,CUST-602,2026-08-14 02:07:33,Home & Kitchen,75.27,Credit Card,52.0,0
TXN-322356,CUST-457,2026-08-14 02:07:33,Books,86.61,PayPal,52.0,0
TXN-452792,CUST-364,2026-08-14 02:07:33,Clothing,87.49,PayPal,52.0,0
TXN-994232,CUST-134,2026-08-14 02:07:33,Clothing,154.96,UPI,60.0,0
TXN-161235,CUST-805,2026-08-14 02:07:33,Electronics,124.71,Credit Card,18.0,0
TXN-965537,CUST-844,2026-08-14 02:07:33,Beauty,129.21,UPI,18.0,0
TXN-995683,CUST-282,2026-08-14 02:07:33,Beauty,113.72,UPI,25.0,0
TXN-869720,CUST-773,2026-08-14 02:07:33,Books,59.96,UPI,,0
TXN-611685,CUST-809,2026-08-14 02:07:33,Books,109.62,UPI,25.0,0
TXN-381471,CUST-215,2026-08-14 02:07:33,Books,170.16,Debit Card,45.0,0
TXN-322223,CUST-730,2026-08-14 02:07:33,Home & Kitchen,150.96,PayPal,18.0,0
TXN-700241,CUST-768,2026-08-14 02:07:33,Books,134.13,Credit Card,34.0,0
TXN-690359,CUST-749,2026-08-14 02:07:33,Electronics,137.01,PayPal,34.0,0
TXN-397666,CUST-209,2026-08-14 02:07:33,Beauty,162.19,PayPal,60.0,0
TXN-776777,CUST-767,2026-08-14 02:07:33,Clothing,69.63,Debit Card,18.0,0
TXN-828950,CUST-334,2026-08-14 02:07:33,Electronics,66.04,Credit Card,52.0,0
TXN-988572,CUST-223,2026-08-14 02:07:33,Electronics,37.96,UPI,34.0,0
TXN-931459,CUST-768,2026-08-14 02:07:33,Clothing,154.62,UPI,18.0,0
TXN-750605,CUST-571,2026-08-14 02:07:33,Books,96.69,PayPal,25.0,0
TXN-907228,CUST-155,2026-08-14 02:07:33,Books,182.78,Credit Card,52.0,0
TXN-677731,CUST-847,2026-08-14 02:07:33,Home & Kitchen,76.06,Credit Card,,0
TXN-887048,CUST-942,2026-08-14 02:07:33,Home & Kitchen,122.47,PayPal,60.0,0
TXN-482983,CUST-127,2026-08-14 02:07:33,Clothing,104.68,Debit Card,,0
TXN-398356,CUST-790,2026-08-14 02:07:33,Home & Kitchen,15.98,PayPal,52.0,0
TXN-140460,CUST-871,2026-08-15 01:21:24,Home & Kitchen,105.61,Credit Card,34.0,0
TXN-255185,CUST-289,2026-08-15 01:21:24,Books,141.13,PayPal,18.0,1
TXN-412357,CUST-237,2026-08-15 01:21:24,Clothing,87.83,UPI,34.0,0
TXN-750022,CUST-384,2026-08-15 01:21:24,Home & Kitchen,87.59,Debit Card,34.0,0
TXN-827797,CUST-375,2026-08-15 01:21:24,Home & Kitchen,170.94,PayPal,52.0,0
TXN-865751,CUST-202,2026-08-15 01:21:24,Clothing,93.2,Credit Card,45.0,0
TXN-810607,CUST-183,2026-08-15 01:21:24,Electronics,96.06,Credit Card,60.0,0
TXN-661052,CUST-521,2026-08-15 01:21:24,Clothing,114.45,PayPal,34.0,1
TXN-393511,CUST-772,2026-08-15 01:21:24,Beauty,160.41,Credit Card,34.0,0
TXN-884864,CUST-346,2026-08-15 01:21:24,Clothing,125.89,PayPal,,1
TXN-272851,CUST-350,2026-08-15 01:21:24,Home & Kitchen,146.11,Debit Card,18.0,0
TXN-380440,CUST-337,2026-08-15 01:21:24,Beauty,154.38,UPI,45.0,0
TXN-232790,CUST-948,2026-08-15 01:21:24,Books,131.22,Debit Card,,1
TXN-787781,CUST-394,2026-08-15 01:21:24,Home & Kitchen,104.32,UPI,25.0,0
TXN-580186,CUST-760,2026-08-15 01:21:24,Clothing,136.26,PayPal,,0
TXN-533893,CUST-381,2026-08-15 01:21:24,Home & Kitchen,116.76,UPI,25.0,0
TXN-359203,CUST-573,2026-08-15 01:21:24,Books,122.78,UPI,,0
TXN-468143,CUST-524,2026-08-15 01:21:24,Books,97.61,UPI,60.0,1
TXN-355763,CUST-317,2026-08-15 01:21:24,Beauty,61.26,PayPal,34.0,0
TXN-704597,CUST-230,2026-08-15 01:21:24,Home & Kitchen,74.12,UPI,34.0,0
TXN-157264,CUST-979,2026-08-15 01:21:24,Clothing,63.52,UPI,,0
TXN-504780,CUST-493,2026-08-15 01:21:24,Books,73.1,PayPal,52.0,0
TXN-872281,CUST-251,2026-08-15 01:21:24,Beauty,133.75,UPI,25.0,0
TXN-662601,CUST-414,2026-08-15 01:21:24,Books,117.97,Credit Card,,0
TXN-113867,CUST-534,2026-08-15 01:21:24,Electronics,200.65,Debit Card,18.0,0
TXN-157991,CUST-242,2026-08-15 01:21:24,Beauty,145.48,PayPal,25.0,1
TXN-937029,CUST-352,2026-08-15 01:21:24,Books,159.53,PayPal,52.0,0
TXN-535886,CUST-804,2026-08-15 01:21:24,Clothing,81.62,Debit Card,34.0,0
TXN-644700,CUST-807,2026-08-15 01:21:24,Books,123.07,PayPal,52.0,0
TXN-688470,CUST-226,2026-08-15 01:21:24,Books,119.69,Debit Card,52.0,0
TXN-978865,CUST-384,2026-08-15 01:21:24,Beauty,109.43,UPI,52.0,0
TXN-537118,CUST-145,2026-08-15 01:21:24,Home & Kitchen,127.34,PayPal,45.0,0
TXN-446675,CUST-469,2026-08-15 01:21:24,Clothing,160.34,Credit Card,18.0,0
TXN-209703,CUST-139,2026-08-15 01:21:24,Electronics,79.21,PayPal,60.0,0
TXN-735526,CUST-728,2026-08-15 01:21:24,Books,170.33,Debit Card,60.0,0
TXN-282933,CUST-977,2026-08-15 01:21:24,Electronics,117.69,PayPal,60.0,0
TXN-925834,CUST-260,2026-08-15 01:21:24,Beauty,110.75,Debit Card,34.0,1
TXN-884036,CUST-567,2026-08-15 01:21:24,Books,124.03,UPI,45.0,0
TXN-318758,CUST-911,2026-08-15 01:21:24,Electronics,125.38,Debit Card,,0
TXN-715694,CUST-139,2026-08-15 01:21:24,Books,209.85,Debit Card,45.0,0
TXN-251267,CUST-310,2026-08-15 01:21:24,Electronics,174.63,Debit Card,18.0,0
TXN-281110,CUST-439,2026-08-15 01:21:24,Clothing,99.59,Credit Card,60.0,0
TXN-323841,CUST-175,2026-08-15 01:21:24,Home & Kitchen,101.85,PayPal,25.0,0
TXN-690333,CUST-719,2026-08-15 01:21:24,Beauty,117.27,PayPal,60.0,0
TXN-983322,CUST-381,2026-08-15 01:21:24,Electronics,154.99,PayPal,25.0,0
TXN-881363,CUST-138,2026-08-15 01:21:24,Electronics,157.36,PayPal,45.0,0
TXN-465134,CUST-547,2026-08-15 01:21:24,Electronics,131.49,UPI,,1
TXN-442199,CUST-842,2026-08-15 01:21:24,Books,130.54,PayPal,45.0,1
TXN-190186,CUST-659,2026-08-15 01:21:24,Home & Kitchen,125.81,Credit Card,25.0,0
TXN-300461,CUST-636,2026-08-15 01:21:24,Electronics,148.03,Credit Card,60.0,0
TXN-248730,CUST-350,2026-08-15 01:21:24,Clothing,148.6,Credit Card,45.0,0
TXN-618836,CUST-275,2026-08-16 01:26:14,Electronics,117.4,Debit Card,18.0,0
TXN-808512,CUST-471,2026-08-16 01:26:14,Beauty,134.13,PayPal,45.0,0
TXN-237647,CUST-180,2026-08-16 01:26:14,Books,163.05,UPI,60.0,0
TXN-342602,CUST-400,2026-08-16 01:26:14,Clothing,109.07,Credit Card,52.0,0
TXN-236881,CUST-704,2026-08-16 01:26:14,Electronics,176.09,UPI,45.0,1
TXN-654729,CUST-253,2026-08-16 01:26:14,Beauty,154.53,Debit Card,52.0,0
TXN-726524,CUST-210,2026-08-16 01:26:14,Beauty,137.53,UPI,18.0,1
TXN-940562,CUST-116,2026-08-16 01:26:14,Electronics,128.59,UPI,,0
TXN-234415,CUST-172,2026-08-16 01:26:14,Home & Kitchen,114.06,PayPal,,0
TXN-753773,CUST-566,2026-08-16 01:26:14,Electronics,144.63,PayPal,25.0,0
TXN-310279,CUST-670,2026-08-16 01:26:14,Beauty,19.05,Credit Card,18.0,0
TXN-202140,CUST-371,2026-08-16 01:26:14,Clothing,52.4,UPI,60.0,1
TXN-315250,CUST-752,2026-08-16 01:26:14,Clothing,74.97,Debit Card,45.0,0
TXN-644280,CUST-172,2026-08-16 01:26:14,Electronics,73.13,Debit Card,60.0,0
TXN-801268,CUST-564,2026-08-16 01:26:14,Clothing,112.06,Credit Card,34.0,0
TXN-365076,CUST-514,2026-08-16 01:26:14,Electronics,103.21,Credit Card,52.0,0
TXN-479506,CUST-795,2026-08-16 01:26:14,Beauty,91.88,Credit Card,45.0,1
TXN-540055,CUST-637,2026-08-16 01:26:14,Beauty,66.68,UPI,52.0,0
TXN-744333,CUST-348,2026-08-16 01:26:14,Clothing,104.84,Credit Card,18.0,0
TXN-493845,CUST-275,2026-08-16 01:26:14,Books,139.22,UPI,,0
TXN-356053,CUST-525,2026-08-16 01:26:14,Beauty,148.67,PayPal,45.0,1
TXN-859091,CUST-331,2026-08-16 01:26:14,Beauty,181.46,UPI,,1
TXN-290539,CUST-579,2026-08-16 01:26:14,Beauty,97.85,Debit Card,60.0,1
TXN-473897,CUST-620,2026-08-16 01:26:14,Books,106.29,PayPal,25.0,1
TXN-849803,CUST-565,2026-08-16 01:26:14,Beauty,152.26,UPI,25.0,0
TXN-563870,CUST-399,2026-08-16 01:26:14,Home & Kitchen,85.5,Debit Card,25.0,0
TXN-131573,CUST-976,2026-08-16 01:26:14,Beauty,65.91,Debit Card,18.0,1
TXN-309521,CUST-470,2026-08-16 01:26:14,Beauty,118.29,Debit Card,34.0,1
TXN-730658,CUST-794,2026-08-16 01:26:14,Books,123.44,Debit Card,45.0,1
TXN-184796,CUST-881,2026-08-16 01:26:14,Clothing,152.47,Credit Card,18.0,0
TXN-421274,CUST-446,2026-08-16 01:26:14,Electronics,226.02,UPI,45.0,0
TXN-440957,CUST-259,2026-08-16 01:26:14,Beauty,107.44,UPI,,0
TXN-679260,CUST-381,2026-08-16 01:26:14,Books,75.68,Credit Card,18.0,0
TXN-196087,CUST-774,2026-08-16 01:26:14,Electronics,170.43,Debit Card,60.0,0
TXN-667855,CUST-148,2026-08-16 01:26:14,Beauty,89.12,Debit Card,25.0,0
TXN-985505,CUST-771,2026-08-16 01:26:14,Books,163.57,PayPal,,0
TXN-734394,CUST-381,2026-08-16 01:26:14,Books,153.37,PayPal,25.0,0
TXN-428110,CUST-288,2026-08-16 01:26:14,Books,93.65,Debit Card,25.0,1
TXN-904582,CUST-409,2026-08-16 01:26:14,Beauty,129.46,UPI,45.0,0
TXN-162685,CUST-295,2026-08-16 01:26:14,Books,158.05,UPI,45.0,1
TXN-608015,CUST-566,2026-08-16 01:26:14,Electronics,51.16,UPI,60.0,1
TXN-562020,CUST-176,2026-08-16 01:26:14,Beauty,160.98,UPI,45.0,0
TXN-485427,CUST-693,2026-08-16 01:26:14,Home & Kitchen,135.79,Debit Card,45.0,0
TXN-518451,CUST-215,2026-08-16 01:26:14,Electronics,142.47,Credit Card,60.0,0
TXN-958197,CUST-614,2026-08-16 01:26:14,Beauty,207.62,UPI,34.0,0
TXN-408383,CUST-959,2026-08-16 01:26:14,Books,180.68,PayPal,34.0,0
TXN-480805,CUST-984,2026-08-16 01:26:14,Home & Kitchen,115.22,Credit Card,,0
TXN-633556,CUST-590,2026-08-16 01:26:14,Home & Kitchen,116.86,Debit Card,45.0,0
TXN-146514,CUST-868,2026-08-16 01:26:14,Home & Kitchen,85.2,UPI,,0
TXN-812348,CUST-912,2026-08-16 01:26:14,Clothing,94.48,Debit Card,45.0,0
TXN-349478,CUST-795,2026-08-16 01:26:14,Clothing,99.97,PayPal,,1
TXN-159926,CUST-268,2026-08-16 01:26:14,Electronics,166.58,Credit Card,45.0,0
TXN-306015,CUST-980,2026-08-16 01:26:14,Beauty,163.42,Debit Card,25.0,0
TXN-548323,CUST-137,2026-08-16 01:26:14,Beauty,134.4,Debit Card,45.0,0
TXN-876863,CUST-556,2026-08-16 01:26:14,Home & Kitchen,86.28,PayPal,,0
TXN-392993,CUST-511,2026-08-16 01:26:14,Beauty,169.32,Credit Card,60.0,0
TXN-563918,CUST-813,2026-08-16 01:26:14,Clothing,126.95,Credit Card,52.0,0
TXN-496176,CUST-395,2026-08-16 01:26:14,Electronics,107.16,UPI,18.0,1
TXN-960513,CUST-715,2026-08-16 01:26:14,Home & Kitchen,86.6,Credit Card,25.0,0
TXN-498968,CUST-514,2026-08-16 01:26:14,Clothing,60.18,Debit Card,60.0,0
TXN-458036,CUST-295,2026-08-16 01:26:14,Clothing,152.29,Credit Card,18.0,1
TXN-709461,CUST-231,2026-08-16 01:26:14,Electronics,182.04,PayPal,34.0,0
TXN-537518,CUST-404,2026-08-16 01:26:14,Beauty,175.32,Credit Card,,1
TXN-640928,CUST-362,2026-08-16 01:26:14,Home & Kitchen,103.39,Debit Card,18.0,0
TXN-524968,CUST-984,2026-08-16 01:26:14,Books,160.91,Debit Card,45.0,1
TXN-606828,CUST-483,2026-08-16 01:26:14,Beauty,48.12,UPI,34.0,0
TXN-530707,CUST-752,2026-08-16 01:26:14,Books,131.08,UPI,18.0,0
TXN-964361,CUST-652,2026-08-16 01:26:14,Books,76.33,Credit Card,45.0,1
TXN-533988,CUST-409,2026-08-16 01:26:14,Electronics,119.17,Debit Card,34.0,0
TXN-335356,CUST-947,2026-08-16 01:26:14,Home & Kitchen,103.58,Credit Card,18.0,0
TXN-540182,CUST-628,2026-08-16 01:26:14,Books,72.42,Debit Card,45.0,0
TXN-602001,CUST-385,2026-08-16 01:26:14,Electronics,204.55,Credit Card,,0
TXN-990896,CUST-448,2026-08-16 01:26:14,Electronics,27.54,PayPal,25.0,0
TXN-248238,CUST-362,2026-08-16 01:26:14,Books,105.55,UPI,60.0,1
TXN-927541,CUST-847,2026-08-16 01:26:14,Beauty,136.41,PayPal,25.0,0
TXN-709531,CUST-113,2026-08-16 01:26:14,Home & Kitchen,104.17,Credit Card,,0
TXN-829376,CUST-872,2026-08-16 01:26:14,Home & Kitchen,141.54,Credit Card,25.0,0
TXN-671182,CUST-338,2026-08-16 01:26:14,Books,135.48,PayPal,34.0,0
TXN-912726,CUST-416,2026-08-16 01:26:14,Clothing,97.48,Credit Card,60.0,0
TXN-916918,CUST-870,2026-08-16 01:26:14,Beauty,163.17,Debit Card,45.0,0
TXN-877523,CUST-483,2026-08-16 01:26:14,Electronics,123.53,PayPal,,0
TXN-968763,CUST-868,2026-08-16 01:26:14,Clothing,39.34,Credit Card,25.0,0
TXN-714556,CUST-628,2026-08-16 01:26:14,Clothing,140.08,PayPal,25.0,0
TXN-947370,CUST-679,2026-08-16 01:26:14,Electronics,126.76,Debit Card,45.0,0
TXN-628796,CUST-654,2026-08-16 01:26:14,Beauty,198.52,Credit Card,,0
TXN-748600,CUST-369,2026-08-16 01:26:14,Clothing,109.21,Credit Card,,0
TXN-906089,CUST-628,2026-08-16 01:26:14,Electronics,151.9,Debit Card,60.0,0
TXN-386991,CUST-471,2026-08-16 01:26:14,Electronics,212.63,Debit Card,45.0,0
TXN-971984,CUST-507,2026-08-16 01:26:14,Clothing,114.44,Debit Card,25.0,0
TXN-770541,CUST-120,2026-08-16 01:26:14,Beauty,117.04,UPI,45.0,0
TXN-981249,CUST-399,2026-08-16 01:26:14,Beauty,82.86,Credit Card,,1
TXN-862822,CUST-514,2026-08-16 01:26:14,Clothing,141.45,Credit Card,52.0,0
TXN-260223,CUST-404,2026-08-16 01:26:14,Books,156.98,Credit Card,18.0,0
TXN-618108,CUST-275,2026-08-16 01:26:14,Home & Kitchen,149.34,Credit Card,,0
TXN-795304,CUST-893,2026-08-16 01:26:14,Beauty,75.68,UPI,,0
TXN-173998,CUST-713,2026-08-16 01:26:14,Home & Kitchen,123.8,UPI,45.0,1
TXN-561891,CUST-448,2026-08-16 01:26:14,Books,116.19,Debit Card,,1
TXN-340265,CUST-229,2026-08-16 01:26:14,Beauty,94.23,PayPal,45.0,1
TXN-711406,CUST-275,2026-08-16 01:26:14,Home & Kitchen,90.21,PayPal,25.0,0
TXN-104436,CUST-229,2026-08-16 01:26:14,Clothing,168.12,Debit Card,60.0,0
TXN-156109,CUST-102,2026-08-16 01:26:14,Clothing,139.55,Debit Card,18.0,1
TXN-496895,CUST-507,2026-08-16 01:26:14,Home & Kitchen,136.1,Debit Card,18.0,1
TXN-368588,CUST-321,2026-08-16 01:26:14,Electronics,125.59,Debit Card,,0
TXN-407408,CUST-448,2026-08-16 01:26:14,Home & Kitchen,125.96,UPI,45.0,0
TXN-992059,CUST-556,2026-08-16 01:26:14,Electronics,138.78,Debit Card,60.0,0
TXN-706175,CUST-162,2026-08-16 01:26:14,Home & Kitchen,94.95,Debit Card,34.0,0
TXN-704602,CUST-998,2026-08-16 01:26:14,Books,55.98,UPI,25.0,0
TXN-899567,CUST-127,2026-08-16 01:26:14,Home & Kitchen,168.07,PayPal,,1
TXN-880738,CUST-998,2026-08-16 01:26:14,Electronics,159.38,PayPal,,0
TXN-720178,CUST-140,2026-08-16 01:26:14,Books,137.79,Debit Card,25.0,1
TXN-541484,CUST-709,2026-08-16 01:26:14,Clothing,131.23,PayPal,52.0,0
TXN-990259,CUST-347,2026-08-16 01:26:14,Clothing,71.2,Debit Card,34.0,0
TXN-510306,CUST-368,2026-08-16 01:26:14,Books,129.73,Credit Card,25.0,0
TXN-181540,CUST-268,2026-08-16 01:26:14,Home & Kitchen,136.67,Credit Card,45.0,0
TXN-305724,CUST-714,2026-08-16 01:26:14,Clothing,179.82,PayPal,45.0,0
TXN-645564,CUST-839,2026-08-17 01:23:36,Books,157.72,Debit Card,34.0,0
TXN-986641,CUST-354,2026-08-17 01:23:36,Home & Kitchen,142.2,Credit Card,,0
TXN-458522,CUST-193,2026-08-17 01:23:36,Electronics,130.33,Credit Card,18.0,0
TXN-394814,CUST-222,2026-08-17 01:23:36,Books,141.04,PayPal,45.0,1
TXN-180325,CUST-477,2026-08-17 01:23:36,Beauty,1.86,Debit Card,52.0,1
TXN-682941,CUST-628,2026-08-17 01:23:36,Beauty,131.14,Credit Card,34.0,0
TXN-592474,CUST-357,2026-08-17 01:23:36,Home & Kitchen,192.83,UPI,25.0,0
TXN-525681,CUST-519,2026-08-17 01:23:36,Beauty,138.6,Debit Card,18.0,0
TXN-255851,CUST-978,2026-08-17 01:23:36,Clothing,150.14,Debit Card,25.0,0
TXN-443865,CUST-170,2026-08-17 01:23:36,Books,121.9,UPI,60.0,0
TXN-241745,CUST-362,2026-08-17 01:23:36,Books,98.83,PayPal,18.0,0
TXN-743983,CUST-847,2026-08-17 01:23:36,Books,139.63,Credit Card,45.0,0
TXN-826558,CUST-157,2026-08-17 01:23:36,Beauty,114.26,UPI,52.0,0
TXN-868931,CUST-494,2026-08-17 01:23:36,Clothing,191.23,Debit Card,25.0,1
TXN-256402,CUST-536,2026-08-17 01:23:36,Beauty,194.73,Credit Card,,0
TXN-594243,CUST-340,2026-08-17 01:23:36,Home & Kitchen,107.71,PayPal,34.0,1
TXN-875285,CUST-107,2026-08-17 01:23:36,Electronics,164.91,Credit Card,34.0,1
TXN-856377,CUST-809,2026-08-17 01:23:36,Books,159.57,PayPal,34.0,1
TXN-596821,CUST-214,2026-08-17 01:23:36,Beauty,122.26,PayPal,34.0,1
TXN-517570,CUST-322,2026-08-17 01:23:36,Beauty,151.33,UPI,25.0,0
TXN-282852,CUST-953,2026-08-17 01:23:36,Electronics,129.72,PayPal,,1
TXN-998552,CUST-515,2026-08-17 01:23:36,Beauty,207.1,Debit Card,60.0,0
TXN-601399,CUST-813,2026-08-17 01:23:36,Books,96.07,Credit Card,18.0,0
TXN-660792,CUST-598,2026-08-17 01:23:36,Books,133.74,Debit Card,45.0,0
TXN-678868,CUST-945,2026-08-17 01:23:36,Clothing,-3.28,Debit Card,34.0,1
TXN-711670,CUST-397,2026-08-17 01:23:36,Home & Kitchen,45.81,Credit Card,,0
TXN-320412,CUST-839,2026-08-17 01:23:36,Books,154.54,Credit Card,18.0,0
TXN-701893,CUST-168,2026-08-17 01:23:36,Books,105.38,UPI,34.0,0
TXN-378357,CUST-164,2026-08-17 01:23:36,Books,75.43,Debit Card,45.0,0
TXN-597125,CUST-755,2026-08-17 01:23:36,Beauty,163.02,UPI,18.0,1
TXN-903203,CUST-508,2026-08-17 01:23:36,Books,107.03,Credit Card,,0
TXN-154755,CUST-758,2026-08-17 01:23:36,Beauty,173.19,Debit Card,60.0,0
TXN-191961,CUST-978,2026-08-17 01:23:36,Electronics,113.71,Credit Card,,1
TXN-164789,CUST-855,2026-08-17 01:23:36,Books,94.86,Credit Card,45.0,1
TXN-859434,CUST-363,2026-08-17 01:23:36,Beauty,111.6,PayPal,25.0,0
TXN-101503,CUST-714,2026-08-17 01:23:36,Clothing,55.02,Credit Card,52.0,1
TXN-100943,CUST-375,2026-08-17 01:23:36,Electronics,53.7,Credit Card,18.0,0
TXN-196040,CUST-530,2026-08-17 01:23:36,Home & Kitchen,81.49,PayPal,60.0,0
TXN-123929,CUST-358,2026-08-17 01:23:36,Books,109.21,PayPal,18.0,0
TXN-736886,CUST-494,2026-08-17 01:23:36,Beauty,239.68,Credit Card,52.0,1
TXN-723885,CUST-284,2026-08-17 01:23:36,Electronics,152.7,PayPal,45.0,0
TXN-363702,CUST-338,2026-08-17 01:23:36,Clothing,51.27,PayPal,60.0,0
TXN-354177,CUST-751,2026-08-17 01:23:36,Electronics,121.42,Credit Card,25.0,1
TXN-596301,CUST-755,2026-08-17 01:23:36,Home & Kitchen,112.1,UPI,,0
TXN-952953,CUST-138,2026-08-17 01:23:36,Books,122.23,Debit Card,45.0,0
TXN-741428,CUST-830,2026-08-17 01:23:36,Electronics,138.87,UPI,,1
TXN-955723,CUST-441,2026-08-17 01:23:36,Electronics,64.92,PayPal,45.0,0
TXN-533194,CUST-340,2026-08-17 01:23:36,Clothing,88.59,Debit Card,34.0,0
TXN-985913,CUST-870,2026-08-17 01:23:36,Clothing,146.4,Credit Card,34.0,1
TXN-928875,CUST-483,2026-08-17 01:23:36,Home & Kitchen,150.65,PayPal,,0
TXN-747247,CUST-170,2026-08-17 01:23:36,Home & Kitchen,173.27,Debit Card,25.0,0
TXN-211874,CUST-632,2026-08-17 01:23:36,Beauty,217.27,UPI,,1
TXN-815618,CUST-256,2026-08-17 01:23:36,Beauty,99.21,PayPal,,1
TXN-824923,CUST-753,2026-08-18 01:20:15,Home & Kitchen,137.51,Debit Card,45.0,0
TXN-504750,CUST-531,2026-08-18 01:20:15,Books,86.98,PayPal,34.0,0
TXN-368158,CUST-466,2026-08-18 01:20:15,Clothing,136.66,PayPal,45.0,1
TXN-456433,CUST-529,2026-08-18 01:20:15,Clothing,118.74,PayPal,52.0,0
TXN-819993,CUST-161,2026-08-18 01:20:15,Electronics,111.78,PayPal,25.0,0
TXN-569423,CUST-206,2026-08-18 01:20:15,Books,88.93,Debit Card,18.0,0
TXN-652626,CUST-772,2026-08-18 01:20:15,Electronics,145.44,Debit Card,52.0,0
TXN-159436,CUST-713,2026-08-18 01:20:15,Clothing,90.87,UPI,25.0,0
TXN-531795,CUST-921,2026-08-18 01:20:15,Clothing,94.93,Credit Card,60.0,0
TXN-237793,CUST-196,2026-08-18 01:20:15,Beauty,106.33,PayPal,18.0,0
TXN-171769,CUST-739,2026-08-18 01:20:15,Books,182.14,Credit Card,18.0,0
TXN-559742,CUST-229,2026-08-18 01:20:15,Books,113.11,Debit Card,52.0,0
TXN-806072,CUST-860,2026-08-18 01:20:15,Electronics,248.74,Credit Card,,1
TXN-466488,CUST-599,2026-08-18 01:20:15,Clothing,129.68,PayPal,,0
TXN-981344,CUST-710,2026-08-18 01:20:15,Electronics,54.96,PayPal,34.0,1
TXN-225872,CUST-916,2026-08-18 01:20:15,Home & Kitchen,154.93,UPI,34.0,1
TXN-729589,CUST-611,2026-08-18 01:20:15,Books,76.5,Credit Card,34.0,0
TXN-592184,CUST-739,2026-08-18 01:20:15,Clothing,83.16,Debit Card,25.0,0
TXN-668165,CUST-629,2026-08-18 01:20:15,Electronics,165.43,UPI,45.0,0
TXN-350740,CUST-531,2026-08-18 01:20:15,Electronics,18.41,Credit Card,34.0,0
TXN-173650,CUST-306,2026-08-18 01:20:15,Home & Kitchen,118.22,Credit Card,34.0,1
TXN-761347,CUST-390,2026-08-18 01:20:15,Electronics,21.08,UPI,18.0,0
TXN-710636,CUST-602,2026-08-18 01:20:15,Home & Kitchen,107.15,Debit Card,52.0,1
TXN-787775,CUST-154,2026-08-18 01:20:15,Home & Kitchen,144.44,Credit Card,18.0,0
TXN-706827,CUST-983,2026-08-18 01:20:15,Electronics,113.66,Debit Card,45.0,1
TXN-655401,CUST-854,2026-08-18 01:20:15,Books,136.76,UPI,,0
TXN-308443,CUST-112,2026-08-18 01:20:15,Home & Kitchen,87.68,Credit Card,52.0,0
TXN-809075,CUST-910,2026-08-18 01:20:15,Beauty,139.73,PayPal,25.0,0
TXN-238370,CUST-663,2026-08-18 01:20:15,Electronics,83.94,PayPal,52.0,0
TXN-976905,CUST-568,2026-08-18 01:20:15,Clothing,82.51,PayPal,25.0,0
TXN-273857,CUST-590,2026-08-18 01:20:15,Electronics,155.28,Credit Card,45.0,0
TXN-906052,CUST-521,2026-08-18 01:20:15,Books,114.77,PayPal,52.0,0
TXN-897276,CUST-249,2026-08-18 01:20:15,Beauty,70.81,UPI,52.0,0
TXN-680566,CUST-284,2026-08-18 01:20:15,Books,119.34,UPI,18.0,0
TXN-344152,CUST-284,2026-08-18 01:20:15,Clothing,95.17,PayPal,25.0,0
TXN-596349,CUST-492,2026-08-18 01:20:15,Clothing,158.38,PayPal,18.0,0
TXN-905877,CUST-573,2026-08-18 01:20:15,Home & Kitchen,147.3,PayPal,52.0,0
TXN-614090,CUST-678,2026-08-18 01:20:15,Home & Kitchen,152.13,UPI,,0
TXN-269453,CUST-929,2026-08-18 01:20:15,Beauty,153.06,Credit Card,45.0,0
TXN-377279,CUST-112,2026-08-18 01:20:15,Books,113.98,PayPal,52.0,0
TXN-173419,CUST-964,2026-08-18 01:20:15,Clothing,106.75,Credit Card,52.0,0
TXN-855260,CUST-967,2026-08-18 01:20:15,Beauty,57.17,UPI,60.0,0
TXN-416298,CUST-988,2026-08-18 01:20:15,Home & Kitchen,99.11,PayPal,34.0,0
TXN-269577,CUST-132,2026-08-18 01:20:15,Beauty,111.18,Debit Card,18.0,0
TXN-874176,CUST-550,2026-08-18 01:20:15,Clothing,68.87,Debit Card,18.0,0
TXN-468216,CUST-863,2026-08-18 01:20:15,Clothing,162.08,Debit Card,52.0,0
TXN-152554,CUST-938,2026-08-18 01:20:15,Home & Kitchen,128.54,UPI,18.0,0
TXN-480164,CUST-599,2026-08-18 01:20:15,Clothing,122.76,UPI,18.0,1
TXN-882589,CUST-529,2026-08-18 01:20:15,Home & Kitchen,168.37,PayPal,52.0,0
TXN-375938,CUST-370,2026-08-18 01:20:15,Electronics,116.23,PayPal,25.0,1
TXN-191226,CUST-133,2026-08-18 01:20:15,Electronics,200.75,PayPal,52.0,0
TXN-224338,CUST-252,2026-08-18 01:20:15,Clothing,151.79,UPI,60.0,1
TXN-805682,CUST-633,2026-08-18 01:20:15,Home & Kitchen,109.71,UPI,45.0,0
TXN-804335,CUST-893,2026-08-18 01:20:15,Home & Kitchen,96.62,Debit Card,34.0,1
TXN-555585,CUST-956,2026-08-18 01:20:15,Beauty,86.77,UPI,18.0,0
TXN-525816,CUST-798,2026-08-18 01:20:15,Books,122.44,Credit Card,18.0,0
TXN-806943,CUST-983,2026-08-18 01:20:15,Beauty,131.84,Credit Card,18.0,0
TXN-384668,CUST-359,2026-08-18 01:20:15,Books,119.75,Debit Card,,0
TXN-757283,CUST-798,2026-08-18 01:20:15,Books,106.6,Debit Card,45.0,1
TXN-226027,CUST-106,2026-08-18 01:20:15,Home & Kitchen,125.52,PayPal,45.0,1
TXN-770430,CUST-909,2026-08-18 01:20:15,Books,182.99,Credit Card,60.0,0
TXN-946715,CUST-347,2026-08-18 01:20:15,Clothing,117.94,UPI,25.0,0
TXN-898427,CUST-569,2026-08-18 01:20:15,Home & Kitchen,114.72,Debit Card,18.0,1
TXN-720957,CUST-251,2026-08-18 01:20:15,Books,130.39,Credit Card,60.0,0
TXN-730818,CUST-190,2026-08-18 01:20:15,Clothing,181.12,PayPal,18.0,0
TXN-871078,CUST-693,2026-08-18 01:20:15,Home & Kitchen,164.99,UPI,34.0,0
TXN-928371,CUST-801,2026-08-18 01:20:15,Beauty,121.77,UPI,52.0,0
TXN-136515,CUST-892,2026-08-18 01:20:15,Clothing,114.17,Credit Card,45.0,0
TXN-619711,CUST-246,2026-08-18 01:20:15,Electronics,155.33,UPI,34.0,0
TXN-628154,CUST-738,2026-08-18 01:20:15,Home & Kitchen,59.99,PayPal,25.0,1
TXN-671129,CUST-505,2026-08-18 01:20:15,Clothing,123.36,PayPal,45.0,0
TXN-590884,CUST-846,2026-08-18 01:20:15,Clothing,138.24,Credit Card,25.0,0
TXN-604136,CUST-634,2026-08-18 01:20:15,Books,136.2,Credit Card,25.0,0
TXN-277649,CUST-565,2026-08-18 01:20:15,Home & Kitchen,114.12,Debit Card,,0
TXN-310118,CUST-227,2026-08-18 01:20:15,Home & Kitchen,154.53,UPI,52.0,0
TXN-195187,CUST-973,2026-08-18 01:20:15,Clothing,133.05,Credit Card,34.0,1
TXN-891557,CUST-663,2026-08-18 01:20:15,Electronics,119.98,Debit Card,45.0,0
TXN-191103,CUST-430,2026-08-18 01:20:15,Electronics,149.64,Debit Card,45.0,0
TXN-936665,CUST-778,2026-08-18 01:20:15,Electronics,168.79,Debit Card,34.0,0
TXN-809755,CUST-547,2026-08-18 01:20:15,Clothing,157.97,UPI,25.0,0
TXN-909945,CUST-801,2026-08-18 01:20:15,Beauty,66.3,Debit Card,45.0,0
TXN-949901,CUST-831,2026-08-18 01:20:15,Home & Kitchen,159.53,Credit Card,34.0,0
TXN-510736,CUST-678,2026-08-18 01:20:15,Beauty,138.91,Debit Card,45.0,0
TXN-603837,CUST-284,2026-08-18 01:20:15,Books,97.89,PayPal,18.0,0
TXN-106986,CUST-834,2026-08-18 01:20:15,Books,154.08,Debit Card,25.0,1
TXN-836121,CUST-661,2026-08-18 01:20:15,Books,115.19,UPI,34.0,1
TXN-820980,CUST-167,2026-08-18 01:20:15,Clothing,162.62,PayPal,18.0,0
TXN-224986,CUST-875,2026-08-18 01:20:15,Clothing,62.78,Credit Card,25.0,0
TXN-462638,CUST-129,2026-08-18 01:20:15,Clothing,110.63,Debit Card,25.0,0
TXN-862597,CUST-530,2026-08-18 01:20:15,Clothing,133.37,PayPal,60.0,1
TXN-315393,CUST-307,2026-08-18 01:20:15,Home & Kitchen,111.98,Debit Card,52.0,0
TXN-551326,CUST-913,2026-08-18 01:20:15,Electronics,124.66,PayPal,18.0,0
TXN-365708,CUST-126,2026-08-18 01:20:15,Beauty,140.32,PayPal,45.0,0
TXN-192764,CUST-336,2026-08-18 01:20:15,Electronics,110.22,Credit Card,52.0,0
TXN-562499,CUST-949,2026-08-18 01:20:15,Home & Kitchen,138.3,Debit Card,60.0,0
TXN-327560,CUST-306,2026-08-18 01:20:15,Electronics,120.21,Credit Card,34.0,1
TXN-500717,CUST-133,2026-08-18 01:20:15,Clothing,194.26,PayPal,25.0,1
TXN-496062,CUST-755,2026-08-18 01:20:15,Beauty,197.63,Credit Card,52.0,1
TXN-340798,CUST-970,2026-08-19 01:21:50,Beauty,119.0,UPI,34.0,0
TXN-458113,CUST-204,2026-08-19 01:21:50,Books,155.58,PayPal,45.0,0
TXN-824298,CUST-981,2026-08-19 01:21:50,Books,122.65,Debit Card,60.0,0
TXN-712647,CUST-938,2026-08-19 01:21:50,Home & Kitchen,129.86,UPI,,0
TXN-905557,CUST-498,2026-08-19 01:21:50,Clothing,89.87,Credit Card,45.0,0
TXN-145778,CUST-957,2026-08-19 01:21:50,Books,108.38,UPI,52.0,0
TXN-367786,CUST-348,2026-08-19 01:21:50,Books,124.6,Credit Card,52.0,0
TXN-169678,CUST-493,2026-08-19 01:21:50,Electronics,152.37,UPI,18.0,0
TXN-255919,CUST-154,2026-08-19 01:21:50,Electronics,92.02,PayPal,,1
TXN-434185,CUST-848,2026-08-19 01:21:50,Beauty,95.99,PayPal,25.0,0
TXN-541635,CUST-252,2026-08-19 01:21:50,Beauty,116.87,Debit Card,52.0,0
TXN-333030,CUST-315,2026-08-19 01:21:50,Electronics,124.18,UPI,25.0,0
TXN-732695,CUST-371,2026-08-19 01:21:50,Beauty,101.13,Debit Card,18.0,0
TXN-680215,CUST-547,2026-08-19 01:21:50,Clothing,150.41,Credit Card,,0
TXN-677205,CUST-676,2026-08-19 01:21:50,Home & Kitchen,136.91,UPI,18.0,0
TXN-859022,CUST-720,2026-08-19 01:21:50,Home & Kitchen,129.34,UPI,,1
TXN-769798,CUST-802,2026-08-19 01:21:50,Beauty,46.18,Debit Card,25.0,0
TXN-177576,CUST-572,2026-08-19 01:21:50,Home & Kitchen,163.53,Credit Card,52.0,0
TXN-407688,CUST-996,2026-08-19 01:21:50,Beauty,138.71,UPI,34.0,1
TXN-461153,CUST-884,2026-08-19 01:21:50,Books,93.34,Credit Card,,0
TXN-254026,CUST-201,2026-08-19 01:21:50,Books,94.53,Debit Card,45.0,1
TXN-875161,CUST-498,2026-08-19 01:21:50,Electronics,138.22,UPI,34.0,0
TXN-537026,CUST-780,2026-08-19 01:21:50,Electronics,124.32,UPI,34.0,0
TXN-638912,CUST-392,2026-08-19 01:21:50,Home & Kitchen,132.26,UPI,25.0,1
TXN-498466,CUST-382,2026-08-19 01:21:50,Home & Kitchen,146.74,Debit Card,,0
TXN-955911,CUST-842,2026-08-19 01:21:50,Books,166.16,UPI,60.0,1
TXN-846700,CUST-909,2026-08-19 01:21:50,Books,106.22,UPI,45.0,0
TXN-969613,CUST-291,2026-08-19 01:21:50,Books,89.7,Debit Card,18.0,0
TXN-726382,CUST-623,2026-08-19 01:21:50,Clothing,149.28,Debit Card,45.0,1
TXN-628626,CUST-311,2026-08-19 01:21:50,Beauty,73.09,Debit Card,45.0,0
TXN-214592,CUST-337,2026-08-19 01:21:50,Electronics,43.93,Debit Card,45.0,0
TXN-333089,CUST-311,2026-08-19 01:21:50,Electronics,157.57,Debit Card,25.0,1
TXN-512206,CUST-990,2026-08-19 01:21:50,Clothing,164.91,Debit Card,18.0,0
TXN-464108,CUST-925,2026-08-19 01:21:50,Beauty,156.52,Debit Card,,1
TXN-494019,CUST-990,2026-08-19 01:21:50,Electronics,129.38,PayPal,60.0,0
TXN-684888,CUST-333,2026-08-19 01:21:50,Books,142.27,PayPal,52.0,1
TXN-987535,CUST-376,2026-08-19 01:21:50,Home & Kitchen,12.72,PayPal,45.0,0
TXN-410343,CUST-152,2026-08-19 01:21:50,Electronics,164.81,Credit Card,18.0,0
TXN-102084,CUST-990,2026-08-19 01:21:50,Home & Kitchen,60.46,UPI,34.0,0
TXN-225059,CUST-580,2026-08-19 01:21:50,Beauty,107.26,PayPal,52.0,0
TXN-256587,CUST-260,2026-08-19 01:21:50,Clothing,131.86,PayPal,25.0,0
TXN-527900,CUST-338,2026-08-19 01:21:50,Electronics,132.1,PayPal,60.0,0
TXN-832716,CUST-998,2026-08-19 01:21:50,Beauty,152.23,Debit Card,18.0,0
TXN-421979,CUST-803,2026-08-19 01:21:50,Books,125.43,Credit Card,,0
TXN-266080,CUST-589,2026-08-19 01:21:50,Beauty,105.94,PayPal,60.0,0
TXN-140235,CUST-853,2026-08-19 01:21:50,Electronics,83.18,Credit Card,52.0,0
TXN-908268,CUST-501,2026-08-19 01:21:50,Books,147.5,Credit Card,52.0,0
TXN-839047,CUST-355,2026-08-19 01:21:50,Books,145.89,Credit Card,60.0,0
TXN-114275,CUST-122,2026-08-19 01:21:50,Clothing,164.68,UPI,60.0,0
TXN-876108,CUST-635,2026-08-19 01:21:50,Books,114.62,PayPal,25.0,0
TXN-285525,CUST-733,2026-08-19 01:21:50,Books,171.66,UPI,18.0,0
TXN-624783,CUST-917,2026-08-19 01:21:50,Books,156.21,UPI,52.0,1
TXN-421935,CUST-365,2026-08-19 01:21:50,Clothing,81.55,Debit Card,34.0,1
TXN-842655,CUST-640,2026-08-19 01:21:50,Clothing,73.71,PayPal,52.0,1
TXN-688888,CUST-912,2026-08-19 01:21:50,Electronics,97.01,Debit Card,45.0,1
TXN-475929,CUST-342,2026-08-19 01:21:50,Beauty,42.64,Debit Card,34.0,0
TXN-152638,CUST-995,2026-08-19 01:21:50,Home & Kitchen,94.04,Credit Card,52.0,0
TXN-237924,CUST-135,2026-08-19 01:21:50,Home & Kitchen,43.57,Credit Card,18.0,1
TXN-254289,CUST-249,2026-08-19 01:21:50,Beauty,141.69,UPI,52.0,0
TXN-667338,CUST-170,2026-08-19 01:21:50,Books,138.82,Debit Card,,0
TXN-952042,CUST-133,2026-08-19 01:21:50,Beauty,107.74,UPI,60.0,0
TXN-290610,CUST-520,2026-08-19 01:21:50,Electronics,167.52,PayPal,60.0,0
TXN-167875,CUST-360,2026-08-19 01:21:50,Home & Kitchen,112.87,Debit Card,25.0,1
TXN-284820,CUST-851,2026-08-19 01:21:50,Home & Kitchen,71.9,UPI,34.0,0
TXN-265191,CUST-109,2026-08-19 01:21:50,Books,104.26,Debit Card,60.0,0
TXN-255622,CUST-829,2026-08-19 01:21:50,Clothing,68.3,Debit Card,60.0,0
TXN-394470,CUST-133,2026-08-19 01:21:50,Clothing,84.58,UPI,34.0,1
TXN-644874,CUST-766,2026-08-19 01:21:50,Books,160.77,UPI,25.0,0
TXN-343092,CUST-133,2026-08-19 01:21:50,Clothing,160.39,UPI,,0
TXN-390446,CUST-417,2026-08-19 01:21:50,Electronics,157.83,Credit Card,34.0,0
TXN-243749,CUST-356,2026-08-19 01:21:50,Beauty,116.66,UPI,,0
TXN-101125,CUST-132,2026-08-19 01:21:50,Electronics,115.0,Credit Card,25.0,0
TXN-392777,CUST-200,2026-08-19 01:21:50,Beauty,138.12,PayPal,52.0,0
TXN-454516,CUST-763,2026-08-19 01:21:50,Home & Kitchen,146.11,Debit Card,60.0,0
TXN-964892,CUST-196,2026-08-19 01:21:50,Home & Kitchen,97.93,UPI,45.0,0
TXN-716953,CUST-790,2026-08-19 01:21:50,Electronics,120.32,Credit Card,,0
TXN-341351,CUST-634,2026-08-19 01:21:50,Books,101.45,UPI,60.0,1
TXN-512622,CUST-480,2026-08-19 01:21:50,Beauty,169.8,Credit Card,52.0,0
TXN-745118,CUST-957,2026-08-19 01:21:50,Clothing,152.69,PayPal,25.0,1
TXN-262240,CUST-228,2026-08-19 01:21:50,Books,95.41,UPI,60.0,0
TXN-286663,CUST-412,2026-08-19 01:21:50,Clothing,141.97,Credit Card,45.0,1
TXN-508069,CUST-618,2026-08-19 01:21:50,Books,137.95,UPI,45.0,0
TXN-932186,CUST-613,2026-08-19 01:21:50,Beauty,110.97,Debit Card,18.0,1
TXN-213280,CUST-210,2026-08-19 01:21:50,Home & Kitchen,48.61,Debit Card,34.0,0
TXN-329061,CUST-301,2026-08-19 01:21:50,Electronics,19.58,UPI,34.0,1
TXN-274699,CUST-498,2026-08-19 01:21:50,Electronics,79.72,UPI,60.0,1
TXN-589325,CUST-909,2026-08-19 01:21:50,Home & Kitchen,158.38,Credit Card,60.0,1
TXN-582050,CUST-235,2026-08-19 01:21:50,Beauty,176.32,PayPal,,0
TXN-828205,CUST-928,2026-08-19 01:21:50,Books,25.3,UPI,34.0,0
TXN-820966,CUST-438,2026-08-19 01:21:50,Beauty,115.09,PayPal,25.0,1
TXN-332779,CUST-990,2026-08-19 01:21:50,Beauty,176.88,Credit Card,45.0,0
TXN-831669,CUST-995,2026-08-19 01:21:50,Home & Kitchen,153.57,UPI,52.0,0
TXN-854596,CUST-635,2026-08-19 01:21:50,Electronics,132.91,UPI,25.0,0
TXN-358320,CUST-891,2026-08-19 01:21:50,Electronics,142.42,Debit Card,60.0,0
TXN-217501,CUST-623,2026-08-19 01:21:50,Beauty,54.47,PayPal,60.0,1
TXN-771868,CUST-228,2026-08-19 01:21:50,Books,118.28,UPI,18.0,0
TXN-163552,CUST-309,2026-08-19 01:21:50,Home & Kitchen,148.62,PayPal,45.0,0
TXN-486527,CUST-610,2026-08-19 01:21:50,Books,101.67,PayPal,18.0,1
TXN-655827,CUST-580,2026-08-19 01:21:50,Home & Kitchen,41.53,PayPal,60.0,0
TXN-591987,CUST-807,2026-08-19 01:21:50,Beauty,109.23,PayPal,,0
TXN-616117,CUST-200,2026-08-19 01:21:50,Electronics,143.46,PayPal,52.0,0
TXN-403251,CUST-470,2026-08-19 01:21:50,Beauty,180.08,PayPal,52.0,0
TXN-774519,CUST-930,2026-08-19 01:21:50,Books,161.81,Debit Card,25.0,0
TXN-563519,CUST-334,2026-08-19 01:21:50,Books,106.01,PayPal,45.0,0
TXN-976492,CUST-934,2026-08-20 01:21:32,Books,126.79,PayPal,45.0,0
TXN-424430,CUST-586,2026-08-20 01:21:32,Electronics,142.26,Debit Card,52.0,0
TXN-482142,CUST-871,2026-08-20 01:21:32,Books,82.81,PayPal,,0
TXN-983790,CUST-903,2026-08-20 01:21:32,Electronics,152.52,PayPal,45.0,0
TXN-349262,CUST-527,2026-08-20 01:21:32,Clothing,79.74,PayPal,34.0,0
TXN-330553,CUST-114,2026-08-20 01:21:32,Beauty,103.52,Debit Card,52.0,0
TXN-294545,CUST-374,2026-08-20 01:21:32,Clothing,231.85,Debit Card,45.0,1
TXN-382870,CUST-160,2026-08-20 01:21:32,Home & Kitchen,101.83,Credit Card,25.0,0
TXN-719460,CUST-105,2026-08-20 01:21:32,Books,193.65,Credit Card,60.0,0
TXN-783067,CUST-664,2026-08-20 01:21:32,Clothing,58.78,Debit Card,34.0,0
TXN-313433,CUST-911,2026-08-20 01:21:32,Clothing,93.98,Debit Card,25.0,0
TXN-135021,CUST-350,2026-08-20 01:21:32,Clothing,155.35,PayPal,34.0,0
TXN-772750,CUST-268,2026-08-20 01:21:32,Beauty,124.96,Credit Card,45.0,0
TXN-934873,CUST-440,2026-08-20 01:21:32,Electronics,58.46,PayPal,45.0,1
TXN-156698,CUST-470,2026-08-20 01:21:32,Beauty,55.8,Debit Card,52.0,0
TXN-850267,CUST-440,2026-08-20 01:21:32,Electronics,123.27,Credit Card,60.0,1
TXN-446415,CUST-715,2026-08-20 01:21:32,Home & Kitchen,94.52,Credit Card,25.0,0
TXN-787394,CUST-863,2026-08-20 01:21:32,Electronics,88.75,UPI,25.0,0
TXN-275981,CUST-610,2026-08-20 01:21:32,Clothing,165.25,UPI,52.0,1
TXN-585238,CUST-787,2026-08-20 01:21:32,Books,109.01,PayPal,18.0,0
TXN-175513,CUST-377,2026-08-20 01:21:32,Clothing,108.38,Credit Card,52.0,0
TXN-424956,CUST-844,2026-08-20 01:21:32,Clothing,126.11,Credit Card,34.0,0
TXN-379656,CUST-657,2026-08-20 01:21:32,Books,112.42,Credit Card,45.0,0
TXN-958914,CUST-428,2026-08-20 01:21:32,Clothing,97.44,Credit Card,52.0,0
TXN-587895,CUST-485,2026-08-20 01:21:32,Electronics,112.08,Credit Card,60.0,0
TXN-656238,CUST-406,2026-08-20 01:21:32,Books,144.01,UPI,,0
TXN-687076,CUST-377,2026-08-20 01:21:32,Clothing,47.9,PayPal,34.0,0
TXN-989854,CUST-854,2026-08-20 01:21:32,Beauty,132.78,Debit Card,25.0,1
TXN-594570,CUST-972,2026-08-20 01:21:32,Beauty,135.95,PayPal,34.0,1
TXN-280816,CUST-436,2026-08-20 01:21:32,Clothing,88.14,Credit Card,,0
TXN-262255,CUST-962,2026-08-20 01:21:32,Electronics,122.23,Debit Card,25.0,0
TXN-413125,CUST-565,2026-08-20 01:21:32,Clothing,112.88,UPI,,0
TXN-992580,CUST-953,2026-08-20 01:21:32,Electronics,57.01,UPI,45.0,0
TXN-737961,CUST-636,2026-08-20 01:21:32,Books,162.0,Credit Card,34.0,0
TXN-265940,CUST-253,2026-08-20 01:21:32,Clothing,90.74,PayPal,18.0,0
TXN-504984,CUST-326,2026-08-20 01:21:32,Clothing,127.84,PayPal,18.0,0
TXN-738140,CUST-787,2026-08-20 01:21:32,Books,109.67,Credit Card,52.0,0
TXN-384138,CUST-924,2026-08-20 01:21:32,Electronics,106.13,PayPal,45.0,0
TXN-888753,CUST-863,2026-08-20 01:21:32,Beauty,66.57,UPI,,1
TXN-665607,CUST-707,2026-08-20 01:21:32,Clothing,52.52,Debit Card,18.0,1
TXN-299996,CUST-587,2026-08-20 01:21:32,Clothing,100.5,UPI,60.0,1
TXN-984015,CUST-924,2026-08-20 01:21:32,Home & Kitchen,145.27,Credit Card,52.0,0
TXN-375564,CUST-688,2026-08-20 01:21:32,Beauty,135.18,Credit Card,34.0,0
TXN-636454,CUST-119,2026-08-20 01:21:32,Books,108.6,Credit Card,45.0,1
TXN-754132,CUST-882,2026-08-20 01:21:32,Home & Kitchen,97.01,UPI,25.0,0
TXN-831900,CUST-312,2026-08-20 01:21:32,Electronics,108.38,PayPal,,0
TXN-639932,CUST-949,2026-08-20 01:21:32,Home & Kitchen,88.92,Debit Card,52.0,0
TXN-542789,CUST-983,2026-08-20 01:21:32,Home & Kitchen,84.83,Debit Card,52.0,1
TXN-838718,CUST-355,2026-08-20 01:21:32,Clothing,137.53,UPI,45.0,0
TXN-567119,CUST-990,2026-08-20 01:21:32,Books,167.99,Credit Card,45.0,1
TXN-488133,CUST-364,2026-08-20 01:21:32,Clothing,85.8,Credit Card,34.0,1
TXN-991496,CUST-972,2026-08-20 01:21:32,Clothing,176.0,Credit Card,25.0,0
TXN-935278,CUST-663,2026-08-20 01:21:32,Books,134.87,PayPal,34.0,0
TXN-374302,CUST-114,2026-08-20 01:21:32,Electronics,112.95,Credit Card,18.0,0
TXN-660344,CUST-667,2026-08-20 01:21:32,Home & Kitchen,70.04,UPI,25.0,1
TXN-833735,CUST-541,2026-08-20 01:21:32,Beauty,167.9,PayPal,18.0,1
TXN-508050,CUST-774,2026-08-20 01:21:32,Home & Kitchen,141.84,UPI,45.0,0
TXN-553358,CUST-973,2026-08-20 01:21:32,Books,104.97,Credit Card,18.0,0
TXN-384563,CUST-900,2026-08-20 01:21:32,Clothing,116.88,Credit Card,25.0,0
TXN-920401,CUST-268,2026-08-20 01:21:32,Electronics,101.27,Credit Card,,0
TXN-288094,CUST-565,2026-08-20 01:21:32,Electronics,84.07,UPI,52.0,0
TXN-717451,CUST-454,2026-08-20 01:21:32,Beauty,158.98,Credit Card,60.0,0
TXN-171256,CUST-900,2026-08-20 01:21:32,Clothing,132.9,PayPal,60.0,1
TXN-793981,CUST-813,2026-08-20 01:21:32,Books,196.85,PayPal,34.0,0
TXN-933194,CUST-834,2026-08-20 01:21:32,Clothing,122.02,Credit Card,45.0,0
TXN-695804,CUST-845,2026-08-20 01:21:32,Clothing,128.28,PayPal,,1
TXN-231961,CUST-198,2026-08-20 01:21:32,Books,101.74,Credit Card,25.0,0
TXN-179925,CUST-828,2026-08-20 01:21:32,Books,157.48,PayPal,25.0,0
TXN-835753,CUST-206,2026-08-20 01:21:32,Home & Kitchen,136.71,UPI,60.0,0
TXN-129966,CUST-537,2026-08-20 01:21:32,Beauty,244.78,UPI,25.0,1
TXN-866292,CUST-282,2026-08-20 01:21:32,Electronics,91.08,PayPal,45.0,0
TXN-345332,CUST-623,2026-08-20 01:21:32,Beauty,109.25,UPI,52.0,0
TXN-499858,CUST-828,2026-08-20 01:21:32,Beauty,111.17,PayPal,34.0,0
TXN-508517,CUST-114,2026-08-20 01:21:32,Electronics,94.09,Debit Card,,1
TXN-905438,CUST-198,2026-08-20 01:21:32,Electronics,116.4,UPI,,0
TXN-971291,CUST-295,2026-08-20 01:21:32,Clothing,133.51,PayPal,60.0,0
TXN-247771,CUST-787,2026-08-20 01:21:32,Beauty,195.2,UPI,,0
TXN-756493,CUST-860,2026-08-20 01:21:32,Books,36.97,Debit Card,34.0,0
TXN-775178,CUST-527,2026-08-20 01:21:32,Electronics,131.78,PayPal,52.0,0
TXN-794734,CUST-400,2026-08-20 01:21:32,Beauty,156.39,Debit Card,34.0,1
TXN-901722,CUST-226,2026-08-20 01:21:32,Books,206.39,UPI,52.0,0
TXN-615908,CUST-464,2026-08-20 01:21:32,Home & Kitchen,92.75,Credit Card,25.0,0
TXN-402382,CUST-773,2026-08-20 01:21:32,Beauty,127.89,Credit Card,25.0,0
TXN-308933,CUST-253,2026-08-20 01:21:32,Clothing,97.78,PayPal,60.0,0
TXN-589959,CUST-267,2026-08-20 01:21:32,Beauty,108.51,Debit Card,45.0,0
TXN-593172,CUST-156,2026-08-20 01:21:32,Electronics,152.25,Debit Card,45.0,0
TXN-144821,CUST-289,2026-08-20 01:21:32,Books,76.44,Debit Card,25.0,0
TXN-240075,CUST-715,2026-08-20 01:21:32,Beauty,165.99,PayPal,34.0,0
TXN-163691,CUST-175,2026-08-20 01:21:32,Clothing,143.62,PayPal,52.0,0
TXN-880356,CUST-949,2026-08-20 01:21:32,Clothing,124.88,UPI,18.0,0
TXN-182618,CUST-709,2026-08-20 01:21:32,Beauty,154.82,Credit Card,25.0,1
TXN-690158,CUST-994,2026-08-20 01:21:32,Clothing,116.14,Credit Card,60.0,0
TXN-854885,CUST-594,2026-08-20 01:21:32,Beauty,141.51,PayPal,34.0,0
TXN-697127,CUST-465,2026-08-20 01:21:32,Books,127.12,Debit Card,52.0,0
TXN-870360,CUST-439,2026-08-20 01:21:32,Electronics,61.73,UPI,25.0,0
TXN-132187,CUST-365,2026-08-20 01:21:32,Clothing,169.25,UPI,25.0,0
TXN-111727,CUST-374,2026-08-20 01:21:32,Electronics,180.82,UPI,34.0,0
TXN-713712,CUST-125,2026-08-20 01:21:32,Home & Kitchen,132.62,Debit Card,45.0,0
TXN-697090,CUST-324,2026-08-20 01:21:32,Clothing,116.46,Credit Card,52.0,0
TXN-940404,CUST-538,2026-08-20 01:21:32,Books,102.16,UPI,18.0,0
TXN-381938,CUST-104,2026-08-20 01:21:32,Books,152.48,Credit Card,,0
TXN-170728,CUST-956,2026-08-20 01:21:32,Home & Kitchen,77.47,PayPal,18.0,1
TXN-894913,CUST-904,2026-08-20 01:21:32,Books,94.61,UPI,52.0,0
TXN-853881,CUST-143,2026-08-20 01:21:32,Home & Kitchen,97.56,UPI,18.0,1
TXN-539374,CUST-198,2026-08-20 01:21:32,Clothing,73.66,PayPal,45.0,0
TXN-776651,CUST-496,2026-08-20 01:21:32,Electronics,65.06,UPI,52.0,0
TXN-344339,CUST-325,2026-08-20 01:21:32,Home & Kitchen,103.82,Credit Card,60.0,0
TXN-657330,CUST-966,2026-08-20 01:21:32,Home & Kitchen,92.85,UPI,25.0,0
TXN-493585,CUST-427,2026-08-20 01:21:32,Books,116.39,UPI,60.0,0
TXN-488757,CUST-806,2026-08-20 01:21:32,Clothing,152.06,PayPal,52.0,0
TXN-286665,CUST-686,2026-08-20 01:21:32,Books,102.53,Credit Card,60.0,0
TXN-627006,CUST-878,2026-08-20 01:21:32,Clothing,57.99,PayPal,52.0,0
TXN-272017,CUST-770,2026-08-20 01:21:32,Books,186.18,UPI,18.0,0
TXN-731104,CUST-397,2026-08-20 01:21:32,Electronics,134.21,PayPal,52.0,1
TXN-772450,CUST-201,2026-08-20 01:21:32,Home & Kitchen,132.65,UPI,52.0,0
TXN-275445,CUST-773,2026-08-20 01:21:32,Clothing,58.13,UPI,45.0,0
TXN-145193,CUST-724,2026-08-20 01:21:32,Beauty,107.95,Credit Card,25.0,0
TXN-192786,CUST-649,2026-08-20 01:21:32,Electronics,157.26,Credit Card,18.0,1
TXN-844085,CUST-527,2026-08-20 01:21:32,Beauty,185.56,UPI,34.0,0
TXN-262110,CUST-796,2026-08-20 01:21:32,Electronics,91.41,PayPal,52.0,1
TXN-437653,CUST-242,2026-08-20 01:21:32,Beauty,145.56,Debit Card,60.0,0
TXN-892371,CUST-453,2026-08-20 01:21:32,Home & Kitchen,126.93,Debit Card,45.0,0
TXN-317865,CUST-724,2026-08-20 01:21:32,Electronics,180.3,Credit Card,18.0,0
TXN-528146,CUST-406,2026-08-20 01:21:32,Beauty,85.35,UPI,60.0,0
TXN-256777,CUST-143,2026-08-20 01:21:32,Beauty,132.39,UPI,45.0,0
TXN-651043,CUST-439,2026-08-20 01:21:32,Beauty,168.83,PayPal,52.0,1
TXN-705386,CUST-973,2026-08-20 01:21:32,Home & Kitchen,88.93,Debit Card,45.0,0
TXN-522347,CUST-364,2026-08-20 01:21:32,Clothing,162.95,PayPal,34.0,1
TXN-878148,CUST-875,2026-08-20 01:21:32,Clothing,179.11,Credit Card,45.0,0
TXN-696719,CUST-418,2026-08-20 01:21:32,Electronics,127.73,Debit Card,52.0,0
TXN-303364,CUST-291,2026-08-20 01:21:32,Home & Kitchen,150.22,PayPal,45.0,1
TXN-371304,CUST-512,2026-08-20 01:21:32,Beauty,144.49,UPI,18.0,0
TXN-709886,CUST-102,2026-08-20 01:21:32,Beauty,154.9,Debit Card,52.0,1
TXN-724087,CUST-805,2026-08-20 01:21:32,Home & Kitchen,102.96,Debit Card,25.0,0
TXN-129186,CUST-652,2026-08-20 01:21:32,Electronics,110.7,Credit Card,45.0,0
TXN-944550,CUST-974,2026-08-20 01:21:32,Books,157.26,UPI,18.0,0
TXN-660783,CUST-688,2026-08-20 01:21:32,Books,75.25,Credit Card,60.0,0
TXN-243118,CUST-878,2026-08-20 01:21:32,Clothing,125.89,Debit Card,52.0,0
TXN-543363,CUST-253,2026-08-20 01:21:32,Beauty,111.51,Credit Card,18.0,0
TXN-351956,CUST-105,2026-08-20 01:21:32,Electronics,71.79,PayPal,,0
TXN-474861,CUST-277,2026-08-20 01:21:32,Home & Kitchen,126.39,Credit Card,34.0,0
TXN-353810,CUST-711,2026-08-20 01:21:32,Electronics,54.68,Credit Card,,1
